,country_name,year,consumption,coffee_type,production_month
0,Angola,1990/91,20.0,(R/A),April
1,Bolivia,1990/91,25.0,(A),April
2,Brazil,1990/91,8200.0,(A/R),April
3,Burundi,1990/91,2.0,(A),April
4,Ecuador,1990/91,350.0,(A/R),April
5,Indonesia,1990/91,1242.0,(R/A),April
6,Madagascar,1990/91,350.0,(R),April
7,Malawi,1990/91,2.0,(A),April
8,Papua New Guinea,1990/91,3.0,(A/R),April
9,Paraguay,1990/91,15.0,(A),April
10,Peru,1990/91,190.0,(A),April
11,Rwanda,1990/91,1.0,(A),April
12,Timor-Leste,1990/91,,(A),April
13,Zimbabwe,1990/91,8.0,(A),April
16,"Congo, Rep. of",1990/91,3.0,(R),July
17,Cuba,1990/91,213.0,(A),July
18,Dominican Republic,1990/91,320.0,(A),July
19,Haiti,1990/91,220.0,(A),July
20,Philippines,1990/91,720.0,(R/A),July
21,Tanzania,1990/91,4.0,(A/R),July
22,Zambia,1990/91,1.5,(A),July
25,Benin,1990/91,0.0,(R),October
26,Cameroon,1990/91,83.3,(R/A),October
27,Central African Republic,1990/91,28.0,(R),October
28,Colombia,1990/91,1235.0,(A),October
29,"Congo, Dem. Rep. of",1990/91,200.0,(R/A),October
30,Costa Rica,1990/91,375.0,(A),October
31,Côte d'Ivoire,1990/91,50.0,(R),October
32,El Salvador,1990/91,180.0,(A),October
33,Equatorial Guinea,1990/91,0.0,(R),October
34,Ethiopia,1990/91,1200.0,(A),October
35,Gabon,1990/91,1.7,(R),October
36,Ghana,1990/91,17.0,(R),October
37,Guatemala,1990/91,300.0,(A/R),October
38,Guinea,1990/91,25.0,(R),October
39,Guyana,1990/91,,(R),October
40,Honduras,1990/91,188.154,(A),October
41,India,1990/91,903.0,(R/A),October
42,Jamaica,1990/91,7.0,(A),October
43,Kenya,1990/91,50.0,(A),October
44,"Lao, People's Dem. Rep. of",1990/91,,(R),October
45,Liberia,1990/91,3.0,(R),October
46,Mexico,1990/91,1374.0,(A),October
47,Nepal,1990/91,,(A),October
48,Nicaragua,1990/91,34.0,(A),October
49,Nigeria,1990/91,27.5,(R),October
50,Panama,1990/91,63.0,(A),October
51,Sierra Leone,1990/91,9.0,(R),October
52,Sri Lanka,1990/91,66.667,(R),October
53,Thailand,1990/91,188.0,(R/A),October
54,Togo,1990/91,1.0,(R),October
55,Trinidad & Tobago,1990/91,8.0,(R),October
56,Uganda,1990/91,70.0,(R/A),October
57,Venezuela,1990/91,782.39,(A),October
58,Vietnam,1990/91,150.0,(R/A),October
59,Yemen,1990/91,,(A),October
60,Angola,1991/92,30.0,(R/A),April
61,Bolivia,1991/92,30.0,(A),April
62,Brazil,1991/92,8500.0,(A/R),April
63,Burundi,1991/92,1.6,(A),April
64,Ecuador,1991/92,350.0,(A/R),April
65,Indonesia,1991/92,1280.0,(R/A),April
66,Madagascar,1991/92,300.0,(R),April
67,Malawi,1991/92,2.0,(A),April
68,Papua New Guinea,1991/92,3.0,(A/R),April
69,Paraguay,1991/92,15.0,(A),April
70,Peru,1991/92,190.0,(A),April
71,Rwanda,1991/92,1.0,(A),April
72,Timor-Leste,1991/92,,(A),April
73,Zimbabwe,1991/92,8.0,(A),April
76,"Congo, Rep. of",1991/92,2.667,(R),July
77,Cuba,1991/92,213.0,(A),July
78,Dominican Republic,1991/92,320.0,(A),July
79,Haiti,1991/92,330.0,(A),July
80,Philippines,1991/92,750.0,(R/A),July
81,Tanzania,1991/92,3.5,(A/R),July
82,Zambia,1991/92,1.5,(A),July
85,Benin,1991/92,0.0,(R),October
86,Cameroon,1991/92,83.333,(R/A),October
87,Central African Republic,1991/92,28.0,(R),October
88,Colombia,1991/92,1400.0,(A),October
89,"Congo, Dem. Rep. of",1991/92,200.0,(R/A),October
90,Costa Rica,1991/92,375.0,(A),October
91,Côte d'Ivoire,1991/92,50.0,(R),October
92,El Salvador,1991/92,180.0,(A),October
93,Equatorial Guinea,1991/92,0.0,(R),October
94,Ethiopia,1991/92,1264.0,(A),October
95,Gabon,1991/92,1.0,(R),October
96,Ghana,1991/92,17.0,(R),October
97,Guatemala,1991/92,300.0,(A/R),October
98,Guinea,1991/92,25.0,(R),October
99,Guyana,1991/92,,(R),October
100,Honduras,1991/92,257.1,(A),October
101,India,1991/92,916.667,(R/A),October
102,Jamaica,1991/92,11.0,(A),October
103,Kenya,1991/92,50.0,(A),October
104,"Lao, People's Dem. Rep. of",1991/92,,(R),October
105,Liberia,1991/92,3.0,(R),October
106,Mexico,1991/92,1200.0,(A),October
107,Nepal,1991/92,,(A),October
108,Nicaragua,1991/92,138.0,(A),October
109,Nigeria,1991/92,35.75,(R),October
110,Panama,1991/92,67.0,(A),October
111,Sierra Leone,1991/92,9.0,(R),October
112,Sri Lanka,1991/92,67.0,(R),October
113,Thailand,1991/92,220.0,(R/A),October
114,Togo,1991/92,1.0,(R),October
115,Trinidad & Tobago,1991/92,11.5,(R),October
116,Uganda,1991/92,75.0,(R/A),October
117,Venezuela,1991/92,815.48,(A),October
118,Vietnam,1991/92,230.0,(R/A),October
119,Yemen,1991/92,,(A),October
120,Angola,1992/93,35.0,(R/A),April
121,Bolivia,1992/93,30.0,(A),April
122,Brazil,1992/93,8900.0,(A/R),April
123,Burundi,1992/93,1.7,(A),April
124,Ecuador,1992/93,350.0,(A/R),April
125,Indonesia,1992/93,1319.0,(R/A),April
126,Madagascar,1992/93,350.0,(R),April
127,Malawi,1992/93,2.0,(A),April
128,Papua New Guinea,1992/93,3.0,(A/R),April
129,Paraguay,1992/93,15.0,(A),April
130,Peru,1992/93,200.0,(A),April
131,Rwanda,1992/93,1.0,(A),April
132,Timor-Leste,1992/93,,(A),April
133,Zimbabwe,1992/93,8.0,(A),April
136,"Congo, Rep. of",1992/93,2.667,(R),July
137,Cuba,1992/93,195.0,(A),July
138,Dominican Republic,1992/93,320.0,(A),July
139,Haiti,1992/93,330.0,(A),July
140,Philippines,1992/93,750.0,(R/A),July
141,Tanzania,1992/93,19.2,(A/R),July
142,Zambia,1992/93,1.432,(A),July
145,Benin,1992/93,0.0,(R),October
146,Cameroon,1992/93,83.333,(R/A),October
147,Central African Republic,1992/93,28.0,(R),October
148,Colombia,1992/93,1300.0,(A),October
149,"Congo, Dem. Rep. of",1992/93,200.0,(R/A),October
150,Costa Rica,1992/93,375.0,(A),October
151,Côte d'Ivoire,1992/93,50.0,(R),October
152,El Salvador,1992/93,230.0,(A),October
153,Equatorial Guinea,1992/93,0.0,(R),October
154,Ethiopia,1992/93,1331.0,(A),October
155,Gabon,1992/93,0.8,(R),October
156,Ghana,1992/93,17.0,(R),October
157,Guatemala,1992/93,300.0,(A/R),October
158,Guinea,1992/93,62.5,(R),October
159,Guyana,1992/93,,(R),October
160,Honduras,1992/93,240.0,(A),October
161,India,1992/93,917.0,(R/A),October
162,Jamaica,1992/93,6.0,(A),October
163,Kenya,1992/93,50.0,(A),October
164,"Lao, People's Dem. Rep. of",1992/93,,(R),October
165,Liberia,1992/93,3.0,(R),October
166,Mexico,1992/93,1300.0,(A),October
167,Nepal,1992/93,,(A),October
168,Nicaragua,1992/93,65.6,(A),October
169,Nigeria,1992/93,35.75,(R),October
170,Panama,1992/93,67.0,(A),October
171,Sierra Leone,1992/93,9.0,(R),October
172,Sri Lanka,1992/93,28.0,(R),October
173,Thailand,1992/93,233.0,(R/A),October
174,Togo,1992/93,1.0,(R),October
175,Trinidad & Tobago,1992/93,10.0,(R),October
176,Uganda,1992/93,75.0,(R/A),October
177,Venezuela,1992/93,849.97,(A),October
178,Vietnam,1992/93,250.0,(R/A),October
179,Yemen,1992/93,,(A),October
180,Angola,1993/94,20.0,(R/A),April
181,Bolivia,1993/94,35.0,(A),April
182,Brazil,1993/94,9100.0,(A/R),April
183,Burundi,1993/94,1.91,(A),April
184,Ecuador,1993/94,350.0,(A/R),April
185,Indonesia,1993/94,1359.0,(R/A),April
186,Madagascar,1993/94,360.0,(R),April
187,Malawi,1993/94,2.0,(A),April
188,Papua New Guinea,1993/94,2.0,(A/R),April
189,Paraguay,1993/94,20.0,(A),April
190,Peru,1993/94,200.0,(A),April
191,Rwanda,1993/94,1.0,(A),April
192,Timor-Leste,1993/94,,(A),April
193,Zimbabwe,1993/94,8.333,(A),April
196,"Congo, Rep. of",1993/94,3.0,(R),July
197,Cuba,1993/94,194.1,(A),July
198,Dominican Republic,1993/94,320.0,(A),July
199,Haiti,1993/94,330.0,(A),July
200,Philippines,1993/94,770.0,(R/A),July
201,Tanzania,1993/94,17.5,(A/R),July
202,Zambia,1993/94,1.0,(A),July
205,Benin,1993/94,0.0,(R),October
206,Cameroon,1993/94,100.0,(R/A),October
207,Central African Republic,1993/94,25.0,(R),October
208,Colombia,1993/94,1400.0,(A),October
209,"Congo, Dem. Rep. of",1993/94,200.0,(R/A),October
210,Costa Rica,1993/94,375.0,(A),October
211,Côte d'Ivoire,1993/94,50.0,(R),October
212,El Salvador,1993/94,230.0,(A),October
213,Equatorial Guinea,1993/94,0.0,(R),October
214,Ethiopia,1993/94,1402.0,(A),October
215,Gabon,1993/94,0.8,(R),October
216,Ghana,1993/94,17.0,(R),October
217,Guatemala,1993/94,310.0,(A/R),October
218,Guinea,1993/94,33.0,(R),October
219,Guyana,1993/94,,(R),October
220,Honduras,1993/94,230.0,(A),October
221,India,1993/94,833.333,(R/A),October
222,Jamaica,1993/94,9.6,(A),October
223,Kenya,1993/94,50.0,(A),October
224,"Lao, People's Dem. Rep. of",1993/94,,(R),October
225,Liberia,1993/94,5.0,(R),October
226,Mexico,1993/94,1070.0,(A),October
227,Nepal,1993/94,,(A),October
228,Nicaragua,1993/94,108.9,(A),October
229,Nigeria,1993/94,40.0,(R),October
230,Panama,1993/94,67.0,(A),October
231,Sierra Leone,1993/94,5.0,(R),October
232,Sri Lanka,1993/94,20.0,(R),October
233,Thailand,1993/94,250.0,(R/A),October
234,Togo,1993/94,1.0,(R),October
235,Trinidad & Tobago,1993/94,10.0,(R),October
236,Uganda,1993/94,75.0,(R/A),October
237,Venezuela,1993/94,885.93,(A),October
238,Vietnam,1993/94,267.0,(R/A),October
239,Yemen,1993/94,,(A),October
240,Angola,1994/95,25.0,(R/A),April
241,Bolivia,1994/95,35.0,(A),April
242,Brazil,1994/95,9300.0,(A/R),April
243,Burundi,1994/95,2.0,(A),April
244,Ecuador,1994/95,350.0,(A/R),April
245,Indonesia,1994/95,1400.0,(R/A),April
246,Madagascar,1994/95,166.666,(R),April
247,Malawi,1994/95,2.0,(A),April
248,Papua New Guinea,1994/95,2.0,(A/R),April
249,Paraguay,1994/95,20.0,(A),April
250,Peru,1994/95,200.0,(A),April
251,Rwanda,1994/95,1.0,(A),April
252,Timor-Leste,1994/95,,(A),April
253,Zimbabwe,1994/95,8.333,(A),April
256,"Congo, Rep. of",1994/95,3.0,(R),July
257,Cuba,1994/95,194.0,(A),July
258,Dominican Republic,1994/95,330.0,(A),July
259,Haiti,1994/95,330.0,(A),July
260,Philippines,1994/95,790.0,(R/A),July
261,Tanzania,1994/95,17.5,(A/R),July
262,Zambia,1994/95,1.5,(A),July
265,Benin,1994/95,0.0,(R),October
266,Cameroon,1994/95,100.0,(R/A),October
267,Central African Republic,1994/95,15.0,(R),October
268,Colombia,1994/95,1375.0,(A),October
269,"Congo, Dem. Rep. of",1994/95,200.0,(R/A),October
270,Costa Rica,1994/95,375.0,(A),October
271,Côte d'Ivoire,1994/95,50.0,(R),October
272,El Salvador,1994/95,230.0,(A),October
273,Equatorial Guinea,1994/95,0.0,(R),October
274,Ethiopia,1994/95,1476.0,(A),October
275,Gabon,1994/95,1.0,(R),October
276,Ghana,1994/95,28.0,(R),October
277,Guatemala,1994/95,310.0,(A/R),October
278,Guinea,1994/95,50.0,(R),October
279,Guyana,1994/95,,(R),October
280,Honduras,1994/95,253.0,(A),October
281,India,1994/95,833.333,(R/A),October
282,Jamaica,1994/95,15.0,(A),October
283,Kenya,1994/95,50.0,(A),October
284,"Lao, People's Dem. Rep. of",1994/95,,(R),October
285,Liberia,1994/95,5.0,(R),October
286,Mexico,1994/95,1020.0,(A),October
287,Nepal,1994/95,,(A),October
288,Nicaragua,1994/95,89.6,(A),October
289,Nigeria,1994/95,40.0,(R),October
290,Panama,1994/95,76.667,(A),October
291,Sierra Leone,1994/95,5.0,(R),October
292,Sri Lanka,1994/95,20.0,(R),October
293,Thailand,1994/95,283.0,(R/A),October
294,Togo,1994/95,1.0,(R),October
295,Trinidad & Tobago,1994/95,14.0,(R),October
296,Uganda,1994/95,80.0,(R/A),October
297,Venezuela,1994/95,923.4,(A),October
298,Vietnam,1994/95,267.0,(R/A),October
299,Yemen,1994/95,,(A),October
300,Angola,1995/96,10.0,(R/A),April
301,Bolivia,1995/96,40.0,(A),April
302,Brazil,1995/96,10100.0,(A/R),April
303,Burundi,1995/96,2.0,(A),April
304,Ecuador,1995/96,350.0,(A/R),April
305,Indonesia,1995/96,1443.0,(R/A),April
306,Madagascar,1995/96,167.0,(R),April
307,Malawi,1995/96,2.0,(A),April
308,Papua New Guinea,1995/96,2.0,(A/R),April
309,Paraguay,1995/96,20.0,(A),April
310,Peru,1995/96,200.0,(A),April
311,Rwanda,1995/96,1.0,(A),April
312,Timor-Leste,1995/96,,(A),April
313,Zimbabwe,1995/96,6.6,(A),April
316,"Congo, Rep. of",1995/96,3.0,(R),July
317,Cuba,1995/96,194.0,(A),July
318,Dominican Republic,1995/96,350.0,(A),July
319,Haiti,1995/96,330.0,(A),July
320,Philippines,1995/96,810.0,(R/A),July
321,Tanzania,1995/96,13.6,(A/R),July
322,Zambia,1995/96,0.6,(A),July
325,Benin,1995/96,0.0,(R),October
326,Cameroon,1995/96,100.0,(R/A),October
327,Central African Republic,1995/96,10.0,(R),October
328,Colombia,1995/96,1500.0,(A),October
329,"Congo, Dem. Rep. of",1995/96,200.0,(R/A),October
330,Costa Rica,1995/96,375.0,(A),October
331,Côte d'Ivoire,1995/96,50.0,(R),October
332,El Salvador,1995/96,270.0,(A),October
333,Equatorial Guinea,1995/96,0.0,(R),October
334,Ethiopia,1995/96,1555.0,(A),October
335,Gabon,1995/96,0.8,(R),October
336,Ghana,1995/96,28.0,(R),October
337,Guatemala,1995/96,310.0,(A/R),October
338,Guinea,1995/96,50.0,(R),October
339,Guyana,1995/96,,(R),October
340,Honduras,1995/96,161.0,(A),October
341,India,1995/96,833.333,(R/A),October
342,Jamaica,1995/96,15.0,(A),October
343,Kenya,1995/96,50.0,(A),October
344,"Lao, People's Dem. Rep. of",1995/96,,(R),October
345,Liberia,1995/96,5.0,(R),October
346,Mexico,1995/96,1179.0,(A),October
347,Nepal,1995/96,,(A),October
348,Nicaragua,1995/96,111.5,(A),October
349,Nigeria,1995/96,40.0,(R),October
350,Panama,1995/96,76.667,(A),October
351,Sierra Leone,1995/96,8.0,(R),October
352,Sri Lanka,1995/96,20.0,(R),October
353,Thailand,1995/96,417.0,(R/A),October
354,Togo,1995/96,1.0,(R),October
355,Trinidad & Tobago,1995/96,14.0,(R),October
356,Uganda,1995/96,80.0,(R/A),October
357,Venezuela,1995/96,962.46,(A),October
358,Vietnam,1995/96,281.845,(R/A),October
359,Yemen,1995/96,,(A),October
360,Angola,1996/97,20.0,(R/A),April
361,Bolivia,1996/97,40.0,(A),April
362,Brazil,1996/97,11000.0,(A/R),April
363,Burundi,1996/97,2.0,(A),April
364,Ecuador,1996/97,300.0,(A/R),April
365,Indonesia,1996/97,1486.0,(R/A),April
366,Madagascar,1996/97,167.0,(R),April
367,Malawi,1996/97,2.0,(A),April
368,Papua New Guinea,1996/97,2.0,(A/R),April
369,Paraguay,1996/97,20.0,(A),April
370,Peru,1996/97,200.0,(A),April
371,Rwanda,1996/97,1.0,(A),April
372,Timor-Leste,1996/97,,(A),April
373,Zimbabwe,1996/97,4.0,(A),April
376,"Congo, Rep. of",1996/97,3.0,(R),July
377,Cuba,1996/97,189.0,(A),July
378,Dominican Republic,1996/97,325.0,(A),July
379,Haiti,1996/97,330.0,(A),July
380,Philippines,1996/97,831.0,(R/A),July
381,Tanzania,1996/97,16.6,(A/R),July
382,Zambia,1996/97,1.0,(A),July
385,Benin,1996/97,0.0,(R),October
386,Cameroon,1996/97,100.0,(R/A),October
387,Central African Republic,1996/97,10.0,(R),October
388,Colombia,1996/97,1600.0,(A),October
389,"Congo, Dem. Rep. of",1996/97,200.0,(R/A),October
390,Costa Rica,1996/97,375.0,(A),October
391,Côte d'Ivoire,1996/97,50.0,(R),October
392,El Salvador,1996/97,230.0,(A),October
393,Equatorial Guinea,1996/97,0.0,(R),October
394,Ethiopia,1996/97,1637.0,(A),October
395,Gabon,1996/97,0.833,(R),October
396,Ghana,1996/97,3.0,(R),October
397,Guatemala,1996/97,300.0,(A/R),October
398,Guinea,1996/97,50.0,(R),October
399,Guyana,1996/97,,(R),October
400,Honduras,1996/97,167.924,(A),October
401,India,1996/97,833.333,(R/A),October
402,Jamaica,1996/97,18.0,(A),October
403,Kenya,1996/97,50.0,(A),October
404,"Lao, People's Dem. Rep. of",1996/97,,(R),October
405,Liberia,1996/97,5.0,(R),October
406,Mexico,1996/97,1235.0,(A),October
407,Nepal,1996/97,,(A),October
408,Nicaragua,1996/97,95.37,(A),October
409,Nigeria,1996/97,40.0,(R),October
410,Panama,1996/97,76.667,(A),October
411,Sierra Leone,1996/97,8.0,(R),October
412,Sri Lanka,1996/97,20.0,(R),October
413,Thailand,1996/97,333.0,(R/A),October
414,Togo,1996/97,1.0,(R),October
415,Trinidad & Tobago,1996/97,14.0,(R),October
416,Uganda,1996/97,80.0,(R/A),October
417,Venezuela,1996/97,1003.18,(A),October
418,Vietnam,1996/97,297.516,(R/A),October
419,Yemen,1996/97,,(A),October
420,Angola,1997/98,40.0,(R/A),April
421,Bolivia,1997/98,45.0,(A),April
422,Brazil,1997/98,11500.0,(A/R),April
423,Burundi,1997/98,2.0,(A),April
424,Ecuador,1997/98,300.0,(A/R),April
425,Indonesia,1997/98,1532.0,(R/A),April
426,Madagascar,1997/98,167.0,(R),April
427,Malawi,1997/98,2.0,(A),April
428,Papua New Guinea,1997/98,2.0,(A/R),April
429,Paraguay,1997/98,20.0,(A),April
430,Peru,1997/98,200.0,(A),April
431,Rwanda,1997/98,3.0,(A),April
432,Timor-Leste,1997/98,,(A),April
433,Zimbabwe,1997/98,4.0,(A),April
436,"Congo, Rep. of",1997/98,3.0,(R),July
437,Cuba,1997/98,195.0,(A),July
438,Dominican Republic,1997/98,325.0,(A),July
439,Haiti,1997/98,330.0,(A),July
440,Philippines,1997/98,853.0,(R/A),July
441,Tanzania,1997/98,17.0,(A/R),July
442,Zambia,1997/98,0.6,(A),July
445,Benin,1997/98,0.0,(R),October
446,Cameroon,1997/98,100.0,(R/A),October
447,Central African Republic,1997/98,10.0,(R),October
448,Colombia,1997/98,1600.0,(A),October
449,"Congo, Dem. Rep. of",1997/98,200.0,(R/A),October
450,Costa Rica,1997/98,375.0,(A),October
451,Côte d'Ivoire,1997/98,50.0,(R),October
452,El Salvador,1997/98,191.667,(A),October
453,Equatorial Guinea,1997/98,0.0,(R),October
454,Ethiopia,1997/98,1724.0,(A),October
455,Gabon,1997/98,0.8,(R),October
456,Ghana,1997/98,3.0,(R),October
457,Guatemala,1997/98,300.0,(A/R),October
458,Guinea,1997/98,50.0,(R),October
459,Guyana,1997/98,,(R),October
460,Honduras,1997/98,161.0,(A),October
461,India,1997/98,833.333,(R/A),October
462,Jamaica,1997/98,20.0,(A),October
463,Kenya,1997/98,50.0,(A),October
464,"Lao, People's Dem. Rep. of",1997/98,,(R),October
465,Liberia,1997/98,5.0,(R),October
466,Mexico,1997/98,1201.0,(A),October
467,Nepal,1997/98,,(A),October
468,Nicaragua,1997/98,123.0,(A),October
469,Nigeria,1997/98,40.0,(R),October
470,Panama,1997/98,80.615,(A),October
471,Sierra Leone,1997/98,5.0,(R),October
472,Sri Lanka,1997/98,20.0,(R),October
473,Thailand,1997/98,390.0,(R/A),October
474,Togo,1997/98,1.0,(R),October
475,Trinidad & Tobago,1997/98,14.0,(R),October
476,Uganda,1997/98,101.19,(R/A),October
477,Venezuela,1997/98,1045.61,(A),October
478,Vietnam,1997/98,314.058,(R/A),October
479,Yemen,1997/98,,(A),October
480,Angola,1998/99,30.0,(R/A),April
481,Bolivia,1998/99,45.0,(A),April
482,Brazil,1998/99,12200.0,(A/R),April
483,Burundi,1998/99,2.0,(A),April
484,Ecuador,1998/99,300.0,(A/R),April
485,Indonesia,1998/99,1578.0,(R/A),April
486,Madagascar,1998/99,167.0,(R),April
487,Malawi,1998/99,2.0,(A),April
488,Papua New Guinea,1998/99,1.0,(A/R),April
489,Paraguay,1998/99,20.0,(A),April
490,Peru,1998/99,200.0,(A),April
491,Rwanda,1998/99,3.0,(A),April
492,Timor-Leste,1998/99,,(A),April
493,Zimbabwe,1998/99,4.0,(A),April
496,"Congo, Rep. of",1998/99,3.0,(R),July
497,Cuba,1998/99,200.0,(A),July
498,Dominican Republic,1998/99,325.0,(A),July
499,Haiti,1998/99,330.0,(A),July
500,Philippines,1998/99,810.0,(R/A),July
501,Tanzania,1998/99,17.0,(A/R),July
502,Zambia,1998/99,0.6,(A),July
505,Benin,1998/99,0.0,(R),October
506,Cameroon,1998/99,100.0,(R/A),October
507,Central African Republic,1998/99,19.0,(R),October
508,Colombia,1998/99,1600.0,(A),October
509,"Congo, Dem. Rep. of",1998/99,200.0,(R/A),October
510,Costa Rica,1998/99,375.0,(A),October
511,Côte d'Ivoire,1998/99,50.0,(R),October
512,El Salvador,1998/99,191.667,(A),October
513,Equatorial Guinea,1998/99,0.0,(R),October
514,Ethiopia,1998/99,1816.0,(A),October
515,Gabon,1998/99,0.8,(R),October
516,Ghana,1998/99,1.0,(R),October
517,Guatemala,1998/99,300.0,(A/R),October
518,Guinea,1998/99,50.0,(R),October
519,Guyana,1998/99,4.867,(R),October
520,Honduras,1998/99,138.0,(A),October
521,India,1998/99,833.0,(R/A),October
522,Jamaica,1998/99,14.8,(A),October
523,Kenya,1998/99,50.0,(A),October
524,"Lao, People's Dem. Rep. of",1998/99,0.0,(R),October
525,Liberia,1998/99,5.0,(R),October
526,Mexico,1998/99,1108.0,(A),October
527,Nepal,1998/99,,(A),October
528,Nicaragua,1998/99,126.5,(A),October
529,Nigeria,1998/99,40.0,(R),October
530,Panama,1998/99,67.0,(A),October
531,Sierra Leone,1998/99,5.0,(R),October
532,Sri Lanka,1998/99,30.0,(R),October
533,Thailand,1998/99,433.0,(R/A),October
534,Togo,1998/99,2.0,(R),October
535,Trinidad & Tobago,1998/99,14.0,(R),October
536,Uganda,1998/99,116.0,(R/A),October
537,Venezuela,1998/99,1089.84,(A),October
538,Vietnam,1998/99,331.519,(R/A),October
539,Yemen,1998/99,0.0,(A),October
540,Angola,1999/00,20.0,(R/A),April
541,Bolivia,1999/00,60.0,(A),April
542,Brazil,1999/00,12700.0,(A/R),April
543,Burundi,1999/00,2.0,(A),April
544,Ecuador,1999/00,230.0,(A/R),April
545,Indonesia,1999/00,1626.0,(R/A),April
546,Madagascar,1999/00,56.0,(R),April
547,Malawi,1999/00,1.0,(A),April
548,Papua New Guinea,1999/00,2.0,(A/R),April
549,Paraguay,1999/00,20.0,(A),April
550,Peru,1999/00,200.0,(A),April
551,Rwanda,1999/00,2.0,(A),April
552,Timor-Leste,1999/00,,(A),April
553,Zimbabwe,1999/00,4.0,(A),April
556,"Congo, Rep. of",1999/00,3.0,(R),July
557,Cuba,1999/00,200.0,(A),July
558,Dominican Republic,1999/00,325.0,(A),July
559,Haiti,1999/00,340.0,(A),July
560,Philippines,1999/00,862.0,(R/A),July
561,Tanzania,1999/00,14.0,(A/R),July
562,Zambia,1999/00,0.6,(A),July
565,Benin,1999/00,0.0,(R),October
566,Cameroon,1999/00,100.0,(R/A),October
567,Central African Republic,1999/00,21.0,(R),October
568,Colombia,1999/00,1400.0,(A),October
569,"Congo, Dem. Rep. of",1999/00,200.0,(R/A),October
570,Costa Rica,1999/00,375.0,(A),October
571,Côte d'Ivoire,1999/00,50.0,(R),October
572,El Salvador,1999/00,153.3,(A),October
573,Equatorial Guinea,1999/00,0.0,(R),October
574,Ethiopia,1999/00,1912.0,(A),October
575,Gabon,1999/00,0.715,(R),October
576,Ghana,1999/00,1.0,(R),October
577,Guatemala,1999/00,300.0,(A/R),October
578,Guinea,1999/00,50.0,(R),October
579,Guyana,1999/00,4.35,(R),October
580,Honduras,1999/00,168.0,(A),October
581,India,1999/00,917.0,(R/A),October
582,Jamaica,1999/00,11.0,(A),October
583,Kenya,1999/00,50.0,(A),October
584,"Lao, People's Dem. Rep. of",1999/00,0.0,(R),October
585,Liberia,1999/00,5.0,(R),October
586,Mexico,1999/00,1150.0,(A),October
587,Nepal,1999/00,,(A),October
588,Nicaragua,1999/00,130.3,(A),October
589,Nigeria,1999/00,40.0,(R),October
590,Panama,1999/00,67.0,(A),October
591,Sierra Leone,1999/00,5.0,(R),October
592,Sri Lanka,1999/00,30.0,(R),October
593,Thailand,1999/00,433.0,(R/A),October
594,Togo,1999/00,2.0,(R),October
595,Trinidad & Tobago,1999/00,14.0,(R),October
596,Uganda,1999/00,119.0,(R/A),October
597,Venezuela,1999/00,1135.94,(A),October
598,Vietnam,1999/00,350.0,(R/A),October
599,Yemen,1999/00,0.0,(A),October
600,Angola,2000/01,20.0,(R/A),April
601,Bolivia,2000/01,60.0,(A),April
602,Brazil,2000/01,13200.0,(A/R),April
603,Burundi,2000/01,2.0,(A),April
604,Ecuador,2000/01,200.0,(A/R),April
605,Indonesia,2000/01,1676.0,(R/A),April
606,Madagascar,2000/01,89.1,(R),April
607,Malawi,2000/01,1.0,(A),April
608,Papua New Guinea,2000/01,2.0,(A/R),April
609,Paraguay,2000/01,20.0,(A),April
610,Peru,2000/01,200.0,(A),April
611,Rwanda,2000/01,2.0,(A),April
612,Timor-Leste,2000/01,0.0,(A),April
613,Zimbabwe,2000/01,4.0,(A),April
616,"Congo, Rep. of",2000/01,3.0,(R),July
617,Cuba,2000/01,213.0,(A),July
618,Dominican Republic,2000/01,325.0,(A),July
619,Haiti,2000/01,340.0,(A),July
620,Philippines,2000/01,820.0,(R/A),July
621,Tanzania,2000/01,15.0,(A/R),July
622,Zambia,2000/01,0.6,(A),July
625,Benin,2000/01,0.0,(R),October
626,Cameroon,2000/01,75.0,(R/A),October
627,Central African Republic,2000/01,3.0,(R),October
628,Colombia,2000/01,1400.0,(A),October
629,"Congo, Dem. Rep. of",2000/01,200.0,(R/A),October
630,Costa Rica,2000/01,375.0,(A),October
631,Côte d'Ivoire,2000/01,316.667,(R),October
632,El Salvador,2000/01,144.0,(A),October
633,Equatorial Guinea,2000/01,0.0,(R),October
634,Ethiopia,2000/01,2014.0,(A),October
635,Gabon,2000/01,0.3,(R),October
636,Ghana,2000/01,1.0,(R),October
637,Guatemala,2000/01,300.0,(A/R),October
638,Guinea,2000/01,50.0,(R),October
639,Guyana,2000/01,1.883,(R),October
640,Honduras,2000/01,230.0,(A),October
641,India,2000/01,1000.0,(R/A),October
642,Jamaica,2000/01,12.067,(A),October
643,Kenya,2000/01,50.0,(A),October
644,"Lao, People's Dem. Rep. of",2000/01,0.0,(R),October
645,Liberia,2000/01,5.0,(R),October
646,Mexico,2000/01,1305.0,(A),October
647,Nepal,2000/01,,(A),October
648,Nicaragua,2000/01,174.93,(A),October
649,Nigeria,2000/01,40.0,(R),October
650,Panama,2000/01,67.0,(A),October
651,Sierra Leone,2000/01,5.0,(R),October
652,Sri Lanka,2000/01,30.0,(R),October
653,Thailand,2000/01,500.0,(R/A),October
654,Togo,2000/01,2.0,(R),October
655,Trinidad & Tobago,2000/01,14.0,(R),October
656,Uganda,2000/01,142.0,(R/A),October
657,Venezuela,2000/01,1183.99,(A),October
658,Vietnam,2000/01,401.625,(R/A),October
659,Yemen,2000/01,0.0,(A),October
660,Angola,2001/02,20.0,(R/A),April
661,Bolivia,2001/02,60.0,(A),April
662,Brazil,2001/02,13590.0,(A/R),April
663,Burundi,2001/02,2.0,(A),April
664,Ecuador,2001/02,200.0,(A/R),April
665,Indonesia,2001/02,2000.0,(R/A),April
666,Madagascar,2001/02,128.0,(R),April
667,Malawi,2001/02,1.0,(A),April
668,Papua New Guinea,2001/02,2.0,(A/R),April
669,Paraguay,2001/02,20.0,(A),April
670,Peru,2001/02,200.0,(A),April
671,Rwanda,2001/02,2.0,(A),April
672,Timor-Leste,2001/02,0.0,(A),April
673,Zimbabwe,2001/02,4.0,(A),April
676,"Congo, Rep. of",2001/02,3.0,(R),July
677,Cuba,2001/02,220.0,(A),July
678,Dominican Republic,2001/02,340.198,(A),July
679,Haiti,2001/02,340.0,(A),July
680,Philippines,2001/02,821.0,(R/A),July
681,Tanzania,2001/02,15.0,(A/R),July
682,Zambia,2001/02,0.6,(A),July
685,Benin,2001/02,0.0,(R),October
686,Cameroon,2001/02,69.0,(R/A),October
687,Central African Republic,2001/02,3.0,(R),October
688,Colombia,2001/02,1400.0,(A),October
689,"Congo, Dem. Rep. of",2001/02,200.0,(R/A),October
690,Costa Rica,2001/02,375.0,(A),October
691,Côte d'Ivoire,2001/02,316.667,(R),October
692,El Salvador,2001/02,153.3,(A),October
693,Equatorial Guinea,2001/02,0.0,(R),October
694,Ethiopia,2001/02,2121.0,(A),October
695,Gabon,2001/02,0.3,(R),October
696,Ghana,2001/02,1.0,(R),October
697,Guatemala,2001/02,300.0,(A/R),October
698,Guinea,2001/02,50.0,(R),October
699,Guyana,2001/02,4.167,(R),October
700,Honduras,2001/02,200.0,(A),October
701,India,2001/02,1067.0,(R/A),October
702,Jamaica,2001/02,10.0,(A),October
703,Kenya,2001/02,50.0,(A),October
704,"Lao, People's Dem. Rep. of",2001/02,0.0,(R),October
705,Liberia,2001/02,5.0,(R),October
706,Mexico,2001/02,1500.0,(A),October
707,Nepal,2001/02,,(A),October
708,Nicaragua,2001/02,177.323,(A),October
709,Nigeria,2001/02,40.0,(R),October
710,Panama,2001/02,67.0,(A),October
711,Sierra Leone,2001/02,5.0,(R),October
712,Sri Lanka,2001/02,30.0,(R),October
713,Thailand,2001/02,500.0,(R/A),October
714,Togo,2001/02,2.0,(R),October
715,Trinidad & Tobago,2001/02,14.0,(R),October
716,Uganda,2001/02,141.0,(R/A),October
717,Venezuela,2001/02,1234.07,(A),October
718,Vietnam,2001/02,460.865,(R/A),October
719,Yemen,2001/02,0.0,(A),October
720,Angola,2002/03,20.0,(R/A),April
721,Bolivia,2002/03,60.0,(A),April
722,Brazil,2002/03,13750.0,(A/R),April
723,Burundi,2002/03,2.0,(A),April
724,Ecuador,2002/03,150.0,(A/R),April
725,Indonesia,2002/03,1779.0,(R/A),April
726,Madagascar,2002/03,217.0,(R),April
727,Malawi,2002/03,1.0,(A),April
728,Papua New Guinea,2002/03,2.0,(A/R),April
729,Paraguay,2002/03,20.0,(A),April
730,Peru,2002/03,220.0,(A),April
731,Rwanda,2002/03,0.333,(A),April
732,Timor-Leste,2002/03,0.0,(A),April
733,Zimbabwe,2002/03,4.0,(A),April
736,"Congo, Rep. of",2002/03,3.0,(R),July
737,Cuba,2002/03,224.0,(A),July
738,Dominican Republic,2002/03,340.198,(A),July
739,Haiti,2002/03,340.0,(A),July
740,Philippines,2002/03,829.0,(R/A),July
741,Tanzania,2002/03,15.0,(A/R),July
742,Zambia,2002/03,0.6,(A),July
745,Benin,2002/03,0.0,(R),October
746,Cameroon,2002/03,69.0,(R/A),October
747,Central African Republic,2002/03,3.787,(R),October
748,Colombia,2002/03,1400.0,(A),October
749,"Congo, Dem. Rep. of",2002/03,200.0,(R/A),October
750,Costa Rica,2002/03,375.0,(A),October
751,Côte d'Ivoire,2002/03,316.667,(R),October
752,El Salvador,2002/03,153.3,(A),October
753,Equatorial Guinea,2002/03,0.0,(R),October
754,Ethiopia,2002/03,2234.0,(A),October
755,Gabon,2002/03,0.3,(R),October
756,Ghana,2002/03,1.0,(R),October
757,Guatemala,2002/03,300.0,(A/R),October
758,Guinea,2002/03,50.0,(R),October
759,Guyana,2002/03,4.35,(R),October
760,Honduras,2002/03,200.0,(A),October
761,India,2002/03,1133.0,(R/A),October
762,Jamaica,2002/03,9.0,(A),October
763,Kenya,2002/03,50.0,(A),October
764,"Lao, People's Dem. Rep. of",2002/03,158.0,(R),October
765,Liberia,2002/03,5.0,(R),October
766,Mexico,2002/03,1500.0,(A),October
767,Nepal,2002/03,,(A),October
768,Nicaragua,2002/03,179.624,(A),October
769,Nigeria,2002/03,40.0,(R),October
770,Panama,2002/03,67.0,(A),October
771,Sierra Leone,2002/03,5.0,(R),October
772,Sri Lanka,2002/03,30.0,(R),October
773,Thailand,2002/03,500.0,(R/A),October
774,Togo,2002/03,2.0,(R),October
775,Trinidad & Tobago,2002/03,14.0,(R),October
776,Uganda,2002/03,140.0,(R/A),October
777,Venezuela,2002/03,1286.27,(A),October
778,Vietnam,2002/03,518.842,(R/A),October
779,Yemen,2002/03,0.0,(A),October
780,Angola,2003/04,15.0,(R/A),April
781,Bolivia,2003/04,60.0,(A),April
782,Brazil,2003/04,14200.0,(A/R),April
783,Burundi,2003/04,2.0,(A),April
784,Ecuador,2003/04,150.0,(A/R),April
785,Indonesia,2003/04,1833.0,(R/A),April
786,Madagascar,2003/04,333.0,(R),April
787,Malawi,2003/04,1.0,(A),April
788,Papua New Guinea,2003/04,2.0,(A/R),April
789,Paraguay,2003/04,20.0,(A),April
790,Peru,2003/04,220.0,(A),April
791,Rwanda,2003/04,0.333,(A),April
792,Timor-Leste,2003/04,0.0,(A),April
793,Zimbabwe,2003/04,4.0,(A),April
796,"Congo, Rep. of",2003/04,3.0,(R),July
797,Cuba,2003/04,224.0,(A),July
798,Dominican Republic,2003/04,340.0,(A),July
799,Haiti,2003/04,340.0,(A),July
800,Philippines,2003/04,917.0,(R/A),July
801,Tanzania,2003/04,27.0,(A/R),July
802,Zambia,2003/04,0.6,(A),July
805,Benin,2003/04,0.0,(R),October
806,Cameroon,2003/04,69.0,(R/A),October
807,Central African Republic,2003/04,3.787,(R),October
808,Colombia,2003/04,1400.0,(A),October
809,"Congo, Dem. Rep. of",2003/04,200.0,(R/A),October
810,Costa Rica,2003/04,375.0,(A),October
811,Côte d'Ivoire,2003/04,316.667,(R),October
812,El Salvador,2003/04,153.3,(A),October
813,Equatorial Guinea,2003/04,0.0,(R),October
814,Ethiopia,2003/04,2353.0,(A),October
815,Gabon,2003/04,0.3,(R),October
816,Ghana,2003/04,1.0,(R),October
817,Guatemala,2003/04,300.0,(A/R),October
818,Guinea,2003/04,50.0,(R),October
819,Guyana,2003/04,4.75,(R),October
820,Honduras,2003/04,200.0,(A),October
821,India,2003/04,1167.0,(R/A),October
822,Jamaica,2003/04,9.0,(A),October
823,Kenya,2003/04,50.0,(A),October
824,"Lao, People's Dem. Rep. of",2003/04,103.0,(R),October
825,Liberia,2003/04,5.0,(R),October
826,Mexico,2003/04,1500.0,(A),October
827,Nepal,2003/04,0.0,(A),October
828,Nicaragua,2003/04,181.915,(A),October
829,Nigeria,2003/04,40.0,(R),October
830,Panama,2003/04,67.0,(A),October
831,Sierra Leone,2003/04,5.0,(R),October
832,Sri Lanka,2003/04,30.0,(R),October
833,Thailand,2003/04,500.0,(R/A),October
834,Togo,2003/04,2.0,(R),October
835,Trinidad & Tobago,2003/04,14.0,(R),October
836,Uganda,2003/04,131.0,(R/A),October
837,Venezuela,2003/04,1340.68,(A),October
838,Vietnam,2003/04,606.846,(R/A),October
839,Yemen,2003/04,146.0,(A),October
840,Angola,2004/05,15.0,(R/A),April
841,Bolivia,2004/05,60.0,(A),April
842,Brazil,2004/05,14946.0,(A/R),April
843,Burundi,2004/05,2.0,(A),April
844,Ecuador,2004/05,150.0,(A/R),April
845,Indonesia,2004/05,2000.0,(R/A),April
846,Madagascar,2004/05,467.0,(R),April
847,Malawi,2004/05,1.0,(A),April
848,Papua New Guinea,2004/05,2.0,(A/R),April
849,Paraguay,2004/05,20.0,(A),April
850,Peru,2004/05,220.0,(A),April
851,Rwanda,2004/05,1.0,(A),April
852,Timor-Leste,2004/05,0.0,(A),April
853,Zimbabwe,2004/05,4.0,(A),April
856,"Congo, Rep. of",2004/05,3.0,(R),July
857,Cuba,2004/05,224.0,(A),July
858,Dominican Republic,2004/05,377.998,(A),July
859,Haiti,2004/05,340.0,(A),July
860,Philippines,2004/05,1020.0,(R/A),July
861,Tanzania,2004/05,37.0,(A/R),July
862,Zambia,2004/05,0.6,(A),July
865,Benin,2004/05,0.0,(R),October
866,Cameroon,2004/05,69.0,(R/A),October
867,Central African Republic,2004/05,3.0,(R),October
868,Colombia,2004/05,1400.0,(A),October
869,"Congo, Dem. Rep. of",2004/05,200.0,(R/A),October
870,Costa Rica,2004/05,375.0,(A),October
871,Côte d'Ivoire,2004/05,316.667,(R),October
872,El Salvador,2004/05,172.5,(A),October
873,Equatorial Guinea,2004/05,0.0,(R),October
874,Ethiopia,2004/05,2478.0,(A),October
875,Gabon,2004/05,0.3,(R),October
876,Ghana,2004/05,1.59,(R),October
877,Guatemala,2004/05,300.0,(A/R),October
878,Guinea,2004/05,50.0,(R),October
879,Guyana,2004/05,5.5,(R),October
880,Honduras,2004/05,230.0,(A),October
881,India,2004/05,1250.0,(R/A),October
882,Jamaica,2004/05,9.0,(A),October
883,Kenya,2004/05,50.0,(A),October
884,"Lao, People's Dem. Rep. of",2004/05,135.0,(R),October
885,Liberia,2004/05,5.0,(R),October
886,Mexico,2004/05,1500.0,(A),October
887,Nepal,2004/05,0.0,(A),October
888,Nicaragua,2004/05,184.278,(A),October
889,Nigeria,2004/05,40.0,(R),October
890,Panama,2004/05,67.0,(A),October
891,Sierra Leone,2004/05,5.0,(R),October
892,Sri Lanka,2004/05,30.0,(R),October
893,Thailand,2004/05,500.0,(R/A),October
894,Togo,2004/05,2.0,(R),October
895,Trinidad & Tobago,2004/05,14.0,(R),October
896,Uganda,2004/05,140.0,(R/A),October
897,Venezuela,2004/05,1397.39,(A),October
898,Vietnam,2004/05,696.356,(R/A),October
899,Yemen,2004/05,136.0,(A),October
900,Angola,2005/06,15.0,(R/A),April
901,Bolivia,2005/06,60.0,(A),April
902,Brazil,2005/06,15538.0,(A/R),April
903,Burundi,2005/06,1.906,(A),April
904,Ecuador,2005/06,150.0,(A/R),April
905,Indonesia,2005/06,2500.0,(R/A),April
906,Madagascar,2005/06,467.0,(R),April
907,Malawi,2005/06,1.0,(A),April
908,Papua New Guinea,2005/06,2.0,(A/R),April
909,Paraguay,2005/06,20.0,(A),April
910,Peru,2005/06,220.0,(A),April
911,Rwanda,2005/06,1.0,(A),April
912,Timor-Leste,2005/06,0.0,(A),April
913,Zimbabwe,2005/06,4.0,(A),April
916,"Congo, Rep. of",2005/06,3.0,(R),July
917,Cuba,2005/06,224.0,(A),July
918,Dominican Republic,2005/06,377.998,(A),July
919,Haiti,2005/06,340.0,(A),July
920,Philippines,2005/06,1040.0,(R/A),July
921,Tanzania,2005/06,47.0,(A/R),July
922,Zambia,2005/06,0.6,(A),July
925,Benin,2005/06,0.0,(R),October
926,Cameroon,2005/06,69.0,(R/A),October
927,Central African Republic,2005/06,3.0,(R),October
928,Colombia,2005/06,1400.0,(A),October
929,"Congo, Dem. Rep. of",2005/06,200.0,(R/A),October
930,Costa Rica,2005/06,375.0,(A),October
931,Côte d'Ivoire,2005/06,316.667,(R),October
932,El Salvador,2005/06,224.1,(A),October
933,Equatorial Guinea,2005/06,0.0,(R),October
934,Ethiopia,2005/06,2609.0,(A),October
935,Gabon,2005/06,0.3,(R),October
936,Ghana,2005/06,1.59,(R),October
937,Guatemala,2005/06,300.0,(A/R),October
938,Guinea,2005/06,50.0,(R),October
939,Guyana,2005/06,5.6,(R),October
940,Honduras,2005/06,230.0,(A),October
941,India,2005/06,1337.0,(R/A),October
942,Jamaica,2005/06,9.0,(A),October
943,Kenya,2005/06,50.0,(A),October
944,"Lao, People's Dem. Rep. of",2005/06,140.0,(R),October
945,Liberia,2005/06,5.0,(R),October
946,Mexico,2005/06,1725.0,(A),October
947,Nepal,2005/06,0.0,(A),October
948,Nicaragua,2005/06,186.719,(A),October
949,Nigeria,2005/06,40.0,(R),October
950,Panama,2005/06,67.0,(A),October
951,Sierra Leone,2005/06,5.0,(R),October
952,Sri Lanka,2005/06,30.0,(R),October
953,Thailand,2005/06,500.0,(R/A),October
954,Togo,2005/06,2.0,(R),October
955,Trinidad & Tobago,2005/06,14.0,(R),October
956,Uganda,2005/06,150.0,(R/A),October
957,Venezuela,2005/06,1456.5,(A),October
958,Vietnam,2005/06,800.0,(R/A),October
959,Yemen,2005/06,138.0,(A),October
960,Angola,2006/07,30.0,(R/A),April
961,Bolivia,2006/07,60.0,(A),April
962,Brazil,2006/07,16331.0,(A/R),April
963,Burundi,2006/07,1.56,(A),April
964,Ecuador,2006/07,150.0,(A/R),April
965,Indonesia,2006/07,2833.0,(R/A),April
966,Madagascar,2006/07,467.0,(R),April
967,Malawi,2006/07,1.0,(A),April
968,Papua New Guinea,2006/07,2.0,(A/R),April
969,Paraguay,2006/07,20.0,(A),April
970,Peru,2006/07,220.0,(A),April
971,Rwanda,2006/07,1.0,(A),April
972,Timor-Leste,2006/07,0.0,(A),April
973,Zimbabwe,2006/07,4.0,(A),April
976,"Congo, Rep. of",2006/07,3.0,(R),July
977,Cuba,2006/07,224.0,(A),July
978,Dominican Republic,2006/07,377.998,(A),July
979,Haiti,2006/07,340.0,(A),July
980,Philippines,2006/07,1060.0,(R/A),July
981,Tanzania,2006/07,47.0,(A/R),July
982,Zambia,2006/07,0.6,(A),July
985,Benin,2006/07,0.0,(R),October
986,Cameroon,2006/07,69.0,(R/A),October
987,Central African Republic,2006/07,3.0,(R),October
988,Colombia,2006/07,1194.633,(A),October
989,"Congo, Dem. Rep. of",2006/07,200.0,(R/A),October
990,Costa Rica,2006/07,375.0,(A),October
991,Côte d'Ivoire,2006/07,316.667,(R),October
992,El Salvador,2006/07,253.8,(A),October
993,Equatorial Guinea,2006/07,0.0,(R),October
994,Ethiopia,2006/07,2748.0,(A),October
995,Gabon,2006/07,0.3,(R),October
996,Ghana,2006/07,1.0,(R),October
997,Guatemala,2006/07,300.0,(A/R),October
998,Guinea,2006/07,50.0,(R),October
999,Guyana,2006/07,5.717,(R),October
1000,Honduras,2006/07,230.0,(A),October
1001,India,2006/07,1416.669,(R/A),October
1002,Jamaica,2006/07,9.0,(A),October
1003,Kenya,2006/07,50.0,(A),October
1004,"Lao, People's Dem. Rep. of",2006/07,140.0,(R),October
1005,Liberia,2006/07,5.0,(R),October
1006,Mexico,2006/07,2000.0,(A),October
1007,Nepal,2006/07,0.0,(A),October
1008,Nicaragua,2006/07,189.185,(A),October
1009,Nigeria,2006/07,40.0,(R),October
1010,Panama,2006/07,67.0,(A),October
1011,Sierra Leone,2006/07,5.0,(R),October
1012,Sri Lanka,2006/07,30.0,(R),October
1013,Thailand,2006/07,500.0,(R/A),October
1014,Togo,2006/07,2.0,(R),October
1015,Trinidad & Tobago,2006/07,11.0,(R),October
1016,Uganda,2006/07,175.0,(R/A),October
1017,Venezuela,2006/07,1518.11,(A),October
1018,Vietnam,2006/07,917.0,(R/A),October
1019,Yemen,2006/07,138.0,(A),October
1020,Angola,2007/08,30.0,(R/A),April
1021,Bolivia,2007/08,60.0,(A),April
1022,Brazil,2007/08,17110.0,(A/R),April
1023,Burundi,2007/08,1.357,(A),April
1024,Ecuador,2007/08,150.0,(A/R),April
1025,Indonesia,2007/08,3333.0,(R/A),April
1026,Madagascar,2007/08,467.0,(R),April
1027,Malawi,2007/08,1.0,(A),April
1028,Papua New Guinea,2007/08,2.0,(A/R),April
1029,Paraguay,2007/08,20.0,(A),April
1030,Peru,2007/08,220.0,(A),April
1031,Rwanda,2007/08,1.0,(A),April
1032,Timor-Leste,2007/08,0.0,(A),April
1033,Zimbabwe,2007/08,4.0,(A),April
1036,"Congo, Rep. of",2007/08,3.0,(R),July
1037,Cuba,2007/08,224.0,(A),July
1038,Dominican Republic,2007/08,378.0,(A),July
1039,Haiti,2007/08,340.0,(A),July
1040,Philippines,2007/08,1060.0,(R/A),July
1041,Tanzania,2007/08,47.0,(A/R),July
1042,Zambia,2007/08,1.0,(A),July
1045,Benin,2007/08,0.0,(R),October
1046,Cameroon,2007/08,69.0,(R/A),October
1047,Central African Republic,2007/08,3.333,(R),October
1048,Colombia,2007/08,1280.923,(A),October
1049,"Congo, Dem. Rep. of",2007/08,200.0,(R/A),October
1050,Costa Rica,2007/08,375.0,(A),October
1051,Côte d'Ivoire,2007/08,317.0,(R),October
1052,El Salvador,2007/08,250.5,(A),October
1053,Equatorial Guinea,2007/08,0.0,(R),October
1054,Ethiopia,2007/08,2894.0,(A),October
1055,Gabon,2007/08,0.3,(R),October
1056,Ghana,2007/08,2.0,(R),October
1057,Guatemala,2007/08,300.0,(A/R),October
1058,Guinea,2007/08,50.0,(R),October
1059,Guyana,2007/08,7.0,(R),October
1060,Honduras,2007/08,245.0,(A),October
1061,India,2007/08,1500.0,(R/A),October
1062,Jamaica,2007/08,9.0,(A),October
1063,Kenya,2007/08,50.0,(A),October
1064,"Lao, People's Dem. Rep. of",2007/08,140.0,(R),October
1065,Liberia,2007/08,5.0,(R),October
1066,Mexico,2007/08,2200.0,(A),October
1067,Nepal,2007/08,0.0,(A),October
1068,Nicaragua,2007/08,191.645,(A),October
1069,Nigeria,2007/08,40.0,(R),October
1070,Panama,2007/08,67.0,(A),October
1071,Sierra Leone,2007/08,5.0,(R),October
1072,Sri Lanka,2007/08,30.0,(R),October
1073,Thailand,2007/08,550.0,(R/A),October
1074,Togo,2007/08,2.0,(R),October
1075,Trinidad & Tobago,2007/08,11.0,(R),October
1076,Uganda,2007/08,180.25,(R/A),October
1077,Venezuela,2007/08,1582.33,(A),October
1078,Vietnam,2007/08,938.0,(R/A),October
1079,Yemen,2007/08,130.0,(A),October
1080,Angola,2008/09,30.0,(R/A),April
1081,Bolivia,2008/09,60.0,(A),April
1082,Brazil,2008/09,17660.0,(A/R),April
1083,Burundi,2008/09,1.435,(A),April
1084,Ecuador,2008/09,150.0,(A/R),April
1085,Indonesia,2008/09,3333.0,(R/A),April
1086,Madagascar,2008/09,467.0,(R),April
1087,Malawi,2008/09,1.0,(A),April
1088,Papua New Guinea,2008/09,2.0,(A/R),April
1089,Paraguay,2008/09,20.0,(A),April
1090,Peru,2008/09,250.0,(A),April
1091,Rwanda,2008/09,1.0,(A),April
1092,Timor-Leste,2008/09,0.0,(A),April
1093,Zimbabwe,2008/09,4.0,(A),April
1096,"Congo, Rep. of",2008/09,3.0,(R),July
1097,Cuba,2008/09,220.0,(A),July
1098,Dominican Republic,2008/09,378.0,(A),July
1099,Haiti,2008/09,340.0,(A),July
1100,Philippines,2008/09,1720.0,(R/A),July
1101,Tanzania,2008/09,47.0,(A/R),July
1102,Zambia,2008/09,1.0,(A),July
1105,Benin,2008/09,0.0,(R),October
1106,Cameroon,2008/09,69.0,(R/A),October
1107,Central African Republic,2008/09,5.0,(R),October
1108,Colombia,2008/09,1290.5,(A),October
1109,"Congo, Dem. Rep. of",2008/09,200.0,(R/A),October
1110,Costa Rica,2008/09,267.859,(A),October
1111,Côte d'Ivoire,2008/09,317.0,(R),October
1112,El Salvador,2008/09,244.3,(A),October
1113,Equatorial Guinea,2008/09,0.0,(R),October
1114,Ethiopia,2008/09,3048.0,(A),October
1115,Gabon,2008/09,0.275,(R),October
1116,Ghana,2008/09,2.0,(R),October
1117,Guatemala,2008/09,335.0,(A/R),October
1118,Guinea,2008/09,50.0,(R),October
1119,Guyana,2008/09,8.467,(R),October
1120,Honduras,2008/09,268.333,(A),October
1121,India,2008/09,1573.336,(R/A),October
1122,Jamaica,2008/09,9.0,(A),October
1123,Kenya,2008/09,50.0,(A),October
1124,"Lao, People's Dem. Rep. of",2008/09,150.0,(R),October
1125,Liberia,2008/09,5.0,(R),October
1126,Mexico,2008/09,2200.0,(A),October
1127,Nepal,2008/09,0.0,(A),October
1128,Nicaragua,2008/09,194.147,(A),October
1129,Nigeria,2008/09,40.0,(R),October
1130,Panama,2008/09,67.0,(A),October
1131,Sierra Leone,2008/09,5.0,(R),October
1132,Sri Lanka,2008/09,30.0,(R),October
1133,Thailand,2008/09,600.0,(R/A),October
1134,Togo,2008/09,2.0,(R),October
1135,Trinidad & Tobago,2008/09,11.0,(R),October
1136,Uganda,2008/09,185.0,(R/A),October
1137,Venezuela,2008/09,1649.26,(A),October
1138,Vietnam,2008/09,1021.0,(R/A),October
1139,Yemen,2008/09,130.0,(A),October
1140,Angola,2009/10,30.0,(R/A),April
1141,Bolivia,2009/10,60.0,(A),April
1142,Brazil,2009/10,18390.0,(A/R),April
1143,Burundi,2009/10,1.399,(A),April
1144,Ecuador,2009/10,150.0,(A/R),April
1145,Indonesia,2009/10,3333.0,(R/A),April
1146,Madagascar,2009/10,467.0,(R),April
1147,Malawi,2009/10,1.0,(A),April
1148,Papua New Guinea,2009/10,2.0,(A/R),April
1149,Paraguay,2009/10,20.0,(A),April
1150,Peru,2009/10,250.0,(A),April
1151,Rwanda,2009/10,1.0,(A),April
1152,Timor-Leste,2009/10,0.0,(A),April
1153,Zimbabwe,2009/10,4.0,(A),April
1156,"Congo, Rep. of",2009/10,3.0,(R),July
1157,Cuba,2009/10,220.0,(A),July
1158,Dominican Republic,2009/10,378.0,(A),July
1159,Haiti,2009/10,340.0,(A),July
1160,Philippines,2009/10,1820.0,(R/A),July
1161,Tanzania,2009/10,47.0,(A/R),July
1162,Zambia,2009/10,0.0,(A),July
1165,Benin,2009/10,0.0,(R),October
1166,Cameroon,2009/10,69.0,(R/A),October
1167,Central African Republic,2009/10,8.333,(R),October
1168,Colombia,2009/10,1269.863,(A),October
1169,"Congo, Dem. Rep. of",2009/10,200.0,(R/A),October
1170,Costa Rica,2009/10,295.441,(A),October
1171,Côte d'Ivoire,2009/10,317.0,(R),October
1172,El Salvador,2009/10,268.3,(A),October
1173,Equatorial Guinea,2009/10,0.0,(R),October
1174,Ethiopia,2009/10,3210.0,(A),October
1175,Gabon,2009/10,0.25,(R),October
1176,Ghana,2009/10,2.0,(R),October
1177,Guatemala,2009/10,320.0,(A/R),October
1178,Guinea,2009/10,50.0,(R),October
1179,Guyana,2009/10,8.233,(R),October
1180,Honduras,2009/10,306.667,(A),October
1181,India,2009/10,1700.0,(R/A),October
1182,Jamaica,2009/10,9.0,(A),October
1183,Kenya,2009/10,50.0,(A),October
1184,"Lao, People's Dem. Rep. of",2009/10,150.0,(R),October
1185,Liberia,2009/10,5.0,(R),October
1186,Mexico,2009/10,2200.0,(A),October
1187,Nepal,2009/10,0.0,(A),October
1188,Nicaragua,2009/10,196.622,(A),October
1189,Nigeria,2009/10,40.0,(R),October
1190,Panama,2009/10,67.0,(A),October
1191,Sierra Leone,2009/10,5.0,(R),October
1192,Sri Lanka,2009/10,30.0,(R),October
1193,Thailand,2009/10,700.0,(R/A),October
1194,Togo,2009/10,2.0,(R),October
1195,Trinidad & Tobago,2009/10,11.0,(R),October
1196,Uganda,2009/10,188.7,(R/A),October
1197,Venezuela,2009/10,1650.0,(A),October
1198,Vietnam,2009/10,1208.0,(R/A),October
1199,Yemen,2009/10,130.0,(A),October
1200,Angola,2010/11,30.0,(R/A),April
1201,Bolivia,2010/11,60.0,(A),April
1202,Brazil,2010/11,19132.0,(A/R),April
1203,Burundi,2010/11,2.0,(A),April
1204,Ecuador,2010/11,150.0,(A/R),April
1205,Indonesia,2010/11,3333.0,(R/A),April
1206,Madagascar,2010/11,467.0,(R),April
1207,Malawi,2010/11,1.0,(A),April
1208,Papua New Guinea,2010/11,1.43,(A/R),April
1209,Paraguay,2010/11,20.0,(A),April
1210,Peru,2010/11,250.0,(A),April
1211,Rwanda,2010/11,1.0,(A),April
1212,Timor-Leste,2010/11,0.49,(A),April
1213,Zimbabwe,2010/11,4.0,(A),April
1216,"Congo, Rep. of",2010/11,3.0,(R),July
1217,Cuba,2010/11,220.0,(A),July
1218,Dominican Republic,2010/11,378.0,(A),July
1219,Haiti,2010/11,340.0,(A),July
1220,Philippines,2010/11,2125.0,(R/A),July
1221,Tanzania,2010/11,47.0,(A/R),July
1222,Zambia,2010/11,0.0,(A),July
1225,Benin,2010/11,0.0,(R),October
1226,Cameroon,2010/11,68.333,(R/A),October
1227,Central African Republic,2010/11,10.0,(R),October
1228,Colombia,2010/11,1307.808,(A),October
1229,"Congo, Dem. Rep. of",2010/11,200.0,(R/A),October
1230,Costa Rica,2010/11,407.221,(A),October
1231,Côte d'Ivoire,2010/11,317.0,(R),October
1232,El Salvador,2010/11,276.0,(A),October
1233,Equatorial Guinea,2010/11,0.0,(R),October
1234,Ethiopia,2010/11,3383.0,(A),October
1235,Gabon,2010/11,0.947,(R),October
1236,Ghana,2010/11,2.0,(R),October
1237,Guatemala,2010/11,340.0,(A/R),October
1238,Guinea,2010/11,50.0,(R),October
1239,Guyana,2010/11,8.5,(R),October
1240,Honduras,2010/11,335.0,(A),October
1241,India,2010/11,1800.0,(R/A),October
1242,Jamaica,2010/11,9.0,(A),October
1243,Kenya,2010/11,50.0,(A),October
1244,"Lao, People's Dem. Rep. of",2010/11,150.0,(R),October
1245,Liberia,2010/11,5.0,(R),October
1246,Mexico,2010/11,2354.0,(A),October
1247,Nepal,2010/11,0.0,(A),October
1248,Nicaragua,2010/11,202.745,(A),October
1249,Nigeria,2010/11,40.0,(R),October
1250,Panama,2010/11,67.0,(A),October
1251,Sierra Leone,2010/11,5.0,(R),October
1252,Sri Lanka,2010/11,35.0,(R),October
1253,Thailand,2010/11,775.0,(R/A),October
1254,Togo,2010/11,2.0,(R),October
1255,Trinidad & Tobago,2010/11,10.0,(R),October
1256,Uganda,2010/11,204.0,(R/A),October
1257,Venezuela,2010/11,1650.0,(A),October
1258,Vietnam,2010/11,1583.0,(R/A),October
1259,Yemen,2010/11,130.0,(A),October
1260,Angola,2011/12,30.0,(R/A),April
1261,Bolivia,2011/12,60.0,(A),April
1262,Brazil,2011/12,19720.0,(A/R),April
1263,Burundi,2011/12,2.0,(A),April
1264,Ecuador,2011/12,150.0,(A/R),April
1265,Indonesia,2011/12,3667.0,(R/A),April
1266,Madagascar,2011/12,450.0,(R),April
1267,Malawi,2011/12,1.0,(A),April
1268,Papua New Guinea,2011/12,1.236,(A/R),April
1269,Paraguay,2011/12,20.0,(A),April
1270,Peru,2011/12,250.0,(A),April
1271,Rwanda,2011/12,1.0,(A),April
1272,Timor-Leste,2011/12,0.49,(A),April
1273,Zimbabwe,2011/12,4.0,(A),April
1276,"Congo, Rep. of",2011/12,3.0,(R),July
1277,Cuba,2011/12,220.0,(A),July
1278,Dominican Republic,2011/12,378.0,(A),July
1279,Haiti,2011/12,340.0,(A),July
1280,Philippines,2011/12,2175.0,(R/A),July
1281,Tanzania,2011/12,58.95,(A/R),July
1282,Zambia,2011/12,0.0,(A),July
1285,Benin,2011/12,0.0,(R),October
1286,Cameroon,2011/12,70.017,(R/A),October
1287,Central African Republic,2011/12,13.333,(R),October
1288,Colombia,2011/12,1438.709,(A),October
1289,"Congo, Dem. Rep. of",2011/12,200.0,(R/A),October
1290,Costa Rica,2011/12,380.888,(A),October
1291,Côte d'Ivoire,2011/12,317.0,(R),October
1292,El Salvador,2011/12,273.4,(A),October
1293,Equatorial Guinea,2011/12,0.0,(R),October
1294,Ethiopia,2011/12,3383.0,(A),October
1295,Gabon,2011/12,1.032,(R),October
1296,Ghana,2011/12,2.0,(R),October
1297,Guatemala,2011/12,350.0,(A/R),October
1298,Guinea,2011/12,50.0,(R),October
1299,Guyana,2011/12,8.6,(R),October
1300,Honduras,2011/12,340.0,(A),October
1301,India,2011/12,1917.0,(R/A),October
1302,Jamaica,2011/12,9.0,(A),October
1303,Kenya,2011/12,50.0,(A),October
1304,"Lao, People's Dem. Rep. of",2011/12,150.0,(R),October
1305,Liberia,2011/12,5.0,(R),October
1306,Mexico,2011/12,2354.0,(A),October
1307,Nepal,2011/12,0.0,(A),October
1308,Nicaragua,2011/12,205.261,(A),October
1309,Nigeria,2011/12,40.0,(R),October
1310,Panama,2011/12,67.0,(A),October
1311,Sierra Leone,2011/12,5.0,(R),October
1312,Sri Lanka,2011/12,35.0,(R),October
1313,Thailand,2011/12,1100.0,(R/A),October
1314,Togo,2011/12,0.21,(R),October
1315,Trinidad & Tobago,2011/12,10.0,(R),October
1316,Uganda,2011/12,210.0,(R/A),October
1317,Venezuela,2011/12,1650.0,(A),October
1318,Vietnam,2011/12,1650.0,(R/A),October
1319,Yemen,2011/12,130.0,(A),October
1320,Angola,2012/13,30.0,(R/A),April
1321,Bolivia,2012/13,60.0,(A),April
1322,Brazil,2012/13,20330.0,(A/R),April
1323,Burundi,2012/13,2.0,(A),April
1324,Ecuador,2012/13,150.0,(A/R),April
1325,Indonesia,2012/13,3900.0,(R/A),April
1326,Madagascar,2012/13,430.0,(R),April
1327,Malawi,2012/13,1.0,(A),April
1328,Papua New Guinea,2012/13,1.711,(A/R),April
1329,Paraguay,2012/13,20.0,(A),April
1330,Peru,2012/13,250.0,(A),April
1331,Rwanda,2012/13,1.0,(A),April
1332,Timor-Leste,2012/13,0.49,(A),April
1333,Zimbabwe,2012/13,4.0,(A),April
1336,"Congo, Rep. of",2012/13,3.0,(R),July
1337,Cuba,2012/13,220.0,(A),July
1338,Dominican Republic,2012/13,378.0,(A),July
1339,Haiti,2012/13,340.0,(A),July
1340,Philippines,2012/13,2325.0,(R/A),July
1341,Tanzania,2012/13,71.7,(A/R),July
1342,Zambia,2012/13,0.0,(A),July
1345,Benin,2012/13,0.0,(R),October
1346,Cameroon,2012/13,71.733,(R/A),October
1347,Central African Republic,2012/13,16.667,(R),October
1348,Colombia,2012/13,1441.209,(A),October
1349,"Congo, Dem. Rep. of",2012/13,200.0,(R/A),October
1350,Costa Rica,2012/13,423.097,(A),October
1351,Côte d'Ivoire,2012/13,317.0,(R),October
1352,El Salvador,2012/13,276.6,(A),October
1353,Equatorial Guinea,2012/13,0.0,(R),October
1354,Ethiopia,2012/13,3400.0,(A),October
1355,Gabon,2012/13,0.967,(R),October
1356,Ghana,2012/13,2.0,(R),October
1357,Guatemala,2012/13,360.0,(A/R),October
1358,Guinea,2012/13,50.0,(R),October
1359,Guyana,2012/13,8.7,(R),October
1360,Honduras,2012/13,345.0,(A),October
1361,India,2012/13,2000.0,(R/A),October
1362,Jamaica,2012/13,9.0,(A),October
1363,Kenya,2012/13,50.0,(A),October
1364,"Lao, People's Dem. Rep. of",2012/13,150.0,(R),October
1365,Liberia,2012/13,5.0,(R),October
1366,Mexico,2012/13,2354.0,(A),October
1367,Nepal,2012/13,0.0,(A),October
1368,Nicaragua,2012/13,207.864,(A),October
1369,Nigeria,2012/13,40.0,(R),October
1370,Panama,2012/13,67.0,(A),October
1371,Sierra Leone,2012/13,5.0,(R),October
1372,Sri Lanka,2012/13,35.0,(R),October
1373,Thailand,2012/13,1130.0,(R/A),October
1374,Togo,2012/13,0.242,(R),October
1375,Trinidad & Tobago,2012/13,10.0,(R),October
1376,Uganda,2012/13,216.0,(R/A),October
1377,Venezuela,2012/13,1650.0,(A),October
1378,Vietnam,2012/13,1825.0,(R/A),October
1379,Yemen,2012/13,130.0,(A),October
1380,Angola,2013/14,30.0,(R/A),April
1381,Bolivia,2013/14,60.0,(A),April
1382,Brazil,2013/14,20085.0,(A/R),April
1383,Burundi,2013/14,2.0,(A),April
1384,Ecuador,2013/14,155.0,(A/R),April
1385,Indonesia,2013/14,4167.0,(R/A),April
1386,Madagascar,2013/14,410.0,(R),April
1387,Malawi,2013/14,1.0,(A),April
1388,Papua New Guinea,2013/14,2.039,(A/R),April
1389,Paraguay,2013/14,20.0,(A),April
1390,Peru,2013/14,250.0,(A),April
1391,Rwanda,2013/14,1.0,(A),April
1392,Timor-Leste,2013/14,0.49,(A),April
1393,Zimbabwe,2013/14,4.0,(A),April
1396,"Congo, Rep. of",2013/14,3.0,(R),July
1397,Cuba,2013/14,220.0,(A),July
1398,Dominican Republic,2013/14,383.333,(A),July
1399,Haiti,2013/14,340.0,(A),July
1400,Philippines,2013/14,2550.0,(R/A),July
1401,Tanzania,2013/14,73.467,(A/R),July
1402,Zambia,2013/14,0.0,(A),July
1405,Benin,2013/14,0.0,(R),October
1406,Cameroon,2013/14,73.483,(R/A),October
1407,Central African Republic,2013/14,20.0,(R),October
1408,Colombia,2013/14,1468.973,(A),October
1409,"Congo, Dem. Rep. of",2013/14,200.0,(R/A),October
1410,Costa Rica,2013/14,335.06,(A),October
1411,Côte d'Ivoire,2013/14,317.0,(R),October
1412,El Salvador,2013/14,275.0,(A),October
1413,Equatorial Guinea,2013/14,0.0,(R),October
1414,Ethiopia,2013/14,3550.0,(A),October
1415,Gabon,2013/14,0.583,(R),October
1416,Ghana,2013/14,2.0,(R),October
1417,Guatemala,2013/14,370.0,(A/R),October
1418,Guinea,2013/14,50.0,(R),October
1419,Guyana,2013/14,8.8,(R),October
1420,Honduras,2013/14,350.0,(A),October
1421,India,2013/14,2100.0,(R/A),October
1422,Jamaica,2013/14,9.0,(A),October
1423,Kenya,2013/14,50.0,(A),October
1424,"Lao, People's Dem. Rep. of",2013/14,150.0,(R),October
1425,Liberia,2013/14,5.0,(R),October
1426,Mexico,2013/14,2321.0,(A),October
1427,Nepal,2013/14,0.0,(A),October
1428,Nicaragua,2013/14,209.561,(A),October
1429,Nigeria,2013/14,40.0,(R),October
1430,Panama,2013/14,67.0,(A),October
1431,Sierra Leone,2013/14,5.0,(R),October
1432,Sri Lanka,2013/14,35.0,(R),October
1433,Thailand,2013/14,1200.0,(R/A),October
1434,Togo,2013/14,0.238,(R),October
1435,Trinidad & Tobago,2013/14,10.0,(R),October
1436,Uganda,2013/14,220.8,(R/A),October
1437,Venezuela,2013/14,1650.0,(A),October
1438,Vietnam,2013/14,2000.0,(R/A),October
1439,Yemen,2013/14,130.0,(A),October
1440,Angola,2014/15,30.0,(R/A),April
1441,Bolivia,2014/15,60.0,(A),April
1442,Brazil,2014/15,20333.0,(A/R),April
1443,Burundi,2014/15,2.0,(A),April
1444,Ecuador,2014/15,155.0,(A/R),April
1445,Indonesia,2014/15,4333.0,(R/A),April
1446,Madagascar,2014/15,390.0,(R),April
1447,Malawi,2014/15,1.0,(A),April
1448,Papua New Guinea,2014/15,1.924,(A/R),April
1449,Paraguay,2014/15,20.0,(A),April
1450,Peru,2014/15,250.0,(A),April
1451,Rwanda,2014/15,1.0,(A),April
1452,Timor-Leste,2014/15,0.49,(A),April
1453,Zimbabwe,2014/15,4.0,(A),April
1456,"Congo, Rep. of",2014/15,3.0,(R),July
1457,Cuba,2014/15,220.0,(A),July
1458,Dominican Republic,2014/15,388.0,(A),July
1459,Haiti,2014/15,340.0,(A),July
1460,Philippines,2014/15,2800.0,(R/A),July
1461,Tanzania,2014/15,76.717,(A/R),July
1462,Zambia,2014/15,0.0,(A),July
1465,Benin,2014/15,0.0,(R),October
1466,Cameroon,2014/15,75.317,(R/A),October
1467,Central African Republic,2014/15,20.0,(R),October
1468,Colombia,2014/15,1504.744,(A),October
1469,"Congo, Dem. Rep. of",2014/15,200.0,(R/A),October
1470,Costa Rica,2014/15,380.742,(A),October
1471,Côte d'Ivoire,2014/15,317.0,(R),October
1472,El Salvador,2014/15,280.0,(A),October
1473,Equatorial Guinea,2014/15,0.0,(R),October
1474,Ethiopia,2014/15,3625.0,(A),October
1475,Gabon,2014/15,0.517,(R),October
1476,Ghana,2014/15,2.0,(R),October
1477,Guatemala,2014/15,380.0,(A/R),October
1478,Guinea,2014/15,50.0,(R),October
1479,Guyana,2014/15,8.9,(R),October
1480,Honduras,2014/15,355.0,(A),October
1481,India,2014/15,2200.0,(R/A),October
1482,Jamaica,2014/15,9.0,(A),October
1483,Kenya,2014/15,50.0,(A),October
1484,"Lao, People's Dem. Rep. of",2014/15,150.0,(R),October
1485,Liberia,2014/15,5.0,(R),October
1486,Mexico,2014/15,2347.0,(A),October
1487,Nepal,2014/15,0.0,(A),October
1488,Nicaragua,2014/15,211.742,(A),October
1489,Nigeria,2014/15,40.0,(R),October
1490,Panama,2014/15,67.0,(A),October
1491,Sierra Leone,2014/15,5.0,(R),October
1492,Sri Lanka,2014/15,35.0,(R),October
1493,Thailand,2014/15,1250.0,(R/A),October
1494,Togo,2014/15,0.195,(R),October
1495,Trinidad & Tobago,2014/15,10.0,(R),October
1496,Uganda,2014/15,229.2,(R/A),October
1497,Venezuela,2014/15,1650.0,(A),October
1498,Vietnam,2014/15,2200.0,(R/A),October
1499,Yemen,2014/15,130.0,(A),October
1500,Angola,2015/16,30.0,(R/A),April
1501,Bolivia,2015/16,60.0,(A),April
1502,Brazil,2015/16,20508.0,(A/R),April
1503,Burundi,2015/16,2.0,(A),April
1504,Ecuador,2015/16,155.0,(A/R),April
1505,Indonesia,2015/16,4500.0,(R/A),April
1506,Madagascar,2015/16,370.0,(R),April
1507,Malawi,2015/16,1.0,(A),April
1508,Papua New Guinea,2015/16,1.8,(A/R),April
1509,Paraguay,2015/16,20.0,(A),April
1510,Peru,2015/16,250.0,(A),April
1511,Rwanda,2015/16,1.0,(A),April
1512,Timor-Leste,2015/16,0.49,(A),April
1513,Zimbabwe,2015/16,4.0,(A),April
1516,"Congo, Rep. of",2015/16,3.0,(R),July
1517,Cuba,2015/16,220.0,(A),July
1518,Dominican Republic,2015/16,388.0,(A),July
1519,Haiti,2015/16,340.0,(A),July
1520,Philippines,2015/16,3000.0,(R/A),July
1521,Tanzania,2015/16,92.05,(A/R),July
1522,Zambia,2015/16,0.0,(A),July
1525,Benin,2015/16,0.0,(R),October
1526,Cameroon,2015/16,76.0,(R/A),October
1527,Central African Republic,2015/16,20.0,(R),October
1528,Colombia,2015/16,1671.791,(A),October
1529,"Congo, Dem. Rep. of",2015/16,200.0,(R/A),October
1530,Costa Rica,2015/16,448.821,(A),October
1531,Côte d'Ivoire,2015/16,317.0,(R),October
1532,El Salvador,2015/16,285.0,(A),October
1533,Equatorial Guinea,2015/16,0.0,(R),October
1534,Ethiopia,2015/16,3700.0,(A),October
1535,Gabon,2015/16,0.5,(R),October
1536,Ghana,2015/16,2.0,(R),October
1537,Guatemala,2015/16,390.0,(A/R),October
1538,Guinea,2015/16,50.0,(R),October
1539,Guyana,2015/16,9.0,(R),October
1540,Honduras,2015/16,365.0,(A),October
1541,India,2015/16,2250.0,(R/A),October
1542,Jamaica,2015/16,9.0,(A),October
1543,Kenya,2015/16,50.0,(A),October
1544,"Lao, People's Dem. Rep. of",2015/16,150.0,(R),October
1545,Liberia,2015/16,5.0,(R),October
1546,Mexico,2015/16,2329.0,(A),October
1547,Nepal,2015/16,0.0,(A),October
1548,Nicaragua,2015/16,213.946,(A),October
1549,Nigeria,2015/16,40.0,(R),October
1550,Panama,2015/16,67.0,(A),October
1551,Sierra Leone,2015/16,5.0,(R),October
1552,Sri Lanka,2015/16,35.0,(R),October
1553,Thailand,2015/16,1300.0,(R/A),October
1554,Togo,2015/16,0.22,(R),October
1555,Trinidad & Tobago,2015/16,10.0,(R),October
1556,Uganda,2015/16,234.0,(R/A),October
1557,Venezuela,2015/16,1650.0,(A),October
1558,Vietnam,2015/16,2300.0,(R/A),October
1559,Yemen,2015/16,130.0,(A),October
1560,Angola,2016/17,30.0,(R/A),April
1561,Bolivia,2016/17,60.0,(A),April
1562,Brazil,2016/17,21225.0,(A/R),April
1563,Burundi,2016/17,2.0,(A),April
1564,Ecuador,2016/17,155.0,(A/R),April
1565,Indonesia,2016/17,4600.0,(R/A),April
1566,Madagascar,2016/17,360.0,(R),April
1567,Malawi,2016/17,1.0,(A),April
1568,Papua New Guinea,2016/17,2.0,(A/R),April
1569,Paraguay,2016/17,20.0,(A),April
1570,Peru,2016/17,250.0,(A),April
1571,Rwanda,2016/17,1.0,(A),April
1572,Timor-Leste,2016/17,0.49,(A),April
1573,Zimbabwe,2016/17,4.0,(A),April
1576,"Congo, Rep. of",2016/17,3.0,(R),July
1577,Cuba,2016/17,220.0,(A),July
1578,Dominican Republic,2016/17,390.0,(A),July
1579,Haiti,2016/17,340.0,(A),July
1580,Philippines,2016/17,3000.0,(R/A),July
1581,Tanzania,2016/17,91.3,(A/R),July
1582,Zambia,2016/17,0.0,(A),July
1585,Benin,2016/17,0.0,(R),October
1586,Cameroon,2016/17,77.0,(R/A),October
1587,Central African Republic,2016/17,20.0,(R),October
1588,Colombia,2016/17,1736.4414,(A),October
1589,"Congo, Dem. Rep. of",2016/17,200.0,(R/A),October
1590,Costa Rica,2016/17,329.457,(A),October
1591,Côte d'Ivoire,2016/17,317.0,(R),October
1592,El Salvador,2016/17,292.0,(A),October
1593,Equatorial Guinea,2016/17,0.0,(R),October
1594,Ethiopia,2016/17,3725.0,(A),October
1595,Gabon,2016/17,0.5,(R),October
1596,Ghana,2016/17,2.0,(R),October
1597,Guatemala,2016/17,390.0,(A/R),October
1598,Guinea,2016/17,50.0,(R),October
1599,Guyana,2016/17,9.0,(R),October
1600,Honduras,2016/17,370.0,(A),October
1601,India,2016/17,2300.0,(R/A),October
1602,Jamaica,2016/17,9.0,(A),October
1603,Kenya,2016/17,50.0,(A),October
1604,"Lao, People's Dem. Rep. of",2016/17,150.0,(R),October
1605,Liberia,2016/17,5.0,(R),October
1606,Mexico,2016/17,2360.0,(A),October
1607,Nepal,2016/17,0.0,(A),October
1608,Nicaragua,2016/17,216.728,(A),October
1609,Nigeria,2016/17,40.0,(R),October
1610,Panama,2016/17,67.0,(A),October
1611,Sierra Leone,2016/17,5.0,(R),October
1612,Sri Lanka,2016/17,35.0,(R),October
1613,Thailand,2016/17,1300.0,(R/A),October
1614,Togo,2016/17,0.254,(R),October
1615,Trinidad & Tobago,2016/17,10.0,(R),October
1616,Uganda,2016/17,240.0,(R/A),October
1617,Venezuela,2016/17,1650.0,(A),October
1618,Vietnam,2016/17,2400.0,(R/A),October
1619,Yemen,2016/17,130.0,(A),October
1620,Angola,2017/18,30.0,(R/A),April
1621,Bolivia,2017/18,60.0,(A),April
1622,Brazil,2017/18,21997.0,(A/R),April
1623,Burundi,2017/18,2.0,(A),April
1624,Ecuador,2017/18,155.0,(A/R),April
1625,Indonesia,2017/18,4700.0,(R/A),April
1626,Madagascar,2017/18,350.0,(R),April
1627,Malawi,2017/18,1.0,(A),April
1628,Papua New Guinea,2017/18,2.0,(A/R),April
1629,Paraguay,2017/18,20.0,(A),April
1630,Peru,2017/18,250.0,(A),April
1631,Rwanda,2017/18,1.0,(A),April
1632,Timor-Leste,2017/18,0.49,(A),April
1633,Zimbabwe,2017/18,4.0,(A),April
1636,"Congo, Rep. of",2017/18,3.0,(R),July
1637,Cuba,2017/18,220.0,(A),July
1638,Dominican Republic,2017/18,390.0,(A),July
1639,Haiti,2017/18,340.0,(A),July
1640,Philippines,2017/18,3000.0,(R/A),July
1641,Tanzania,2017/18,91.667,(A/R),July
1642,Zambia,2017/18,0.0,(A),July
1645,Benin,2017/18,0.0,(R),October
1646,Cameroon,2017/18,78.0,(R/A),October
1647,Central African Republic,2017/18,20.0,(R),October
1648,Colombia,2017/18,1800.0,(A),October
1649,"Congo, Dem. Rep. of",2017/18,200.0,(R/A),October
1650,Costa Rica,2017/18,353.334,(A),October
1651,Côte d'Ivoire,2017/18,317.0,(R),October
1652,El Salvador,2017/18,300.0,(A),October
1653,Equatorial Guinea,2017/18,0.0,(R),October
1654,Ethiopia,2017/18,3750.0,(A),October
1655,Gabon,2017/18,0.5,(R),October
1656,Ghana,2017/18,2.0,(R),October
1657,Guatemala,2017/18,395.0,(A/R),October
1658,Guinea,2017/18,50.0,(R),October
1659,Guyana,2017/18,9.0,(R),October
1660,Honduras,2017/18,375.0,(A),October
1661,India,2017/18,2350.0,(R/A),October
1662,Jamaica,2017/18,9.0,(A),October
1663,Kenya,2017/18,50.0,(A),October
1664,"Lao, People's Dem. Rep. of",2017/18,150.0,(R),October
1665,Liberia,2017/18,5.0,(R),October
1666,Mexico,2017/18,2400.0,(A),October
1667,Nepal,2017/18,0.0,(A),October
1668,Nicaragua,2017/18,218.0,(A),October
1669,Nigeria,2017/18,40.0,(R),October
1670,Panama,2017/18,67.0,(A),October
1671,Sierra Leone,2017/18,5.0,(R),October
1672,Sri Lanka,2017/18,35.0,(R),October
1673,Thailand,2017/18,1300.0,(R/A),October
1674,Togo,2017/18,0.254,(R),October
1675,Trinidad & Tobago,2017/18,10.0,(R),October
1676,Uganda,2017/18,244.8,(R/A),October
1677,Venezuela,2017/18,1650.0,(A),October
1678,Vietnam,2017/18,2500.0,(R/A),October
1679,Yemen,2017/18,130.0,(A),October
1680,Angola,2018/19,30.0,(R/A),April
1681,Bolivia,2018/19,60.0,(A),April
1682,Brazil,2018/19,21997.0,(A/R),April
1683,Burundi,2018/19,2.0,(A),April
1684,Ecuador,2018/19,155.0,(A/R),April
1685,Indonesia,2018/19,4700.0,(R/A),April
1686,Madagascar,2018/19,350.0,(R),April
1687,Malawi,2018/19,1.0,(A),April
1688,Papua New Guinea,2018/19,2.0,(A/R),April
1689,Paraguay,2018/19,20.0,(A),April
1690,Peru,2018/19,250.0,(A),April
1691,Rwanda,2018/19,1.0,(A),April
1692,Timor-Leste,2018/19,0.49,(A),April
1693,Zimbabwe,2018/19,4.0,(A),April
1696,"Congo, Rep. of",2018/19,,(R),July
1697,Cuba,2018/19,,(A),July
1698,Dominican Republic,2018/19,,(A),July
1699,Haiti,2018/19,,(A),July
1700,Philippines,2018/19,,(R/A),July
1701,Tanzania,2018/19,,(A/R),July
1702,Zambia,2018/19,,(A),July
1705,Benin,2018/19,,(R),October
1706,Cameroon,2018/19,,(R/A),October
1707,Central African Republic,2018/19,,(R),October
1708,Colombia,2018/19,,(A),October
1709,"Congo, Dem. Rep. of",2018/19,,(R/A),October
1710,Costa Rica,2018/19,,(A),October
1711,Côte d'Ivoire,2018/19,,(R),October
1712,El Salvador,2018/19,,(A),October
1713,Equatorial Guinea,2018/19,,(R),October
1714,Ethiopia,2018/19,,(A),October
1715,Gabon,2018/19,,(R),October
1716,Ghana,2018/19,,(R),October
1717,Guatemala,2018/19,,(A/R),October
1718,Guinea,2018/19,,(R),October
1719,Guyana,2018/19,,(R),October
1720,Honduras,2018/19,,(A),October
1721,India,2018/19,,(R/A),October
1722,Jamaica,2018/19,,(A),October
1723,Kenya,2018/19,,(A),October
1724,"Lao, People's Dem. Rep. of",2018/19,,(R),October
1725,Liberia,2018/19,,(R),October
1726,Mexico,2018/19,,(A),October
1727,Nepal,2018/19,,(A),October
1728,Nicaragua,2018/19,,(A),October
1729,Nigeria,2018/19,,(R),October
1730,Panama,2018/19,,(A),October
1731,Sierra Leone,2018/19,,(R),October
1732,Sri Lanka,2018/19,,(R),October
1733,Thailand,2018/19,,(R/A),October
1734,Togo,2018/19,,(R),October
1735,Trinidad & Tobago,2018/19,,(R),October
1736,Uganda,2018/19,,(R/A),October
1737,Venezuela,2018/19,,(A),October
1738,Vietnam,2018/19,,(R/A),October
1739,Yemen,2018/19,,(A),October
