country_name,year,consumption,coffee_type,production_month
Angola,1990/91,20.0,(R/A),April
Bolivia,1990/91,25.0,(A),April
Brazil,1990/91,8200.0,(A/R),April
Burundi,1990/91,2.0,(A),April
Ecuador,1990/91,350.0,(A/R),April
Indonesia,1990/91,1242.0,(R/A),April
Madagascar,1990/91,350.0,(R),April
Malawi,1990/91,2.0,(A),April
Papua New Guinea,1990/91,3.0,(A/R),April
Paraguay,1990/91,15.0,(A),April
Peru,1990/91,190.0,(A),April
Rwanda,1990/91,1.0,(A),April
Timor-Leste,1990/91,,(A),April
Zimbabwe,1990/91,8.0,(A),April
"Congo, Rep. of",1990/91,3.0,(R),July
Cuba,1990/91,213.0,(A),July
Dominican Republic,1990/91,320.0,(A),July
Haiti,1990/91,220.0,(A),July
Philippines,1990/91,720.0,(R/A),July
Tanzania,1990/91,4.0,(A/R),July
Zambia,1990/91,1.5,(A),July
Benin,1990/91,0.0,(R),October
Cameroon,1990/91,83.3,(R/A),October
Central African Republic,1990/91,28.0,(R),October
Colombia,1990/91,1235.0,(A),October
"Congo, Dem. Rep. of",1990/91,200.0,(R/A),October
Costa Rica,1990/91,375.0,(A),October
Côte d'Ivoire,1990/91,50.0,(R),October
El Salvador,1990/91,180.0,(A),October
Equatorial Guinea,1990/91,0.0,(R),October
Ethiopia,1990/91,1200.0,(A),October
Gabon,1990/91,1.7,(R),October
Ghana,1990/91,17.0,(R),October
Guatemala,1990/91,300.0,(A/R),October
Guinea,1990/91,25.0,(R),October
Guyana,1990/91,,(R),October
Honduras,1990/91,188.154,(A),October
India,1990/91,903.0,(R/A),October
Jamaica,1990/91,7.0,(A),October
Kenya,1990/91,50.0,(A),October
"Lao, People's Dem. Rep. of",1990/91,,(R),October
Liberia,1990/91,3.0,(R),October
Mexico,1990/91,1374.0,(A),October
Nepal,1990/91,,(A),October
Nicaragua,1990/91,34.0,(A),October
Nigeria,1990/91,27.5,(R),October
Panama,1990/91,63.0,(A),October
Sierra Leone,1990/91,9.0,(R),October
Sri Lanka,1990/91,66.667,(R),October
Thailand,1990/91,188.0,(R/A),October
Togo,1990/91,1.0,(R),October
Trinidad & Tobago,1990/91,8.0,(R),October
Uganda,1990/91,70.0,(R/A),October
Venezuela,1990/91,782.39,(A),October
Vietnam,1990/91,150.0,(R/A),October
Yemen,1990/91,,(A),October
Angola,1991/92,30.0,(R/A),April
Bolivia,1991/92,30.0,(A),April
Brazil,1991/92,8500.0,(A/R),April
Burundi,1991/92,1.6,(A),April
Ecuador,1991/92,350.0,(A/R),April
Indonesia,1991/92,1280.0,(R/A),April
Madagascar,1991/92,300.0,(R),April
Malawi,1991/92,2.0,(A),April
Papua New Guinea,1991/92,3.0,(A/R),April
Paraguay,1991/92,15.0,(A),April
Peru,1991/92,190.0,(A),April
Rwanda,1991/92,1.0,(A),April
Timor-Leste,1991/92,,(A),April
Zimbabwe,1991/92,8.0,(A),April
"Congo, Rep. of",1991/92,2.667,(R),July
Cuba,1991/92,213.0,(A),July
Dominican Republic,1991/92,320.0,(A),July
Haiti,1991/92,330.0,(A),July
Philippines,1991/92,750.0,(R/A),July
Tanzania,1991/92,3.5,(A/R),July
Zambia,1991/92,1.5,(A),July
Benin,1991/92,0.0,(R),October
Cameroon,1991/92,83.333,(R/A),October
Central African Republic,1991/92,28.0,(R),October
Colombia,1991/92,1400.0,(A),October
"Congo, Dem. Rep. of",1991/92,200.0,(R/A),October
Costa Rica,1991/92,375.0,(A),October
Côte d'Ivoire,1991/92,50.0,(R),October
El Salvador,1991/92,180.0,(A),October
Equatorial Guinea,1991/92,0.0,(R),October
Ethiopia,1991/92,1264.0,(A),October
Gabon,1991/92,1.0,(R),October
Ghana,1991/92,17.0,(R),October
Guatemala,1991/92,300.0,(A/R),October
Guinea,1991/92,25.0,(R),October
Guyana,1991/92,,(R),October
Honduras,1991/92,257.1,(A),October
India,1991/92,916.667,(R/A),October
Jamaica,1991/92,11.0,(A),October
Kenya,1991/92,50.0,(A),October
"Lao, People's Dem. Rep. of",1991/92,,(R),October
Liberia,1991/92,3.0,(R),October
Mexico,1991/92,1200.0,(A),October
Nepal,1991/92,,(A),October
Nicaragua,1991/92,138.0,(A),October
Nigeria,1991/92,35.75,(R),October
Panama,1991/92,67.0,(A),October
Sierra Leone,1991/92,9.0,(R),October
Sri Lanka,1991/92,67.0,(R),October
Thailand,1991/92,220.0,(R/A),October
Togo,1991/92,1.0,(R),October
Trinidad & Tobago,1991/92,11.5,(R),October
Uganda,1991/92,75.0,(R/A),October
Venezuela,1991/92,815.48,(A),October
Vietnam,1991/92,230.0,(R/A),October
Yemen,1991/92,,(A),October
Angola,1992/93,35.0,(R/A),April
Bolivia,1992/93,30.0,(A),April
Brazil,1992/93,8900.0,(A/R),April
Burundi,1992/93,1.7,(A),April
Ecuador,1992/93,350.0,(A/R),April
Indonesia,1992/93,1319.0,(R/A),April
Madagascar,1992/93,350.0,(R),April
Malawi,1992/93,2.0,(A),April
Papua New Guinea,1992/93,3.0,(A/R),April
Paraguay,1992/93,15.0,(A),April
Peru,1992/93,200.0,(A),April
Rwanda,1992/93,1.0,(A),April
Timor-Leste,1992/93,,(A),April
Zimbabwe,1992/93,8.0,(A),April
"Congo, Rep. of",1992/93,2.667,(R),July
Cuba,1992/93,195.0,(A),July
Dominican Republic,1992/93,320.0,(A),July
Haiti,1992/93,330.0,(A),July
Philippines,1992/93,750.0,(R/A),July
Tanzania,1992/93,19.2,(A/R),July
Zambia,1992/93,1.432,(A),July
Benin,1992/93,0.0,(R),October
Cameroon,1992/93,83.333,(R/A),October
Central African Republic,1992/93,28.0,(R),October
Colombia,1992/93,1300.0,(A),October
"Congo, Dem. Rep. of",1992/93,200.0,(R/A),October
Costa Rica,1992/93,375.0,(A),October
Côte d'Ivoire,1992/93,50.0,(R),October
El Salvador,1992/93,230.0,(A),October
Equatorial Guinea,1992/93,0.0,(R),October
Ethiopia,1992/93,1331.0,(A),October
Gabon,1992/93,0.8,(R),October
Ghana,1992/93,17.0,(R),October
Guatemala,1992/93,300.0,(A/R),October
Guinea,1992/93,62.5,(R),October
Guyana,1992/93,,(R),October
Honduras,1992/93,240.0,(A),October
India,1992/93,917.0,(R/A),October
Jamaica,1992/93,6.0,(A),October
Kenya,1992/93,50.0,(A),October
"Lao, People's Dem. Rep. of",1992/93,,(R),October
Liberia,1992/93,3.0,(R),October
Mexico,1992/93,1300.0,(A),October
Nepal,1992/93,,(A),October
Nicaragua,1992/93,65.6,(A),October
Nigeria,1992/93,35.75,(R),October
Panama,1992/93,67.0,(A),October
Sierra Leone,1992/93,9.0,(R),October
Sri Lanka,1992/93,28.0,(R),October
Thailand,1992/93,233.0,(R/A),October
Togo,1992/93,1.0,(R),October
Trinidad & Tobago,1992/93,10.0,(R),October
Uganda,1992/93,75.0,(R/A),October
Venezuela,1992/93,849.97,(A),October
Vietnam,1992/93,250.0,(R/A),October
Yemen,1992/93,,(A),October
Angola,1993/94,20.0,(R/A),April
Bolivia,1993/94,35.0,(A),April
Brazil,1993/94,9100.0,(A/R),April
Burundi,1993/94,1.91,(A),April
Ecuador,1993/94,350.0,(A/R),April
Indonesia,1993/94,1359.0,(R/A),April
Madagascar,1993/94,360.0,(R),April
Malawi,1993/94,2.0,(A),April
Papua New Guinea,1993/94,2.0,(A/R),April
Paraguay,1993/94,20.0,(A),April
Peru,1993/94,200.0,(A),April
Rwanda,1993/94,1.0,(A),April
Timor-Leste,1993/94,,(A),April
Zimbabwe,1993/94,8.333,(A),April
"Congo, Rep. of",1993/94,3.0,(R),July
Cuba,1993/94,194.1,(A),July
Dominican Republic,1993/94,320.0,(A),July
Haiti,1993/94,330.0,(A),July
Philippines,1993/94,770.0,(R/A),July
Tanzania,1993/94,17.5,(A/R),July
Zambia,1993/94,1.0,(A),July
Benin,1993/94,0.0,(R),October
Cameroon,1993/94,100.0,(R/A),October
Central African Republic,1993/94,25.0,(R),October
Colombia,1993/94,1400.0,(A),October
"Congo, Dem. Rep. of",1993/94,200.0,(R/A),October
Costa Rica,1993/94,375.0,(A),October
Côte d'Ivoire,1993/94,50.0,(R),October
El Salvador,1993/94,230.0,(A),October
Equatorial Guinea,1993/94,0.0,(R),October
Ethiopia,1993/94,1402.0,(A),October
Gabon,1993/94,0.8,(R),October
Ghana,1993/94,17.0,(R),October
Guatemala,1993/94,310.0,(A/R),October
Guinea,1993/94,33.0,(R),October
Guyana,1993/94,,(R),October
Honduras,1993/94,230.0,(A),October
India,1993/94,833.333,(R/A),October
Jamaica,1993/94,9.6,(A),October
Kenya,1993/94,50.0,(A),October
"Lao, People's Dem. Rep. of",1993/94,,(R),October
Liberia,1993/94,5.0,(R),October
Mexico,1993/94,1070.0,(A),October
Nepal,1993/94,,(A),October
Nicaragua,1993/94,108.9,(A),October
Nigeria,1993/94,40.0,(R),October
Panama,1993/94,67.0,(A),October
Sierra Leone,1993/94,5.0,(R),October
Sri Lanka,1993/94,20.0,(R),October
Thailand,1993/94,250.0,(R/A),October
Togo,1993/94,1.0,(R),October
Trinidad & Tobago,1993/94,10.0,(R),October
Uganda,1993/94,75.0,(R/A),October
Venezuela,1993/94,885.93,(A),October
Vietnam,1993/94,267.0,(R/A),October
Yemen,1993/94,,(A),October
Angola,1994/95,25.0,(R/A),April
Bolivia,1994/95,35.0,(A),April
Brazil,1994/95,9300.0,(A/R),April
Burundi,1994/95,2.0,(A),April
Ecuador,1994/95,350.0,(A/R),April
Indonesia,1994/95,1400.0,(R/A),April
Madagascar,1994/95,166.666,(R),April
Malawi,1994/95,2.0,(A),April
Papua New Guinea,1994/95,2.0,(A/R),April
Paraguay,1994/95,20.0,(A),April
Peru,1994/95,200.0,(A),April
Rwanda,1994/95,1.0,(A),April
Timor-Leste,1994/95,,(A),April
Zimbabwe,1994/95,8.333,(A),April
"Congo, Rep. of",1994/95,3.0,(R),July
Cuba,1994/95,194.0,(A),July
Dominican Republic,1994/95,330.0,(A),July
Haiti,1994/95,330.0,(A),July
Philippines,1994/95,790.0,(R/A),July
Tanzania,1994/95,17.5,(A/R),July
Zambia,1994/95,1.5,(A),July
Benin,1994/95,0.0,(R),October
Cameroon,1994/95,100.0,(R/A),October
Central African Republic,1994/95,15.0,(R),October
Colombia,1994/95,1375.0,(A),October
"Congo, Dem. Rep. of",1994/95,200.0,(R/A),October
Costa Rica,1994/95,375.0,(A),October
Côte d'Ivoire,1994/95,50.0,(R),October
El Salvador,1994/95,230.0,(A),October
Equatorial Guinea,1994/95,0.0,(R),October
Ethiopia,1994/95,1476.0,(A),October
Gabon,1994/95,1.0,(R),October
Ghana,1994/95,28.0,(R),October
Guatemala,1994/95,310.0,(A/R),October
Guinea,1994/95,50.0,(R),October
Guyana,1994/95,,(R),October
Honduras,1994/95,253.0,(A),October
India,1994/95,833.333,(R/A),October
Jamaica,1994/95,15.0,(A),October
Kenya,1994/95,50.0,(A),October
"Lao, People's Dem. Rep. of",1994/95,,(R),October
Liberia,1994/95,5.0,(R),October
Mexico,1994/95,1020.0,(A),October
Nepal,1994/95,,(A),October
Nicaragua,1994/95,89.6,(A),October
Nigeria,1994/95,40.0,(R),October
Panama,1994/95,76.667,(A),October
Sierra Leone,1994/95,5.0,(R),October
Sri Lanka,1994/95,20.0,(R),October
Thailand,1994/95,283.0,(R/A),October
Togo,1994/95,1.0,(R),October
Trinidad & Tobago,1994/95,14.0,(R),October
Uganda,1994/95,80.0,(R/A),October
Venezuela,1994/95,923.4,(A),October
Vietnam,1994/95,267.0,(R/A),October
Yemen,1994/95,,(A),October
Angola,1995/96,10.0,(R/A),April
Bolivia,1995/96,40.0,(A),April
Brazil,1995/96,10100.0,(A/R),April
Burundi,1995/96,2.0,(A),April
Ecuador,1995/96,350.0,(A/R),April
Indonesia,1995/96,1443.0,(R/A),April
Madagascar,1995/96,167.0,(R),April
Malawi,1995/96,2.0,(A),April
Papua New Guinea,1995/96,2.0,(A/R),April
Paraguay,1995/96,20.0,(A),April
Peru,1995/96,200.0,(A),April
Rwanda,1995/96,1.0,(A),April
Timor-Leste,1995/96,,(A),April
Zimbabwe,1995/96,6.6,(A),April
"Congo, Rep. of",1995/96,3.0,(R),July
Cuba,1995/96,194.0,(A),July
Dominican Republic,1995/96,350.0,(A),July
Haiti,1995/96,330.0,(A),July
Philippines,1995/96,810.0,(R/A),July
Tanzania,1995/96,13.6,(A/R),July
Zambia,1995/96,0.6,(A),July
Benin,1995/96,0.0,(R),October
Cameroon,1995/96,100.0,(R/A),October
Central African Republic,1995/96,10.0,(R),October
Colombia,1995/96,1500.0,(A),October
"Congo, Dem. Rep. of",1995/96,200.0,(R/A),October
Costa Rica,1995/96,375.0,(A),October
Côte d'Ivoire,1995/96,50.0,(R),October
El Salvador,1995/96,270.0,(A),October
Equatorial Guinea,1995/96,0.0,(R),October
Ethiopia,1995/96,1555.0,(A),October
Gabon,1995/96,0.8,(R),October
Ghana,1995/96,28.0,(R),October
Guatemala,1995/96,310.0,(A/R),October
Guinea,1995/96,50.0,(R),October
Guyana,1995/96,,(R),October
Honduras,1995/96,161.0,(A),October
India,1995/96,833.333,(R/A),October
Jamaica,1995/96,15.0,(A),October
Kenya,1995/96,50.0,(A),October
"Lao, People's Dem. Rep. of",1995/96,,(R),October
Liberia,1995/96,5.0,(R),October
Mexico,1995/96,1179.0,(A),October
Nepal,1995/96,,(A),October
Nicaragua,1995/96,111.5,(A),October
Nigeria,1995/96,40.0,(R),October
Panama,1995/96,76.667,(A),October
Sierra Leone,1995/96,8.0,(R),October
Sri Lanka,1995/96,20.0,(R),October
Thailand,1995/96,417.0,(R/A),October
Togo,1995/96,1.0,(R),October
Trinidad & Tobago,1995/96,14.0,(R),October
Uganda,1995/96,80.0,(R/A),October
Venezuela,1995/96,962.46,(A),October
Vietnam,1995/96,281.845,(R/A),October
Yemen,1995/96,,(A),October
Angola,1996/97,20.0,(R/A),April
Bolivia,1996/97,40.0,(A),April
Brazil,1996/97,11000.0,(A/R),April
Burundi,1996/97,2.0,(A),April
Ecuador,1996/97,300.0,(A/R),April
Indonesia,1996/97,1486.0,(R/A),April
Madagascar,1996/97,167.0,(R),April
Malawi,1996/97,2.0,(A),April
Papua New Guinea,1996/97,2.0,(A/R),April
Paraguay,1996/97,20.0,(A),April
Peru,1996/97,200.0,(A),April
Rwanda,1996/97,1.0,(A),April
Timor-Leste,1996/97,,(A),April
Zimbabwe,1996/97,4.0,(A),April
"Congo, Rep. of",1996/97,3.0,(R),July
Cuba,1996/97,189.0,(A),July
Dominican Republic,1996/97,325.0,(A),July
Haiti,1996/97,330.0,(A),July
Philippines,1996/97,831.0,(R/A),July
Tanzania,1996/97,16.6,(A/R),July
Zambia,1996/97,1.0,(A),July
Benin,1996/97,0.0,(R),October
Cameroon,1996/97,100.0,(R/A),October
Central African Republic,1996/97,10.0,(R),October
Colombia,1996/97,1600.0,(A),October
"Congo, Dem. Rep. of",1996/97,200.0,(R/A),October
Costa Rica,1996/97,375.0,(A),October
Côte d'Ivoire,1996/97,50.0,(R),October
El Salvador,1996/97,230.0,(A),October
Equatorial Guinea,1996/97,0.0,(R),October
Ethiopia,1996/97,1637.0,(A),October
Gabon,1996/97,0.833,(R),October
Ghana,1996/97,3.0,(R),October
Guatemala,1996/97,300.0,(A/R),October
Guinea,1996/97,50.0,(R),October
Guyana,1996/97,,(R),October
Honduras,1996/97,167.924,(A),October
India,1996/97,833.333,(R/A),October
Jamaica,1996/97,18.0,(A),October
Kenya,1996/97,50.0,(A),October
"Lao, People's Dem. Rep. of",1996/97,,(R),October
Liberia,1996/97,5.0,(R),October
Mexico,1996/97,1235.0,(A),October
Nepal,1996/97,,(A),October
Nicaragua,1996/97,95.37,(A),October
Nigeria,1996/97,40.0,(R),October
Panama,1996/97,76.667,(A),October
Sierra Leone,1996/97,8.0,(R),October
Sri Lanka,1996/97,20.0,(R),October
Thailand,1996/97,333.0,(R/A),October
Togo,1996/97,1.0,(R),October
Trinidad & Tobago,1996/97,14.0,(R),October
Uganda,1996/97,80.0,(R/A),October
Venezuela,1996/97,1003.18,(A),October
Vietnam,1996/97,297.516,(R/A),October
Yemen,1996/97,,(A),October
Angola,1997/98,40.0,(R/A),April
Bolivia,1997/98,45.0,(A),April
Brazil,1997/98,11500.0,(A/R),April
Burundi,1997/98,2.0,(A),April
Ecuador,1997/98,300.0,(A/R),April
Indonesia,1997/98,1532.0,(R/A),April
Madagascar,1997/98,167.0,(R),April
Malawi,1997/98,2.0,(A),April
Papua New Guinea,1997/98,2.0,(A/R),April
Paraguay,1997/98,20.0,(A),April
Peru,1997/98,200.0,(A),April
Rwanda,1997/98,3.0,(A),April
Timor-Leste,1997/98,,(A),April
Zimbabwe,1997/98,4.0,(A),April
"Congo, Rep. of",1997/98,3.0,(R),July
Cuba,1997/98,195.0,(A),July
Dominican Republic,1997/98,325.0,(A),July
Haiti,1997/98,330.0,(A),July
Philippines,1997/98,853.0,(R/A),July
Tanzania,1997/98,17.0,(A/R),July
Zambia,1997/98,0.6,(A),July
Benin,1997/98,0.0,(R),October
Cameroon,1997/98,100.0,(R/A),October
Central African Republic,1997/98,10.0,(R),October
Colombia,1997/98,1600.0,(A),October
"Congo, Dem. Rep. of",1997/98,200.0,(R/A),October
Costa Rica,1997/98,375.0,(A),October
Côte d'Ivoire,1997/98,50.0,(R),October
El Salvador,1997/98,191.667,(A),October
Equatorial Guinea,1997/98,0.0,(R),October
Ethiopia,1997/98,1724.0,(A),October
Gabon,1997/98,0.8,(R),October
Ghana,1997/98,3.0,(R),October
Guatemala,1997/98,300.0,(A/R),October
Guinea,1997/98,50.0,(R),October
Guyana,1997/98,,(R),October
Honduras,1997/98,161.0,(A),October
India,1997/98,833.333,(R/A),October
Jamaica,1997/98,20.0,(A),October
Kenya,1997/98,50.0,(A),October
"Lao, People's Dem. Rep. of",1997/98,,(R),October
Liberia,1997/98,5.0,(R),October
Mexico,1997/98,1201.0,(A),October
Nepal,1997/98,,(A),October
Nicaragua,1997/98,123.0,(A),October
Nigeria,1997/98,40.0,(R),October
Panama,1997/98,80.615,(A),October
Sierra Leone,1997/98,5.0,(R),October
Sri Lanka,1997/98,20.0,(R),October
Thailand,1997/98,390.0,(R/A),October
Togo,1997/98,1.0,(R),October
Trinidad & Tobago,1997/98,14.0,(R),October
Uganda,1997/98,101.19,(R/A),October
Venezuela,1997/98,1045.61,(A),October
Vietnam,1997/98,314.058,(R/A),October
Yemen,1997/98,,(A),October
Angola,1998/99,30.0,(R/A),April
Bolivia,1998/99,45.0,(A),April
Brazil,1998/99,12200.0,(A/R),April
Burundi,1998/99,2.0,(A),April
Ecuador,1998/99,300.0,(A/R),April
Indonesia,1998/99,1578.0,(R/A),April
Madagascar,1998/99,167.0,(R),April
Malawi,1998/99,2.0,(A),April
Papua New Guinea,1998/99,1.0,(A/R),April
Paraguay,1998/99,20.0,(A),April
Peru,1998/99,200.0,(A),April
Rwanda,1998/99,3.0,(A),April
Timor-Leste,1998/99,,(A),April
Zimbabwe,1998/99,4.0,(A),April
"Congo, Rep. of",1998/99,3.0,(R),July
Cuba,1998/99,200.0,(A),July
Dominican Republic,1998/99,325.0,(A),July
Haiti,1998/99,330.0,(A),July
Philippines,1998/99,810.0,(R/A),July
Tanzania,1998/99,17.0,(A/R),July
Zambia,1998/99,0.6,(A),July
Benin,1998/99,0.0,(R),October
Cameroon,1998/99,100.0,(R/A),October
Central African Republic,1998/99,19.0,(R),October
Colombia,1998/99,1600.0,(A),October
"Congo, Dem. Rep. of",1998/99,200.0,(R/A),October
Costa Rica,1998/99,375.0,(A),October
Côte d'Ivoire,1998/99,50.0,(R),October
El Salvador,1998/99,191.667,(A),October
Equatorial Guinea,1998/99,0.0,(R),October
Ethiopia,1998/99,1816.0,(A),October
Gabon,1998/99,0.8,(R),October
Ghana,1998/99,1.0,(R),October
Guatemala,1998/99,300.0,(A/R),October
Guinea,1998/99,50.0,(R),October
Guyana,1998/99,4.867,(R),October
Honduras,1998/99,138.0,(A),October
India,1998/99,833.0,(R/A),October
Jamaica,1998/99,14.8,(A),October
Kenya,1998/99,50.0,(A),October
"Lao, People's Dem. Rep. of",1998/99,0.0,(R),October
Liberia,1998/99,5.0,(R),October
Mexico,1998/99,1108.0,(A),October
Nepal,1998/99,,(A),October
Nicaragua,1998/99,126.5,(A),October
Nigeria,1998/99,40.0,(R),October
Panama,1998/99,67.0,(A),October
Sierra Leone,1998/99,5.0,(R),October
Sri Lanka,1998/99,30.0,(R),October
Thailand,1998/99,433.0,(R/A),October
Togo,1998/99,2.0,(R),October
Trinidad & Tobago,1998/99,14.0,(R),October
Uganda,1998/99,116.0,(R/A),October
Venezuela,1998/99,1089.84,(A),October
Vietnam,1998/99,331.519,(R/A),October
Yemen,1998/99,0.0,(A),October
Angola,1999/00,20.0,(R/A),April
Bolivia,1999/00,60.0,(A),April
Brazil,1999/00,12700.0,(A/R),April
Burundi,1999/00,2.0,(A),April
Ecuador,1999/00,230.0,(A/R),April
Indonesia,1999/00,1626.0,(R/A),April
Madagascar,1999/00,56.0,(R),April
Malawi,1999/00,1.0,(A),April
Papua New Guinea,1999/00,2.0,(A/R),April
Paraguay,1999/00,20.0,(A),April
Peru,1999/00,200.0,(A),April
Rwanda,1999/00,2.0,(A),April
Timor-Leste,1999/00,,(A),April
Zimbabwe,1999/00,4.0,(A),April
"Congo, Rep. of",1999/00,3.0,(R),July
Cuba,1999/00,200.0,(A),July
Dominican Republic,1999/00,325.0,(A),July
Haiti,1999/00,340.0,(A),July
Philippines,1999/00,862.0,(R/A),July
Tanzania,1999/00,14.0,(A/R),July
Zambia,1999/00,0.6,(A),July
Benin,1999/00,0.0,(R),October
Cameroon,1999/00,100.0,(R/A),October
Central African Republic,1999/00,21.0,(R),October
Colombia,1999/00,1400.0,(A),October
"Congo, Dem. Rep. of",1999/00,200.0,(R/A),October
Costa Rica,1999/00,375.0,(A),October
Côte d'Ivoire,1999/00,50.0,(R),October
El Salvador,1999/00,153.3,(A),October
Equatorial Guinea,1999/00,0.0,(R),October
Ethiopia,1999/00,1912.0,(A),October
Gabon,1999/00,0.715,(R),October
Ghana,1999/00,1.0,(R),October
Guatemala,1999/00,300.0,(A/R),October
Guinea,1999/00,50.0,(R),October
Guyana,1999/00,4.35,(R),October
Honduras,1999/00,168.0,(A),October
India,1999/00,917.0,(R/A),October
Jamaica,1999/00,11.0,(A),October
Kenya,1999/00,50.0,(A),October
"Lao, People's Dem. Rep. of",1999/00,0.0,(R),October
Liberia,1999/00,5.0,(R),October
Mexico,1999/00,1150.0,(A),October
Nepal,1999/00,,(A),October
Nicaragua,1999/00,130.3,(A),October
Nigeria,1999/00,40.0,(R),October
Panama,1999/00,67.0,(A),October
Sierra Leone,1999/00,5.0,(R),October
Sri Lanka,1999/00,30.0,(R),October
Thailand,1999/00,433.0,(R/A),October
Togo,1999/00,2.0,(R),October
Trinidad & Tobago,1999/00,14.0,(R),October
Uganda,1999/00,119.0,(R/A),October
Venezuela,1999/00,1135.94,(A),October
Vietnam,1999/00,350.0,(R/A),October
Yemen,1999/00,0.0,(A),October
Angola,2000/01,20.0,(R/A),April
Bolivia,2000/01,60.0,(A),April
Brazil,2000/01,13200.0,(A/R),April
Burundi,2000/01,2.0,(A),April
Ecuador,2000/01,200.0,(A/R),April
Indonesia,2000/01,1676.0,(R/A),April
Madagascar,2000/01,89.1,(R),April
Malawi,2000/01,1.0,(A),April
Papua New Guinea,2000/01,2.0,(A/R),April
Paraguay,2000/01,20.0,(A),April
Peru,2000/01,200.0,(A),April
Rwanda,2000/01,2.0,(A),April
Timor-Leste,2000/01,0.0,(A),April
Zimbabwe,2000/01,4.0,(A),April
"Congo, Rep. of",2000/01,3.0,(R),July
Cuba,2000/01,213.0,(A),July
Dominican Republic,2000/01,325.0,(A),July
Haiti,2000/01,340.0,(A),July
Philippines,2000/01,820.0,(R/A),July
Tanzania,2000/01,15.0,(A/R),July
Zambia,2000/01,0.6,(A),July
Benin,2000/01,0.0,(R),October
Cameroon,2000/01,75.0,(R/A),October
Central African Republic,2000/01,3.0,(R),October
Colombia,2000/01,1400.0,(A),October
"Congo, Dem. Rep. of",2000/01,200.0,(R/A),October
Costa Rica,2000/01,375.0,(A),October
Côte d'Ivoire,2000/01,316.667,(R),October
El Salvador,2000/01,144.0,(A),October
Equatorial Guinea,2000/01,0.0,(R),October
Ethiopia,2000/01,2014.0,(A),October
Gabon,2000/01,0.3,(R),October
Ghana,2000/01,1.0,(R),October
Guatemala,2000/01,300.0,(A/R),October
Guinea,2000/01,50.0,(R),October
Guyana,2000/01,1.883,(R),October
Honduras,2000/01,230.0,(A),October
India,2000/01,1000.0,(R/A),October
Jamaica,2000/01,12.067,(A),October
Kenya,2000/01,50.0,(A),October
"Lao, People's Dem. Rep. of",2000/01,0.0,(R),October
Liberia,2000/01,5.0,(R),October
Mexico,2000/01,1305.0,(A),October
Nepal,2000/01,,(A),October
Nicaragua,2000/01,174.93,(A),October
Nigeria,2000/01,40.0,(R),October
Panama,2000/01,67.0,(A),October
Sierra Leone,2000/01,5.0,(R),October
Sri Lanka,2000/01,30.0,(R),October
Thailand,2000/01,500.0,(R/A),October
Togo,2000/01,2.0,(R),October
Trinidad & Tobago,2000/01,14.0,(R),October
Uganda,2000/01,142.0,(R/A),October
Venezuela,2000/01,1183.99,(A),October
Vietnam,2000/01,401.625,(R/A),October
Yemen,2000/01,0.0,(A),October
Angola,2001/02,20.0,(R/A),April
Bolivia,2001/02,60.0,(A),April
Brazil,2001/02,13590.0,(A/R),April
Burundi,2001/02,2.0,(A),April
Ecuador,2001/02,200.0,(A/R),April
Indonesia,2001/02,2000.0,(R/A),April
Madagascar,2001/02,128.0,(R),April
Malawi,2001/02,1.0,(A),April
Papua New Guinea,2001/02,2.0,(A/R),April
Paraguay,2001/02,20.0,(A),April
Peru,2001/02,200.0,(A),April
Rwanda,2001/02,2.0,(A),April
Timor-Leste,2001/02,0.0,(A),April
Zimbabwe,2001/02,4.0,(A),April
"Congo, Rep. of",2001/02,3.0,(R),July
Cuba,2001/02,220.0,(A),July
Dominican Republic,2001/02,340.198,(A),July
Haiti,2001/02,340.0,(A),July
Philippines,2001/02,821.0,(R/A),July
Tanzania,2001/02,15.0,(A/R),July
Zambia,2001/02,0.6,(A),July
Benin,2001/02,0.0,(R),October
Cameroon,2001/02,69.0,(R/A),October
Central African Republic,2001/02,3.0,(R),October
Colombia,2001/02,1400.0,(A),October
"Congo, Dem. Rep. of",2001/02,200.0,(R/A),October
Costa Rica,2001/02,375.0,(A),October
Côte d'Ivoire,2001/02,316.667,(R),October
El Salvador,2001/02,153.3,(A),October
Equatorial Guinea,2001/02,0.0,(R),October
Ethiopia,2001/02,2121.0,(A),October
Gabon,2001/02,0.3,(R),October
Ghana,2001/02,1.0,(R),October
Guatemala,2001/02,300.0,(A/R),October
Guinea,2001/02,50.0,(R),October
Guyana,2001/02,4.167,(R),October
Honduras,2001/02,200.0,(A),October
India,2001/02,1067.0,(R/A),October
Jamaica,2001/02,10.0,(A),October
Kenya,2001/02,50.0,(A),October
"Lao, People's Dem. Rep. of",2001/02,0.0,(R),October
Liberia,2001/02,5.0,(R),October
Mexico,2001/02,1500.0,(A),October
Nepal,2001/02,,(A),October
Nicaragua,2001/02,177.323,(A),October
Nigeria,2001/02,40.0,(R),October
Panama,2001/02,67.0,(A),October
Sierra Leone,2001/02,5.0,(R),October
Sri Lanka,2001/02,30.0,(R),October
Thailand,2001/02,500.0,(R/A),October
Togo,2001/02,2.0,(R),October
Trinidad & Tobago,2001/02,14.0,(R),October
Uganda,2001/02,141.0,(R/A),October
Venezuela,2001/02,1234.07,(A),October
Vietnam,2001/02,460.865,(R/A),October
Yemen,2001/02,0.0,(A),October
Angola,2002/03,20.0,(R/A),April
Bolivia,2002/03,60.0,(A),April
Brazil,2002/03,13750.0,(A/R),April
Burundi,2002/03,2.0,(A),April
Ecuador,2002/03,150.0,(A/R),April
Indonesia,2002/03,1779.0,(R/A),April
Madagascar,2002/03,217.0,(R),April
Malawi,2002/03,1.0,(A),April
Papua New Guinea,2002/03,2.0,(A/R),April
Paraguay,2002/03,20.0,(A),April
Peru,2002/03,220.0,(A),April
Rwanda,2002/03,0.333,(A),April
Timor-Leste,2002/03,0.0,(A),April
Zimbabwe,2002/03,4.0,(A),April
"Congo, Rep. of",2002/03,3.0,(R),July
Cuba,2002/03,224.0,(A),July
Dominican Republic,2002/03,340.198,(A),July
Haiti,2002/03,340.0,(A),July
Philippines,2002/03,829.0,(R/A),July
Tanzania,2002/03,15.0,(A/R),July
Zambia,2002/03,0.6,(A),July
Benin,2002/03,0.0,(R),October
Cameroon,2002/03,69.0,(R/A),October
Central African Republic,2002/03,3.787,(R),October
Colombia,2002/03,1400.0,(A),October
"Congo, Dem. Rep. of",2002/03,200.0,(R/A),October
Costa Rica,2002/03,375.0,(A),October
Côte d'Ivoire,2002/03,316.667,(R),October
El Salvador,2002/03,153.3,(A),October
Equatorial Guinea,2002/03,0.0,(R),October
Ethiopia,2002/03,2234.0,(A),October
Gabon,2002/03,0.3,(R),October
Ghana,2002/03,1.0,(R),October
Guatemala,2002/03,300.0,(A/R),October
Guinea,2002/03,50.0,(R),October
Guyana,2002/03,4.35,(R),October
Honduras,2002/03,200.0,(A),October
India,2002/03,1133.0,(R/A),October
Jamaica,2002/03,9.0,(A),October
Kenya,2002/03,50.0,(A),October
"Lao, People's Dem. Rep. of",2002/03,158.0,(R),October
Liberia,2002/03,5.0,(R),October
Mexico,2002/03,1500.0,(A),October
Nepal,2002/03,,(A),October
Nicaragua,2002/03,179.624,(A),October
Nigeria,2002/03,40.0,(R),October
Panama,2002/03,67.0,(A),October
Sierra Leone,2002/03,5.0,(R),October
Sri Lanka,2002/03,30.0,(R),October
Thailand,2002/03,500.0,(R/A),October
Togo,2002/03,2.0,(R),October
Trinidad & Tobago,2002/03,14.0,(R),October
Uganda,2002/03,140.0,(R/A),October
Venezuela,2002/03,1286.27,(A),October
Vietnam,2002/03,518.842,(R/A),October
Yemen,2002/03,0.0,(A),October
Angola,2003/04,15.0,(R/A),April
Bolivia,2003/04,60.0,(A),April
Brazil,2003/04,14200.0,(A/R),April
Burundi,2003/04,2.0,(A),April
Ecuador,2003/04,150.0,(A/R),April
Indonesia,2003/04,1833.0,(R/A),April
Madagascar,2003/04,333.0,(R),April
Malawi,2003/04,1.0,(A),April
Papua New Guinea,2003/04,2.0,(A/R),April
Paraguay,2003/04,20.0,(A),April
Peru,2003/04,220.0,(A),April
Rwanda,2003/04,0.333,(A),April
Timor-Leste,2003/04,0.0,(A),April
Zimbabwe,2003/04,4.0,(A),April
"Congo, Rep. of",2003/04,3.0,(R),July
Cuba,2003/04,224.0,(A),July
Dominican Republic,2003/04,340.0,(A),July
Haiti,2003/04,340.0,(A),July
Philippines,2003/04,917.0,(R/A),July
Tanzania,2003/04,27.0,(A/R),July
Zambia,2003/04,0.6,(A),July
Benin,2003/04,0.0,(R),October
Cameroon,2003/04,69.0,(R/A),October
Central African Republic,2003/04,3.787,(R),October
Colombia,2003/04,1400.0,(A),October
"Congo, Dem. Rep. of",2003/04,200.0,(R/A),October
Costa Rica,2003/04,375.0,(A),October
Côte d'Ivoire,2003/04,316.667,(R),October
El Salvador,2003/04,153.3,(A),October
Equatorial Guinea,2003/04,0.0,(R),October
Ethiopia,2003/04,2353.0,(A),October
Gabon,2003/04,0.3,(R),October
Ghana,2003/04,1.0,(R),October
Guatemala,2003/04,300.0,(A/R),October
Guinea,2003/04,50.0,(R),October
Guyana,2003/04,4.75,(R),October
Honduras,2003/04,200.0,(A),October
India,2003/04,1167.0,(R/A),October
Jamaica,2003/04,9.0,(A),October
Kenya,2003/04,50.0,(A),October
"Lao, People's Dem. Rep. of",2003/04,103.0,(R),October
Liberia,2003/04,5.0,(R),October
Mexico,2003/04,1500.0,(A),October
Nepal,2003/04,0.0,(A),October
Nicaragua,2003/04,181.915,(A),October
Nigeria,2003/04,40.0,(R),October
Panama,2003/04,67.0,(A),October
Sierra Leone,2003/04,5.0,(R),October
Sri Lanka,2003/04,30.0,(R),October
Thailand,2003/04,500.0,(R/A),October
Togo,2003/04,2.0,(R),October
Trinidad & Tobago,2003/04,14.0,(R),October
Uganda,2003/04,131.0,(R/A),October
Venezuela,2003/04,1340.68,(A),October
Vietnam,2003/04,606.846,(R/A),October
Yemen,2003/04,146.0,(A),October
Angola,2004/05,15.0,(R/A),April
Bolivia,2004/05,60.0,(A),April
Brazil,2004/05,14946.0,(A/R),April
Burundi,2004/05,2.0,(A),April
Ecuador,2004/05,150.0,(A/R),April
Indonesia,2004/05,2000.0,(R/A),April
Madagascar,2004/05,467.0,(R),April
Malawi,2004/05,1.0,(A),April
Papua New Guinea,2004/05,2.0,(A/R),April
Paraguay,2004/05,20.0,(A),April
Peru,2004/05,220.0,(A),April
Rwanda,2004/05,1.0,(A),April
Timor-Leste,2004/05,0.0,(A),April
Zimbabwe,2004/05,4.0,(A),April
"Congo, Rep. of",2004/05,3.0,(R),July
Cuba,2004/05,224.0,(A),July
Dominican Republic,2004/05,377.998,(A),July
Haiti,2004/05,340.0,(A),July
Philippines,2004/05,1020.0,(R/A),July
Tanzania,2004/05,37.0,(A/R),July
Zambia,2004/05,0.6,(A),July
Benin,2004/05,0.0,(R),October
Cameroon,2004/05,69.0,(R/A),October
Central African Republic,2004/05,3.0,(R),October
Colombia,2004/05,1400.0,(A),October
"Congo, Dem. Rep. of",2004/05,200.0,(R/A),October
Costa Rica,2004/05,375.0,(A),October
Côte d'Ivoire,2004/05,316.667,(R),October
El Salvador,2004/05,172.5,(A),October
Equatorial Guinea,2004/05,0.0,(R),October
Ethiopia,2004/05,2478.0,(A),October
Gabon,2004/05,0.3,(R),October
Ghana,2004/05,1.59,(R),October
Guatemala,2004/05,300.0,(A/R),October
Guinea,2004/05,50.0,(R),October
Guyana,2004/05,5.5,(R),October
Honduras,2004/05,230.0,(A),October
India,2004/05,1250.0,(R/A),October
Jamaica,2004/05,9.0,(A),October
Kenya,2004/05,50.0,(A),October
"Lao, People's Dem. Rep. of",2004/05,135.0,(R),October
Liberia,2004/05,5.0,(R),October
Mexico,2004/05,1500.0,(A),October
Nepal,2004/05,0.0,(A),October
Nicaragua,2004/05,184.278,(A),October
Nigeria,2004/05,40.0,(R),October
Panama,2004/05,67.0,(A),October
Sierra Leone,2004/05,5.0,(R),October
Sri Lanka,2004/05,30.0,(R),October
Thailand,2004/05,500.0,(R/A),October
Togo,2004/05,2.0,(R),October
Trinidad & Tobago,2004/05,14.0,(R),October
Uganda,2004/05,140.0,(R/A),October
Venezuela,2004/05,1397.39,(A),October
Vietnam,2004/05,696.356,(R/A),October
Yemen,2004/05,136.0,(A),October
Angola,2005/06,15.0,(R/A),April
Bolivia,2005/06,60.0,(A),April
Brazil,2005/06,15538.0,(A/R),April
Burundi,2005/06,1.906,(A),April
Ecuador,2005/06,150.0,(A/R),April
Indonesia,2005/06,2500.0,(R/A),April
Madagascar,2005/06,467.0,(R),April
Malawi,2005/06,1.0,(A),April
Papua New Guinea,2005/06,2.0,(A/R),April
Paraguay,2005/06,20.0,(A),April
Peru,2005/06,220.0,(A),April
Rwanda,2005/06,1.0,(A),April
Timor-Leste,2005/06,0.0,(A),April
Zimbabwe,2005/06,4.0,(A),April
"Congo, Rep. of",2005/06,3.0,(R),July
Cuba,2005/06,224.0,(A),July
Dominican Republic,2005/06,377.998,(A),July
Haiti,2005/06,340.0,(A),July
Philippines,2005/06,1040.0,(R/A),July
Tanzania,2005/06,47.0,(A/R),July
Zambia,2005/06,0.6,(A),July
Benin,2005/06,0.0,(R),October
Cameroon,2005/06,69.0,(R/A),October
Central African Republic,2005/06,3.0,(R),October
Colombia,2005/06,1400.0,(A),October
"Congo, Dem. Rep. of",2005/06,200.0,(R/A),October
Costa Rica,2005/06,375.0,(A),October
Côte d'Ivoire,2005/06,316.667,(R),October
El Salvador,2005/06,224.1,(A),October
Equatorial Guinea,2005/06,0.0,(R),October
Ethiopia,2005/06,2609.0,(A),October
Gabon,2005/06,0.3,(R),October
Ghana,2005/06,1.59,(R),October
Guatemala,2005/06,300.0,(A/R),October
Guinea,2005/06,50.0,(R),October
Guyana,2005/06,5.6,(R),October
Honduras,2005/06,230.0,(A),October
India,2005/06,1337.0,(R/A),October
Jamaica,2005/06,9.0,(A),October
Kenya,2005/06,50.0,(A),October
"Lao, People's Dem. Rep. of",2005/06,140.0,(R),October
Liberia,2005/06,5.0,(R),October
Mexico,2005/06,1725.0,(A),October
Nepal,2005/06,0.0,(A),October
Nicaragua,2005/06,186.719,(A),October
Nigeria,2005/06,40.0,(R),October
Panama,2005/06,67.0,(A),October
Sierra Leone,2005/06,5.0,(R),October
Sri Lanka,2005/06,30.0,(R),October
Thailand,2005/06,500.0,(R/A),October
Togo,2005/06,2.0,(R),October
Trinidad & Tobago,2005/06,14.0,(R),October
Uganda,2005/06,150.0,(R/A),October
Venezuela,2005/06,1456.5,(A),October
Vietnam,2005/06,800.0,(R/A),October
Yemen,2005/06,138.0,(A),October
Angola,2006/07,30.0,(R/A),April
Bolivia,2006/07,60.0,(A),April
Brazil,2006/07,16331.0,(A/R),April
Burundi,2006/07,1.56,(A),April
Ecuador,2006/07,150.0,(A/R),April
Indonesia,2006/07,2833.0,(R/A),April
Madagascar,2006/07,467.0,(R),April
Malawi,2006/07,1.0,(A),April
Papua New Guinea,2006/07,2.0,(A/R),April
Paraguay,2006/07,20.0,(A),April
Peru,2006/07,220.0,(A),April
Rwanda,2006/07,1.0,(A),April
Timor-Leste,2006/07,0.0,(A),April
Zimbabwe,2006/07,4.0,(A),April
"Congo, Rep. of",2006/07,3.0,(R),July
Cuba,2006/07,224.0,(A),July
Dominican Republic,2006/07,377.998,(A),July
Haiti,2006/07,340.0,(A),July
Philippines,2006/07,1060.0,(R/A),July
Tanzania,2006/07,47.0,(A/R),July
Zambia,2006/07,0.6,(A),July
Benin,2006/07,0.0,(R),October
Cameroon,2006/07,69.0,(R/A),October
Central African Republic,2006/07,3.0,(R),October
Colombia,2006/07,1194.633,(A),October
"Congo, Dem. Rep. of",2006/07,200.0,(R/A),October
Costa Rica,2006/07,375.0,(A),October
Côte d'Ivoire,2006/07,316.667,(R),October
El Salvador,2006/07,253.8,(A),October
Equatorial Guinea,2006/07,0.0,(R),October
Ethiopia,2006/07,2748.0,(A),October
Gabon,2006/07,0.3,(R),October
Ghana,2006/07,1.0,(R),October
Guatemala,2006/07,300.0,(A/R),October
Guinea,2006/07,50.0,(R),October
Guyana,2006/07,5.717,(R),October
Honduras,2006/07,230.0,(A),October
India,2006/07,1416.669,(R/A),October
Jamaica,2006/07,9.0,(A),October
Kenya,2006/07,50.0,(A),October
"Lao, People's Dem. Rep. of",2006/07,140.0,(R),October
Liberia,2006/07,5.0,(R),October
Mexico,2006/07,2000.0,(A),October
Nepal,2006/07,0.0,(A),October
Nicaragua,2006/07,189.185,(A),October
Nigeria,2006/07,40.0,(R),October
Panama,2006/07,67.0,(A),October
Sierra Leone,2006/07,5.0,(R),October
Sri Lanka,2006/07,30.0,(R),October
Thailand,2006/07,500.0,(R/A),October
Togo,2006/07,2.0,(R),October
Trinidad & Tobago,2006/07,11.0,(R),October
Uganda,2006/07,175.0,(R/A),October
Venezuela,2006/07,1518.11,(A),October
Vietnam,2006/07,917.0,(R/A),October
Yemen,2006/07,138.0,(A),October
Angola,2007/08,30.0,(R/A),April
Bolivia,2007/08,60.0,(A),April
Brazil,2007/08,17110.0,(A/R),April
Burundi,2007/08,1.357,(A),April
Ecuador,2007/08,150.0,(A/R),April
Indonesia,2007/08,3333.0,(R/A),April
Madagascar,2007/08,467.0,(R),April
Malawi,2007/08,1.0,(A),April
Papua New Guinea,2007/08,2.0,(A/R),April
Paraguay,2007/08,20.0,(A),April
Peru,2007/08,220.0,(A),April
Rwanda,2007/08,1.0,(A),April
Timor-Leste,2007/08,0.0,(A),April
Zimbabwe,2007/08,4.0,(A),April
"Congo, Rep. of",2007/08,3.0,(R),July
Cuba,2007/08,224.0,(A),July
Dominican Republic,2007/08,378.0,(A),July
Haiti,2007/08,340.0,(A),July
Philippines,2007/08,1060.0,(R/A),July
Tanzania,2007/08,47.0,(A/R),July
Zambia,2007/08,1.0,(A),July
Benin,2007/08,0.0,(R),October
Cameroon,2007/08,69.0,(R/A),October
Central African Republic,2007/08,3.333,(R),October
Colombia,2007/08,1280.923,(A),October
"Congo, Dem. Rep. of",2007/08,200.0,(R/A),October
Costa Rica,2007/08,375.0,(A),October
Côte d'Ivoire,2007/08,317.0,(R),October
El Salvador,2007/08,250.5,(A),October
Equatorial Guinea,2007/08,0.0,(R),October
Ethiopia,2007/08,2894.0,(A),October
Gabon,2007/08,0.3,(R),October
Ghana,2007/08,2.0,(R),October
Guatemala,2007/08,300.0,(A/R),October
Guinea,2007/08,50.0,(R),October
Guyana,2007/08,7.0,(R),October
Honduras,2007/08,245.0,(A),October
India,2007/08,1500.0,(R/A),October
Jamaica,2007/08,9.0,(A),October
Kenya,2007/08,50.0,(A),October
"Lao, People's Dem. Rep. of",2007/08,140.0,(R),October
Liberia,2007/08,5.0,(R),October
Mexico,2007/08,2200.0,(A),October
Nepal,2007/08,0.0,(A),October
Nicaragua,2007/08,191.645,(A),October
Nigeria,2007/08,40.0,(R),October
Panama,2007/08,67.0,(A),October
Sierra Leone,2007/08,5.0,(R),October
Sri Lanka,2007/08,30.0,(R),October
Thailand,2007/08,550.0,(R/A),October
Togo,2007/08,2.0,(R),October
Trinidad & Tobago,2007/08,11.0,(R),October
Uganda,2007/08,180.25,(R/A),October
Venezuela,2007/08,1582.33,(A),October
Vietnam,2007/08,938.0,(R/A),October
Yemen,2007/08,130.0,(A),October
Angola,2008/09,30.0,(R/A),April
Bolivia,2008/09,60.0,(A),April
Brazil,2008/09,17660.0,(A/R),April
Burundi,2008/09,1.435,(A),April
Ecuador,2008/09,150.0,(A/R),April
Indonesia,2008/09,3333.0,(R/A),April
Madagascar,2008/09,467.0,(R),April
Malawi,2008/09,1.0,(A),April
Papua New Guinea,2008/09,2.0,(A/R),April
Paraguay,2008/09,20.0,(A),April
Peru,2008/09,250.0,(A),April
Rwanda,2008/09,1.0,(A),April
Timor-Leste,2008/09,0.0,(A),April
Zimbabwe,2008/09,4.0,(A),April
"Congo, Rep. of",2008/09,3.0,(R),July
Cuba,2008/09,220.0,(A),July
Dominican Republic,2008/09,378.0,(A),July
Haiti,2008/09,340.0,(A),July
Philippines,2008/09,1720.0,(R/A),July
Tanzania,2008/09,47.0,(A/R),July
Zambia,2008/09,1.0,(A),July
Benin,2008/09,0.0,(R),October
Cameroon,2008/09,69.0,(R/A),October
Central African Republic,2008/09,5.0,(R),October
Colombia,2008/09,1290.5,(A),October
"Congo, Dem. Rep. of",2008/09,200.0,(R/A),October
Costa Rica,2008/09,267.859,(A),October
Côte d'Ivoire,2008/09,317.0,(R),October
El Salvador,2008/09,244.3,(A),October
Equatorial Guinea,2008/09,0.0,(R),October
Ethiopia,2008/09,3048.0,(A),October
Gabon,2008/09,0.275,(R),October
Ghana,2008/09,2.0,(R),October
Guatemala,2008/09,335.0,(A/R),October
Guinea,2008/09,50.0,(R),October
Guyana,2008/09,8.467,(R),October
Honduras,2008/09,268.333,(A),October
India,2008/09,1573.336,(R/A),October
Jamaica,2008/09,9.0,(A),October
Kenya,2008/09,50.0,(A),October
"Lao, People's Dem. Rep. of",2008/09,150.0,(R),October
Liberia,2008/09,5.0,(R),October
Mexico,2008/09,2200.0,(A),October
Nepal,2008/09,0.0,(A),October
Nicaragua,2008/09,194.147,(A),October
Nigeria,2008/09,40.0,(R),October
Panama,2008/09,67.0,(A),October
Sierra Leone,2008/09,5.0,(R),October
Sri Lanka,2008/09,30.0,(R),October
Thailand,2008/09,600.0,(R/A),October
Togo,2008/09,2.0,(R),October
Trinidad & Tobago,2008/09,11.0,(R),October
Uganda,2008/09,185.0,(R/A),October
Venezuela,2008/09,1649.26,(A),October
Vietnam,2008/09,1021.0,(R/A),October
Yemen,2008/09,130.0,(A),October
Angola,2009/10,30.0,(R/A),April
Bolivia,2009/10,60.0,(A),April
Brazil,2009/10,18390.0,(A/R),April
Burundi,2009/10,1.399,(A),April
Ecuador,2009/10,150.0,(A/R),April
Indonesia,2009/10,3333.0,(R/A),April
Madagascar,2009/10,467.0,(R),April
Malawi,2009/10,1.0,(A),April
Papua New Guinea,2009/10,2.0,(A/R),April
Paraguay,2009/10,20.0,(A),April
Peru,2009/10,250.0,(A),April
Rwanda,2009/10,1.0,(A),April
Timor-Leste,2009/10,0.0,(A),April
Zimbabwe,2009/10,4.0,(A),April
"Congo, Rep. of",2009/10,3.0,(R),July
Cuba,2009/10,220.0,(A),July
Dominican Republic,2009/10,378.0,(A),July
Haiti,2009/10,340.0,(A),July
Philippines,2009/10,1820.0,(R/A),July
Tanzania,2009/10,47.0,(A/R),July
Zambia,2009/10,0.0,(A),July
Benin,2009/10,0.0,(R),October
Cameroon,2009/10,69.0,(R/A),October
Central African Republic,2009/10,8.333,(R),October
Colombia,2009/10,1269.863,(A),October
"Congo, Dem. Rep. of",2009/10,200.0,(R/A),October
Costa Rica,2009/10,295.441,(A),October
Côte d'Ivoire,2009/10,317.0,(R),October
El Salvador,2009/10,268.3,(A),October
Equatorial Guinea,2009/10,0.0,(R),October
Ethiopia,2009/10,3210.0,(A),October
Gabon,2009/10,0.25,(R),October
Ghana,2009/10,2.0,(R),October
Guatemala,2009/10,320.0,(A/R),October
Guinea,2009/10,50.0,(R),October
Guyana,2009/10,8.233,(R),October
Honduras,2009/10,306.667,(A),October
India,2009/10,1700.0,(R/A),October
Jamaica,2009/10,9.0,(A),October
Kenya,2009/10,50.0,(A),October
"Lao, People's Dem. Rep. of",2009/10,150.0,(R),October
Liberia,2009/10,5.0,(R),October
Mexico,2009/10,2200.0,(A),October
Nepal,2009/10,0.0,(A),October
Nicaragua,2009/10,196.622,(A),October
Nigeria,2009/10,40.0,(R),October
Panama,2009/10,67.0,(A),October
Sierra Leone,2009/10,5.0,(R),October
Sri Lanka,2009/10,30.0,(R),October
Thailand,2009/10,700.0,(R/A),October
Togo,2009/10,2.0,(R),October
Trinidad & Tobago,2009/10,11.0,(R),October
Uganda,2009/10,188.7,(R/A),October
Venezuela,2009/10,1650.0,(A),October
Vietnam,2009/10,1208.0,(R/A),October
Yemen,2009/10,130.0,(A),October
Angola,2010/11,30.0,(R/A),April
Bolivia,2010/11,60.0,(A),April
Brazil,2010/11,19132.0,(A/R),April
Burundi,2010/11,2.0,(A),April
Ecuador,2010/11,150.0,(A/R),April
Indonesia,2010/11,3333.0,(R/A),April
Madagascar,2010/11,467.0,(R),April
Malawi,2010/11,1.0,(A),April
Papua New Guinea,2010/11,1.43,(A/R),April
Paraguay,2010/11,20.0,(A),April
Peru,2010/11,250.0,(A),April
Rwanda,2010/11,1.0,(A),April
Timor-Leste,2010/11,0.49,(A),April
Zimbabwe,2010/11,4.0,(A),April
"Congo, Rep. of",2010/11,3.0,(R),July
Cuba,2010/11,220.0,(A),July
Dominican Republic,2010/11,378.0,(A),July
Haiti,2010/11,340.0,(A),July
Philippines,2010/11,2125.0,(R/A),July
Tanzania,2010/11,47.0,(A/R),July
Zambia,2010/11,0.0,(A),July
Benin,2010/11,0.0,(R),October
Cameroon,2010/11,68.333,(R/A),October
Central African Republic,2010/11,10.0,(R),October
Colombia,2010/11,1307.808,(A),October
"Congo, Dem. Rep. of",2010/11,200.0,(R/A),October
Costa Rica,2010/11,407.221,(A),October
Côte d'Ivoire,2010/11,317.0,(R),October
El Salvador,2010/11,276.0,(A),October
Equatorial Guinea,2010/11,0.0,(R),October
Ethiopia,2010/11,3383.0,(A),October
Gabon,2010/11,0.947,(R),October
Ghana,2010/11,2.0,(R),October
Guatemala,2010/11,340.0,(A/R),October
Guinea,2010/11,50.0,(R),October
Guyana,2010/11,8.5,(R),October
Honduras,2010/11,335.0,(A),October
India,2010/11,1800.0,(R/A),October
Jamaica,2010/11,9.0,(A),October
Kenya,2010/11,50.0,(A),October
"Lao, People's Dem. Rep. of",2010/11,150.0,(R),October
Liberia,2010/11,5.0,(R),October
Mexico,2010/11,2354.0,(A),October
Nepal,2010/11,0.0,(A),October
Nicaragua,2010/11,202.745,(A),October
Nigeria,2010/11,40.0,(R),October
Panama,2010/11,67.0,(A),October
Sierra Leone,2010/11,5.0,(R),October
Sri Lanka,2010/11,35.0,(R),October
Thailand,2010/11,775.0,(R/A),October
Togo,2010/11,2.0,(R),October
Trinidad & Tobago,2010/11,10.0,(R),October
Uganda,2010/11,204.0,(R/A),October
Venezuela,2010/11,1650.0,(A),October
Vietnam,2010/11,1583.0,(R/A),October
Yemen,2010/11,130.0,(A),October
Angola,2011/12,30.0,(R/A),April
Bolivia,2011/12,60.0,(A),April
Brazil,2011/12,19720.0,(A/R),April
Burundi,2011/12,2.0,(A),April
Ecuador,2011/12,150.0,(A/R),April
Indonesia,2011/12,3667.0,(R/A),April
Madagascar,2011/12,450.0,(R),April
Malawi,2011/12,1.0,(A),April
Papua New Guinea,2011/12,1.236,(A/R),April
Paraguay,2011/12,20.0,(A),April
Peru,2011/12,250.0,(A),April
Rwanda,2011/12,1.0,(A),April
Timor-Leste,2011/12,0.49,(A),April
Zimbabwe,2011/12,4.0,(A),April
"Congo, Rep. of",2011/12,3.0,(R),July
Cuba,2011/12,220.0,(A),July
Dominican Republic,2011/12,378.0,(A),July
Haiti,2011/12,340.0,(A),July
Philippines,2011/12,2175.0,(R/A),July
Tanzania,2011/12,58.95,(A/R),July
Zambia,2011/12,0.0,(A),July
Benin,2011/12,0.0,(R),October
Cameroon,2011/12,70.017,(R/A),October
Central African Republic,2011/12,13.333,(R),October
Colombia,2011/12,1438.709,(A),October
"Congo, Dem. Rep. of",2011/12,200.0,(R/A),October
Costa Rica,2011/12,380.888,(A),October
Côte d'Ivoire,2011/12,317.0,(R),October
El Salvador,2011/12,273.4,(A),October
Equatorial Guinea,2011/12,0.0,(R),October
Ethiopia,2011/12,3383.0,(A),October
Gabon,2011/12,1.032,(R),October
Ghana,2011/12,2.0,(R),October
Guatemala,2011/12,350.0,(A/R),October
Guinea,2011/12,50.0,(R),October
Guyana,2011/12,8.6,(R),October
Honduras,2011/12,340.0,(A),October
India,2011/12,1917.0,(R/A),October
Jamaica,2011/12,9.0,(A),October
Kenya,2011/12,50.0,(A),October
"Lao, People's Dem. Rep. of",2011/12,150.0,(R),October
Liberia,2011/12,5.0,(R),October
Mexico,2011/12,2354.0,(A),October
Nepal,2011/12,0.0,(A),October
Nicaragua,2011/12,205.261,(A),October
Nigeria,2011/12,40.0,(R),October
Panama,2011/12,67.0,(A),October
Sierra Leone,2011/12,5.0,(R),October
Sri Lanka,2011/12,35.0,(R),October
Thailand,2011/12,1100.0,(R/A),October
Togo,2011/12,0.21,(R),October
Trinidad & Tobago,2011/12,10.0,(R),October
Uganda,2011/12,210.0,(R/A),October
Venezuela,2011/12,1650.0,(A),October
Vietnam,2011/12,1650.0,(R/A),October
Yemen,2011/12,130.0,(A),October
Angola,2012/13,30.0,(R/A),April
Bolivia,2012/13,60.0,(A),April
Brazil,2012/13,20330.0,(A/R),April
Burundi,2012/13,2.0,(A),April
Ecuador,2012/13,150.0,(A/R),April
Indonesia,2012/13,3900.0,(R/A),April
Madagascar,2012/13,430.0,(R),April
Malawi,2012/13,1.0,(A),April
Papua New Guinea,2012/13,1.711,(A/R),April
Paraguay,2012/13,20.0,(A),April
Peru,2012/13,250.0,(A),April
Rwanda,2012/13,1.0,(A),April
Timor-Leste,2012/13,0.49,(A),April
Zimbabwe,2012/13,4.0,(A),April
"Congo, Rep. of",2012/13,3.0,(R),July
Cuba,2012/13,220.0,(A),July
Dominican Republic,2012/13,378.0,(A),July
Haiti,2012/13,340.0,(A),July
Philippines,2012/13,2325.0,(R/A),July
Tanzania,2012/13,71.7,(A/R),July
Zambia,2012/13,0.0,(A),July
Benin,2012/13,0.0,(R),October
Cameroon,2012/13,71.733,(R/A),October
Central African Republic,2012/13,16.667,(R),October
Colombia,2012/13,1441.209,(A),October
"Congo, Dem. Rep. of",2012/13,200.0,(R/A),October
Costa Rica,2012/13,423.097,(A),October
Côte d'Ivoire,2012/13,317.0,(R),October
El Salvador,2012/13,276.6,(A),October
Equatorial Guinea,2012/13,0.0,(R),October
Ethiopia,2012/13,3400.0,(A),October
Gabon,2012/13,0.967,(R),October
Ghana,2012/13,2.0,(R),October
Guatemala,2012/13,360.0,(A/R),October
Guinea,2012/13,50.0,(R),October
Guyana,2012/13,8.7,(R),October
Honduras,2012/13,345.0,(A),October
India,2012/13,2000.0,(R/A),October
Jamaica,2012/13,9.0,(A),October
Kenya,2012/13,50.0,(A),October
"Lao, People's Dem. Rep. of",2012/13,150.0,(R),October
Liberia,2012/13,5.0,(R),October
Mexico,2012/13,2354.0,(A),October
Nepal,2012/13,0.0,(A),October
Nicaragua,2012/13,207.864,(A),October
Nigeria,2012/13,40.0,(R),October
Panama,2012/13,67.0,(A),October
Sierra Leone,2012/13,5.0,(R),October
Sri Lanka,2012/13,35.0,(R),October
Thailand,2012/13,1130.0,(R/A),October
Togo,2012/13,0.242,(R),October
Trinidad & Tobago,2012/13,10.0,(R),October
Uganda,2012/13,216.0,(R/A),October
Venezuela,2012/13,1650.0,(A),October
Vietnam,2012/13,1825.0,(R/A),October
Yemen,2012/13,130.0,(A),October
Angola,2013/14,30.0,(R/A),April
Bolivia,2013/14,60.0,(A),April
Brazil,2013/14,20085.0,(A/R),April
Burundi,2013/14,2.0,(A),April
Ecuador,2013/14,155.0,(A/R),April
Indonesia,2013/14,4167.0,(R/A),April
Madagascar,2013/14,410.0,(R),April
Malawi,2013/14,1.0,(A),April
Papua New Guinea,2013/14,2.039,(A/R),April
Paraguay,2013/14,20.0,(A),April
Peru,2013/14,250.0,(A),April
Rwanda,2013/14,1.0,(A),April
Timor-Leste,2013/14,0.49,(A),April
Zimbabwe,2013/14,4.0,(A),April
"Congo, Rep. of",2013/14,3.0,(R),July
Cuba,2013/14,220.0,(A),July
Dominican Republic,2013/14,383.333,(A),July
Haiti,2013/14,340.0,(A),July
Philippines,2013/14,2550.0,(R/A),July
Tanzania,2013/14,73.467,(A/R),July
Zambia,2013/14,0.0,(A),July
Benin,2013/14,0.0,(R),October
Cameroon,2013/14,73.483,(R/A),October
Central African Republic,2013/14,20.0,(R),October
Colombia,2013/14,1468.973,(A),October
"Congo, Dem. Rep. of",2013/14,200.0,(R/A),October
Costa Rica,2013/14,335.06,(A),October
Côte d'Ivoire,2013/14,317.0,(R),October
El Salvador,2013/14,275.0,(A),October
Equatorial Guinea,2013/14,0.0,(R),October
Ethiopia,2013/14,3550.0,(A),October
Gabon,2013/14,0.583,(R),October
Ghana,2013/14,2.0,(R),October
Guatemala,2013/14,370.0,(A/R),October
Guinea,2013/14,50.0,(R),October
Guyana,2013/14,8.8,(R),October
Honduras,2013/14,350.0,(A),October
India,2013/14,2100.0,(R/A),October
Jamaica,2013/14,9.0,(A),October
Kenya,2013/14,50.0,(A),October
"Lao, People's Dem. Rep. of",2013/14,150.0,(R),October
Liberia,2013/14,5.0,(R),October
Mexico,2013/14,2321.0,(A),October
Nepal,2013/14,0.0,(A),October
Nicaragua,2013/14,209.561,(A),October
Nigeria,2013/14,40.0,(R),October
Panama,2013/14,67.0,(A),October
Sierra Leone,2013/14,5.0,(R),October
Sri Lanka,2013/14,35.0,(R),October
Thailand,2013/14,1200.0,(R/A),October
Togo,2013/14,0.238,(R),October
Trinidad & Tobago,2013/14,10.0,(R),October
Uganda,2013/14,220.8,(R/A),October
Venezuela,2013/14,1650.0,(A),October
Vietnam,2013/14,2000.0,(R/A),October
Yemen,2013/14,130.0,(A),October
Angola,2014/15,30.0,(R/A),April
Bolivia,2014/15,60.0,(A),April
Brazil,2014/15,20333.0,(A/R),April
Burundi,2014/15,2.0,(A),April
Ecuador,2014/15,155.0,(A/R),April
Indonesia,2014/15,4333.0,(R/A),April
Madagascar,2014/15,390.0,(R),April
Malawi,2014/15,1.0,(A),April
Papua New Guinea,2014/15,1.924,(A/R),April
Paraguay,2014/15,20.0,(A),April
Peru,2014/15,250.0,(A),April
Rwanda,2014/15,1.0,(A),April
Timor-Leste,2014/15,0.49,(A),April
Zimbabwe,2014/15,4.0,(A),April
"Congo, Rep. of",2014/15,3.0,(R),July
Cuba,2014/15,220.0,(A),July
Dominican Republic,2014/15,388.0,(A),July
Haiti,2014/15,340.0,(A),July
Philippines,2014/15,2800.0,(R/A),July
Tanzania,2014/15,76.717,(A/R),July
Zambia,2014/15,0.0,(A),July
Benin,2014/15,0.0,(R),October
Cameroon,2014/15,75.317,(R/A),October
Central African Republic,2014/15,20.0,(R),October
Colombia,2014/15,1504.744,(A),October
"Congo, Dem. Rep. of",2014/15,200.0,(R/A),October
Costa Rica,2014/15,380.742,(A),October
Côte d'Ivoire,2014/15,317.0,(R),October
El Salvador,2014/15,280.0,(A),October
Equatorial Guinea,2014/15,0.0,(R),October
Ethiopia,2014/15,3625.0,(A),October
Gabon,2014/15,0.517,(R),October
Ghana,2014/15,2.0,(R),October
Guatemala,2014/15,380.0,(A/R),October
Guinea,2014/15,50.0,(R),October
Guyana,2014/15,8.9,(R),October
Honduras,2014/15,355.0,(A),October
India,2014/15,2200.0,(R/A),October
Jamaica,2014/15,9.0,(A),October
Kenya,2014/15,50.0,(A),October
"Lao, People's Dem. Rep. of",2014/15,150.0,(R),October
Liberia,2014/15,5.0,(R),October
Mexico,2014/15,2347.0,(A),October
Nepal,2014/15,0.0,(A),October
Nicaragua,2014/15,211.742,(A),October
Nigeria,2014/15,40.0,(R),October
Panama,2014/15,67.0,(A),October
Sierra Leone,2014/15,5.0,(R),October
Sri Lanka,2014/15,35.0,(R),October
Thailand,2014/15,1250.0,(R/A),October
Togo,2014/15,0.195,(R),October
Trinidad & Tobago,2014/15,10.0,(R),October
Uganda,2014/15,229.2,(R/A),October
Venezuela,2014/15,1650.0,(A),October
Vietnam,2014/15,2200.0,(R/A),October
Yemen,2014/15,130.0,(A),October
Angola,2015/16,30.0,(R/A),April
Bolivia,2015/16,60.0,(A),April
Brazil,2015/16,20508.0,(A/R),April
Burundi,2015/16,2.0,(A),April
Ecuador,2015/16,155.0,(A/R),April
Indonesia,2015/16,4500.0,(R/A),April
Madagascar,2015/16,370.0,(R),April
Malawi,2015/16,1.0,(A),April
Papua New Guinea,2015/16,1.8,(A/R),April
Paraguay,2015/16,20.0,(A),April
Peru,2015/16,250.0,(A),April
Rwanda,2015/16,1.0,(A),April
Timor-Leste,2015/16,0.49,(A),April
Zimbabwe,2015/16,4.0,(A),April
"Congo, Rep. of",2015/16,3.0,(R),July
Cuba,2015/16,220.0,(A),July
Dominican Republic,2015/16,388.0,(A),July
Haiti,2015/16,340.0,(A),July
Philippines,2015/16,3000.0,(R/A),July
Tanzania,2015/16,92.05,(A/R),July
Zambia,2015/16,0.0,(A),July
Benin,2015/16,0.0,(R),October
Cameroon,2015/16,76.0,(R/A),October
Central African Republic,2015/16,20.0,(R),October
Colombia,2015/16,1671.791,(A),October
"Congo, Dem. Rep. of",2015/16,200.0,(R/A),October
Costa Rica,2015/16,448.821,(A),October
Côte d'Ivoire,2015/16,317.0,(R),October
El Salvador,2015/16,285.0,(A),October
Equatorial Guinea,2015/16,0.0,(R),October
Ethiopia,2015/16,3700.0,(A),October
Gabon,2015/16,0.5,(R),October
Ghana,2015/16,2.0,(R),October
Guatemala,2015/16,390.0,(A/R),October
Guinea,2015/16,50.0,(R),October
Guyana,2015/16,9.0,(R),October
Honduras,2015/16,365.0,(A),October
India,2015/16,2250.0,(R/A),October
Jamaica,2015/16,9.0,(A),October
Kenya,2015/16,50.0,(A),October
"Lao, People's Dem. Rep. of",2015/16,150.0,(R),October
Liberia,2015/16,5.0,(R),October
Mexico,2015/16,2329.0,(A),October
Nepal,2015/16,0.0,(A),October
Nicaragua,2015/16,213.946,(A),October
Nigeria,2015/16,40.0,(R),October
Panama,2015/16,67.0,(A),October
Sierra Leone,2015/16,5.0,(R),October
Sri Lanka,2015/16,35.0,(R),October
Thailand,2015/16,1300.0,(R/A),October
Togo,2015/16,0.22,(R),October
Trinidad & Tobago,2015/16,10.0,(R),October
Uganda,2015/16,234.0,(R/A),October
Venezuela,2015/16,1650.0,(A),October
Vietnam,2015/16,2300.0,(R/A),October
Yemen,2015/16,130.0,(A),October
Angola,2016/17,30.0,(R/A),April
Bolivia,2016/17,60.0,(A),April
Brazil,2016/17,21225.0,(A/R),April
Burundi,2016/17,2.0,(A),April
Ecuador,2016/17,155.0,(A/R),April
Indonesia,2016/17,4600.0,(R/A),April
Madagascar,2016/17,360.0,(R),April
Malawi,2016/17,1.0,(A),April
Papua New Guinea,2016/17,2.0,(A/R),April
Paraguay,2016/17,20.0,(A),April
Peru,2016/17,250.0,(A),April
Rwanda,2016/17,1.0,(A),April
Timor-Leste,2016/17,0.49,(A),April
Zimbabwe,2016/17,4.0,(A),April
"Congo, Rep. of",2016/17,3.0,(R),July
Cuba,2016/17,220.0,(A),July
Dominican Republic,2016/17,390.0,(A),July
Haiti,2016/17,340.0,(A),July
Philippines,2016/17,3000.0,(R/A),July
Tanzania,2016/17,91.3,(A/R),July
Zambia,2016/17,0.0,(A),July
Benin,2016/17,0.0,(R),October
Cameroon,2016/17,77.0,(R/A),October
Central African Republic,2016/17,20.0,(R),October
Colombia,2016/17,1736.4414,(A),October
"Congo, Dem. Rep. of",2016/17,200.0,(R/A),October
Costa Rica,2016/17,329.457,(A),October
Côte d'Ivoire,2016/17,317.0,(R),October
El Salvador,2016/17,292.0,(A),October
Equatorial Guinea,2016/17,0.0,(R),October
Ethiopia,2016/17,3725.0,(A),October
Gabon,2016/17,0.5,(R),October
Ghana,2016/17,2.0,(R),October
Guatemala,2016/17,390.0,(A/R),October
Guinea,2016/17,50.0,(R),October
Guyana,2016/17,9.0,(R),October
Honduras,2016/17,370.0,(A),October
India,2016/17,2300.0,(R/A),October
Jamaica,2016/17,9.0,(A),October
Kenya,2016/17,50.0,(A),October
"Lao, People's Dem. Rep. of",2016/17,150.0,(R),October
Liberia,2016/17,5.0,(R),October
Mexico,2016/17,2360.0,(A),October
Nepal,2016/17,0.0,(A),October
Nicaragua,2016/17,216.728,(A),October
Nigeria,2016/17,40.0,(R),October
Panama,2016/17,67.0,(A),October
Sierra Leone,2016/17,5.0,(R),October
Sri Lanka,2016/17,35.0,(R),October
Thailand,2016/17,1300.0,(R/A),October
Togo,2016/17,0.254,(R),October
Trinidad & Tobago,2016/17,10.0,(R),October
Uganda,2016/17,240.0,(R/A),October
Venezuela,2016/17,1650.0,(A),October
Vietnam,2016/17,2400.0,(R/A),October
Yemen,2016/17,130.0,(A),October
Angola,2017/18,30.0,(R/A),April
Bolivia,2017/18,60.0,(A),April
Brazil,2017/18,21997.0,(A/R),April
Burundi,2017/18,2.0,(A),April
Ecuador,2017/18,155.0,(A/R),April
Indonesia,2017/18,4700.0,(R/A),April
Madagascar,2017/18,350.0,(R),April
Malawi,2017/18,1.0,(A),April
Papua New Guinea,2017/18,2.0,(A/R),April
Paraguay,2017/18,20.0,(A),April
Peru,2017/18,250.0,(A),April
Rwanda,2017/18,1.0,(A),April
Timor-Leste,2017/18,0.49,(A),April
Zimbabwe,2017/18,4.0,(A),April
"Congo, Rep. of",2017/18,3.0,(R),July
Cuba,2017/18,220.0,(A),July
Dominican Republic,2017/18,390.0,(A),July
Haiti,2017/18,340.0,(A),July
Philippines,2017/18,3000.0,(R/A),July
Tanzania,2017/18,91.667,(A/R),July
Zambia,2017/18,0.0,(A),July
Benin,2017/18,0.0,(R),October
Cameroon,2017/18,78.0,(R/A),October
Central African Republic,2017/18,20.0,(R),October
Colombia,2017/18,1800.0,(A),October
"Congo, Dem. Rep. of",2017/18,200.0,(R/A),October
Costa Rica,2017/18,353.334,(A),October
Côte d'Ivoire,2017/18,317.0,(R),October
El Salvador,2017/18,300.0,(A),October
Equatorial Guinea,2017/18,0.0,(R),October
Ethiopia,2017/18,3750.0,(A),October
Gabon,2017/18,0.5,(R),October
Ghana,2017/18,2.0,(R),October
Guatemala,2017/18,395.0,(A/R),October
Guinea,2017/18,50.0,(R),October
Guyana,2017/18,9.0,(R),October
Honduras,2017/18,375.0,(A),October
India,2017/18,2350.0,(R/A),October
Jamaica,2017/18,9.0,(A),October
Kenya,2017/18,50.0,(A),October
"Lao, People's Dem. Rep. of",2017/18,150.0,(R),October
Liberia,2017/18,5.0,(R),October
Mexico,2017/18,2400.0,(A),October
Nepal,2017/18,0.0,(A),October
Nicaragua,2017/18,218.0,(A),October
Nigeria,2017/18,40.0,(R),October
Panama,2017/18,67.0,(A),October
Sierra Leone,2017/18,5.0,(R),October
Sri Lanka,2017/18,35.0,(R),October
Thailand,2017/18,1300.0,(R/A),October
Togo,2017/18,0.254,(R),October
Trinidad & Tobago,2017/18,10.0,(R),October
Uganda,2017/18,244.8,(R/A),October
Venezuela,2017/18,1650.0,(A),October
Vietnam,2017/18,2500.0,(R/A),October
Yemen,2017/18,130.0,(A),October
Angola,2018/19,30.0,(R/A),April
Bolivia,2018/19,60.0,(A),April
Brazil,2018/19,21997.0,(A/R),April
Burundi,2018/19,2.0,(A),April
Ecuador,2018/19,155.0,(A/R),April
Indonesia,2018/19,4700.0,(R/A),April
Madagascar,2018/19,350.0,(R),April
Malawi,2018/19,1.0,(A),April
Papua New Guinea,2018/19,2.0,(A/R),April
Paraguay,2018/19,20.0,(A),April
Peru,2018/19,250.0,(A),April
Rwanda,2018/19,1.0,(A),April
Timor-Leste,2018/19,0.49,(A),April
Zimbabwe,2018/19,4.0,(A),April
"Congo, Rep. of",2018/19,,(R),July
Cuba,2018/19,,(A),July
Dominican Republic,2018/19,,(A),July
Haiti,2018/19,,(A),July
Philippines,2018/19,,(R/A),July
Tanzania,2018/19,,(A/R),July
Zambia,2018/19,,(A),July
Benin,2018/19,,(R),October
Cameroon,2018/19,,(R/A),October
Central African Republic,2018/19,,(R),October
Colombia,2018/19,,(A),October
"Congo, Dem. Rep. of",2018/19,,(R/A),October
Costa Rica,2018/19,,(A),October
Côte d'Ivoire,2018/19,,(R),October
El Salvador,2018/19,,(A),October
Equatorial Guinea,2018/19,,(R),October
Ethiopia,2018/19,,(A),October
Gabon,2018/19,,(R),October
Ghana,2018/19,,(R),October
Guatemala,2018/19,,(A/R),October
Guinea,2018/19,,(R),October
Guyana,2018/19,,(R),October
Honduras,2018/19,,(A),October
India,2018/19,,(R/A),October
Jamaica,2018/19,,(A),October
Kenya,2018/19,,(A),October
"Lao, People's Dem. Rep. of",2018/19,,(R),October
Liberia,2018/19,,(R),October
Mexico,2018/19,,(A),October
Nepal,2018/19,,(A),October
Nicaragua,2018/19,,(A),October
Nigeria,2018/19,,(R),October
Panama,2018/19,,(A),October
Sierra Leone,2018/19,,(R),October
Sri Lanka,2018/19,,(R),October
Thailand,2018/19,,(R/A),October
Togo,2018/19,,(R),October
Trinidad & Tobago,2018/19,,(R),October
Uganda,2018/19,,(R/A),October
Venezuela,2018/19,,(A),October
Vietnam,2018/19,,(R/A),October
Yemen,2018/19,,(A),October
