country_name,year,exportable_consumption,coffee_type,production_month
Angola,1990/91,30.345,(R/A),April
Bolivia,1990/91,97.777,(A),April
Brazil,1990/91,19085.6286,(A/R),April
Burundi,1990/91,485.393,(A),April
Ecuador,1990/91,1153.815,(A/R),April
Indonesia,1990/91,6199.383,(R/A),April
Madagascar,1990/91,632.447,(R),April
Malawi,1990/91,102.628,(A),April
Papua New Guinea,1990/91,959.841,(A/R),April
Paraguay,1990/91,115.627,(A),April
Peru,1990/91,746.632,(A),April
Rwanda,1990/91,533.875,(A),April
Timor-Leste,1990/91,0.0,(A),April
Zimbabwe,1990/91,243.901,(A),April
"Congo, Rep. of",1990/91,0.0,(R),July
Cuba,1990/91,201.212,(A),July
Dominican Republic,1990/91,560.062,(A),July
Haiti,1990/91,172.88,(A),July
Philippines,1990/91,253.632,(R/A),July
Tanzania,1990/91,927.779,(A/R),July
Zambia,1990/91,21.186,(A),July
Benin,1990/91,0.0,(R),October
Cameroon,1990/91,1599.184,(R/A),October
Central African Republic,1990/91,147.274,(R),October
Colombia,1990/91,13033.387,(A),October
"Congo, Dem. Rep. of",1990/91,1380.296,(R/A),October
Costa Rica,1990/91,2186.885,(A),October
Côte d'Ivoire,1990/91,2890.363,(R),October
El Salvador,1990/91,2284.864,(A),October
Equatorial Guinea,1990/91,3.536,(R),October
Ethiopia,1990/91,1709.451,(A),October
Gabon,1990/91,1.708,(R),October
Ghana,1990/91,20.855,(R),October
Guatemala,1990/91,2970.529,(A/R),October
Guinea,1990/91,19.46,(R),October
Guyana,1990/91,0.0,(R),October
Honduras,1990/91,1379.804,(A),October
India,1990/91,1925.687,(R/A),October
Jamaica,1990/91,15.574,(A),October
Kenya,1990/91,1435.135,(A),October
"Lao, People's Dem. Rep. of",1990/91,0.0,(R),October
Liberia,1990/91,0.0,(R),October
Mexico,1990/91,3300.245,(A),October
Nepal,1990/91,0.0,(A),October
Nicaragua,1990/91,427.078,(A),October
Nigeria,1990/91,1.69,(R),October
Panama,1990/91,151.987,(A),October
Sierra Leone,1990/91,33.783,(R),October
Sri Lanka,1990/91,29.203,(R),October
Thailand,1990/91,569.017,(R/A),October
Togo,1990/91,160.308,(R),October
Trinidad & Tobago,1990/91,6.581,(R),October
Uganda,1990/91,1885.009,(R/A),October
Venezuela,1990/91,340.087,(A),October
Vietnam,1990/91,1160.288,(R/A),October
Yemen,1990/91,0.0,(A),October
Angola,1991/92,49.331,(R/A),April
Bolivia,1991/92,76.536,(A),April
Brazil,1991/92,18793.4934,(A/R),April
Burundi,1991/92,665.599,(A),April
Ecuador,1991/92,1773.824,(A/R),April
Indonesia,1991/92,7213.196,(R/A),April
Madagascar,1991/92,632.513,(R),April
Malawi,1991/92,122.286,(A),April
Papua New Guinea,1991/92,743.816,(A/R),April
Paraguay,1991/92,64.653,(A),April
Peru,1991/92,1010.474,(A),April
Rwanda,1991/92,482.83,(A),April
Timor-Leste,1991/92,0.0,(A),April
Zimbabwe,1991/92,193.394,(A),April
"Congo, Rep. of",1991/92,0.336,(R),July
Cuba,1991/92,89.097,(A),July
Dominican Republic,1991/92,0.56,(A),July
Haiti,1991/92,133.352,(A),July
Philippines,1991/92,268.482,(R/A),July
Tanzania,1991/92,786.477,(A/R),July
Zambia,1991/92,27.638,(A),July
Benin,1991/92,0.0,(R),October
Cameroon,1991/92,1642.615,(R/A),October
Central African Republic,1991/92,96.781,(R),October
Colombia,1991/92,16414.866,(A),October
"Congo, Dem. Rep. of",1991/92,1029.902,(R/A),October
Costa Rica,1991/92,2384.619,(A),October
Côte d'Ivoire,1991/92,4079.295,(R),October
El Salvador,1991/92,2017.692,(A),October
Equatorial Guinea,1991/92,2.551,(R),October
Ethiopia,1991/92,1660.664,(A),October
Gabon,1991/92,0.752,(R),October
Ghana,1991/92,59.306,(R),October
Guatemala,1991/92,3196.531,(A/R),October
Guinea,1991/92,65.522,(R),October
Guyana,1991/92,0.0,(R),October
Honduras,1991/92,2064.708,(A),October
India,1991/92,2083.082,(R/A),October
Jamaica,1991/92,27.987,(A),October
Kenya,1991/92,1464.047,(A),October
"Lao, People's Dem. Rep. of",1991/92,0.0,(R),October
Liberia,1991/92,0.0,(R),October
Mexico,1991/92,3527.206,(A),October
Nepal,1991/92,0.0,(A),October
Nicaragua,1991/92,569.067,(A),October
Nigeria,1991/92,8.563,(R),October
Panama,1991/92,125.532,(A),October
Sierra Leone,1991/92,45.379,(R),October
Sri Lanka,1991/92,14.549,(R),October
Thailand,1991/92,1248.936,(R/A),October
Togo,1991/92,431.652,(R),October
Trinidad & Tobago,1991/92,6.292,(R),October
Uganda,1991/92,2013.001,(R/A),October
Venezuela,1991/92,125.224,(A),October
Vietnam,1991/92,1207.848,(R/A),October
Yemen,1991/92,0.0,(A),October
Angola,1992/93,42.52,(R/A),April
Bolivia,1992/93,92.735,(A),April
Brazil,1992/93,25703.3542,(A/R),April
Burundi,1992/93,618.538,(A),April
Ecuador,1992/93,835.48,(A/R),April
Indonesia,1992/93,4250.478,(R/A),April
Madagascar,1992/93,771.684,(R),April
Malawi,1992/93,135.161,(A),April
Papua New Guinea,1992/93,897.111,(A/R),April
Paraguay,1992/93,39.291,(A),April
Peru,1992/93,1561.953,(A),April
Rwanda,1992/93,637.875,(A),April
Timor-Leste,1992/93,0.0,(A),April
Zimbabwe,1992/93,69.824,(A),April
"Congo, Rep. of",1992/93,0.504,(R),July
Cuba,1992/93,89.237,(A),July
Dominican Republic,1992/93,317.815,(A),July
Haiti,1992/93,169.855,(A),July
Philippines,1992/93,169.851,(R/A),July
Tanzania,1992/93,767.234,(A/R),July
Zambia,1992/93,27.875,(A),July
Benin,1992/93,1.805,(R),October
Cameroon,1992/93,177.043,(R/A),October
Central African Republic,1992/93,105.845,(R),October
Colombia,1992/93,13889.131,(A),October
"Congo, Dem. Rep. of",1992/93,980.157,(R/A),October
Costa Rica,1992/93,2622.974,(A),October
Côte d'Ivoire,1992/93,2195.536,(R),October
El Salvador,1992/93,2771.301,(A),October
Equatorial Guinea,1992/93,1.686,(R),October
Ethiopia,1992/93,494.171,(A),October
Gabon,1992/93,2.263,(R),October
Ghana,1992/93,19.602,(R),October
Guatemala,1992/93,4018.483,(A/R),October
Guinea,1992/93,13.841,(R),October
Guyana,1992/93,0.0,(R),October
Honduras,1992/93,1678.209,(A),October
India,1992/93,1906.497,(R/A),October
Jamaica,1992/93,19.583,(A),October
Kenya,1992/93,1265.548,(A),October
"Lao, People's Dem. Rep. of",1992/93,0.0,(R),October
Liberia,1992/93,0.0,(R),October
Mexico,1992/93,2100.811,(A),October
Nepal,1992/93,0.0,(A),October
Nicaragua,1992/93,481.694,(A),October
Nigeria,1992/93,13.132,(R),October
Panama,1992/93,129.978,(A),October
Sierra Leone,1992/93,30.084,(R),October
Sri Lanka,1992/93,25.181,(R),October
Thailand,1992/93,1021.945,(R/A),October
Togo,1992/93,84.648,(R),October
Trinidad & Tobago,1992/93,4.328,(R),October
Uganda,1992/93,2110.074,(R/A),October
Venezuela,1992/93,365.328,(A),October
Vietnam,1992/93,2090.447,(R/A),October
Yemen,1992/93,0.0,(A),October
Angola,1993/94,12.608,(R/A),April
Bolivia,1993/94,22.323,(A),April
Brazil,1993/94,19066.9786,(A/R),April
Burundi,1993/94,391.444,(A),April
Ecuador,1993/94,1719.007,(A/R),April
Indonesia,1993/94,5384.288,(R/A),April
Madagascar,1993/94,81.859,(R),April
Malawi,1993/94,60.111,(A),April
Papua New Guinea,1993/94,1017.481,(A/R),April
Paraguay,1993/94,50.046,(A),April
Peru,1993/94,465.497,(A),April
Rwanda,1993/94,442.625,(A),April
Timor-Leste,1993/94,0.0,(A),April
Zimbabwe,1993/94,3.267,(A),April
"Congo, Rep. of",1993/94,0.0,(R),July
Cuba,1993/94,91.304,(A),July
Dominican Republic,1993/94,283.944,(A),July
Haiti,1993/94,120.697,(A),July
Philippines,1993/94,104.855,(R/A),July
Tanzania,1993/94,716.875,(A/R),July
Zambia,1993/94,25.606,(A),July
Benin,1993/94,0.05,(R),October
Cameroon,1993/94,582.913,(R/A),October
Central African Republic,1993/94,140.574,(R),October
Colombia,1993/94,8897.602,(A),October
"Congo, Dem. Rep. of",1993/94,780.261,(R/A),October
Costa Rica,1993/94,1983.753,(A),October
Côte d'Ivoire,1993/94,2243.407,(R),October
El Salvador,1993/94,2148.482,(A),October
Equatorial Guinea,1993/94,0.0,(R),October
Ethiopia,1993/94,1565.004,(A),October
Gabon,1993/94,2.084,(R),October
Ghana,1993/94,28.381,(R),October
Guatemala,1993/94,3225.501,(A/R),October
Guinea,1993/94,30.806,(R),October
Guyana,1993/94,,(R),October
Honduras,1993/94,1599.179,(A),October
India,1993/94,2699.848,(R/A),October
Jamaica,1993/94,24.687,(A),October
Kenya,1993/94,1278.112,(A),October
"Lao, People's Dem. Rep. of",1993/94,,(R),October
Liberia,1993/94,0.0,(R),October
Mexico,1993/94,3953.488,(A),October
Nepal,1993/94,,(A),October
Nicaragua,1993/94,597.23,(A),October
Nigeria,1993/94,5.319,(R),October
Panama,1993/94,75.066,(A),October
Sierra Leone,1993/94,32.451,(R),October
Sri Lanka,1993/94,33.79,(R),October
Thailand,1993/94,1025.201,(R/A),October
Togo,1993/94,193.939,(R),October
Trinidad & Tobago,1993/94,6.079,(R),October
Uganda,1993/94,3066.706,(R/A),October
Venezuela,1993/94,446.951,(A),October
Vietnam,1993/94,2753.216,(R/A),October
Yemen,1993/94,0.0,(A),October
Angola,1994/95,51.802,(R/A),April
Bolivia,1994/95,87.444,(A),April
Brazil,1994/95,18892.047,(A/R),April
Burundi,1994/95,662.143,(A),April
Ecuador,1994/95,2025.766,(A/R),April
Indonesia,1994/95,3967.878,(R/A),April
Madagascar,1994/95,474.706,(R),April
Malawi,1994/95,82.112,(A),April
Papua New Guinea,1994/95,1136.659,(A/R),April
Paraguay,1994/95,4.689,(A),April
Peru,1994/95,978.628,(A),April
Rwanda,1994/95,21.449,(A),April
Timor-Leste,1994/95,0.0,(A),April
Zimbabwe,1994/95,97.969,(A),April
"Congo, Rep. of",1994/95,4.585,(R),July
Cuba,1994/95,90.315,(A),July
Dominican Republic,1994/95,399.67,(A),July
Haiti,1994/95,120.246,(A),July
Philippines,1994/95,86.764,(R/A),July
Tanzania,1994/95,661.524,(A/R),July
Zambia,1994/95,19.955,(A),July
Benin,1994/95,0.0,(R),October
Cameroon,1994/95,305.557,(R/A),October
Central African Republic,1994/95,234.512,(R),October
Colombia,1994/95,11487.47,(A),October
"Congo, Dem. Rep. of",1994/95,1097.805,(R/A),October
Costa Rica,1994/95,2106.942,(A),October
Côte d'Ivoire,1994/95,2956.444,(R),October
El Salvador,1994/95,2063.468,(A),October
Equatorial Guinea,1994/95,3.193,(R),October
Ethiopia,1994/95,1286.73,(A),October
Gabon,1994/95,6.701,(R),October
Ghana,1994/95,29.176,(R),October
Guatemala,1994/95,3477.336,(A/R),October
Guinea,1994/95,148.357,(R),October
Guyana,1994/95,,(R),October
Honduras,1994/95,1927.73,(A),October
India,1994/95,2168.564,(R/A),October
Jamaica,1994/95,29.598,(A),October
Kenya,1994/95,1613.131,(A),October
"Lao, People's Dem. Rep. of",1994/95,,(R),October
Liberia,1994/95,0.0,(R),October
Mexico,1994/95,3138.777,(A),October
Nepal,1994/95,,(A),October
Nicaragua,1994/95,593.369,(A),October
Nigeria,1994/95,11.631,(R),October
Panama,1994/95,171.646,(A),October
Sierra Leone,1994/95,67.738,(R),October
Sri Lanka,1994/95,22.448,(R),October
Thailand,1994/95,1116.135,(R/A),October
Togo,1994/95,175.296,(R),October
Trinidad & Tobago,1994/95,4.435,(R),October
Uganda,1994/95,2312.753,(R/A),October
Venezuela,1994/95,65.596,(A),October
Vietnam,1994/95,3364.609,(R/A),October
Yemen,1994/95,0.0,(A),October
Angola,1995/96,52.109,(R/A),April
Bolivia,1995/96,111.985,(A),April
Brazil,1995/96,7960.2022,(A/R),April
Burundi,1995/96,431.98,(A),April
Ecuador,1995/96,1538.233,(A/R),April
Indonesia,1995/96,3130.429,(R/A),April
Madagascar,1995/96,618.009,(R),April
Malawi,1995/96,89.235,(A),April
Papua New Guinea,1995/96,1000.363,(A/R),April
Paraguay,1995/96,2.843,(A),April
Peru,1995/96,1670.939,(A),April
Rwanda,1995/96,328.078,(A),April
Timor-Leste,1995/96,0.0,(A),April
Zimbabwe,1995/96,124.044,(A),April
"Congo, Rep. of",1995/96,8.755,(R),July
Cuba,1995/96,90.955,(A),July
Dominican Republic,1995/96,535.625,(A),July
Haiti,1995/96,183.945,(A),July
Philippines,1995/96,39.59,(R/A),July
Tanzania,1995/96,883.521,(A/R),July
Zambia,1995/96,25.733,(A),July
Benin,1995/96,0.0,(R),October
Cameroon,1995/96,560.04,(R/A),October
Central African Republic,1995/96,98.065,(R),October
Colombia,1995/96,11462.561,(A),October
"Congo, Dem. Rep. of",1995/96,898.155,(R/A),October
Costa Rica,1995/96,2468.596,(A),October
Côte d'Ivoire,1995/96,2481.864,(R),October
El Salvador,1995/96,2315.179,(A),October
Equatorial Guinea,1995/96,1.807,(R),October
Ethiopia,1995/96,1610.322,(A),October
Gabon,1995/96,0.968,(R),October
Ghana,1995/96,28.528,(R),October
Guatemala,1995/96,3691.604,(A/R),October
Guinea,1995/96,54.164,(R),October
Guyana,1995/96,0.0,(R),October
Honduras,1995/96,1748.238,(A),October
India,1995/96,2883.666,(R/A),October
Jamaica,1995/96,28.084,(A),October
Kenya,1995/96,1614.234,(A),October
"Lao, People's Dem. Rep. of",1995/96,0.0,(R),October
Liberia,1995/96,0.0,(R),October
Mexico,1995/96,4120.888,(A),October
Nepal,1995/96,0.0,(A),October
Nicaragua,1995/96,873.176,(A),October
Nigeria,1995/96,13.038,(R),October
Panama,1995/96,132.781,(A),October
Sierra Leone,1995/96,35.768,(R),October
Sri Lanka,1995/96,15.595,(R),October
Thailand,1995/96,900.226,(R/A),October
Togo,1995/96,83.401,(R),October
Trinidad & Tobago,1995/96,3.629,(R),October
Uganda,1995/96,3163.584,(R/A),October
Venezuela,1995/96,504.094,(A),October
Vietnam,1995/96,3688.241,(R/A),October
Yemen,1995/96,0.0,(A),October
Angola,1996/97,50.925,(R/A),April
Bolivia,1996/97,93.079,(A),April
Brazil,1996/97,18196.743,(A/R),April
Burundi,1996/97,398.969,(A),April
Ecuador,1996/97,1692.914,(A/R),April
Indonesia,1996/97,6734.584,(R/A),April
Madagascar,1996/97,682.008,(R),April
Malawi,1996/97,46.65,(A),April
Papua New Guinea,1996/97,1087.348,(A/R),April
Paraguay,1996/97,5.563,(A),April
Peru,1996/97,1605.861,(A),April
Rwanda,1996/97,292.003,(A),April
Timor-Leste,1996/97,0.0,(A),April
Zimbabwe,1996/97,170.393,(A),April
"Congo, Rep. of",1996/97,10.86,(R),July
Cuba,1996/97,176.865,(A),July
Dominican Republic,1996/97,193.848,(A),July
Haiti,1996/97,98.387,(A),July
Philippines,1996/97,58.819,(R/A),July
Tanzania,1996/97,747.34,(A/R),July
Zambia,1996/97,32.025,(A),July
Benin,1996/97,0.0,(R),October
Cameroon,1996/97,1332.189,(R/A),October
Central African Republic,1996/97,197.831,(R),October
Colombia,1996/97,9119.063,(A),October
"Congo, Dem. Rep. of",1996/97,594.577,(R/A),October
Costa Rica,1996/97,1846.915,(A),October
Côte d'Ivoire,1996/97,4808.592,(R),October
El Salvador,1996/97,2303.568,(A),October
Equatorial Guinea,1996/97,1.12,(R),October
Ethiopia,1996/97,1770.442,(A),October
Gabon,1996/97,0.446,(R),October
Ghana,1996/97,29.425,(R),October
Guatemala,1996/97,4224.556,(A/R),October
Guinea,1996/97,97.638,(R),October
Guyana,1996/97,0.0,(R),October
Honduras,1996/97,1836.464,(A),October
India,1996/97,2584.121,(R/A),October
Jamaica,1996/97,35.864,(A),October
Kenya,1996/97,1196.753,(A),October
"Lao, People's Dem. Rep. of",1996/97,0.0,(R),October
Liberia,1996/97,0.0,(R),October
Mexico,1996/97,3874.551,(A),October
Nepal,1996/97,0.0,(A),October
Nicaragua,1996/97,697.935,(A),October
Nigeria,1996/97,5.975,(R),October
Panama,1996/97,134.075,(A),October
Sierra Leone,1996/97,32.91,(R),October
Sri Lanka,1996/97,16.999,(R),October
Thailand,1996/97,1070.581,(R/A),October
Togo,1996/97,289.586,(R),October
Trinidad & Tobago,1996/97,4.188,(R),October
Uganda,1996/97,3338.724,(R/A),October
Venezuela,1996/97,202.982,(A),October
Vietnam,1996/97,5454.965,(R/A),October
Yemen,1996/97,0.0,(A),October
Angola,1997/98,24.33,(R/A),April
Bolivia,1997/98,108.219,(A),April
Brazil,1997/98,14648.004,(A/R),April
Burundi,1997/98,247.785,(A),April
Ecuador,1997/98,890.663,(A/R),April
Indonesia,1997/98,6088.778,(R/A),April
Madagascar,1997/98,456.804,(R),April
Malawi,1997/98,58.82,(A),April
Papua New Guinea,1997/98,1072.021,(A/R),April
Paraguay,1997/98,3.379,(A),April
Peru,1997/98,1729.959,(A),April
Rwanda,1997/98,190.422,(A),April
Timor-Leste,1997/98,0.0,(A),April
Zimbabwe,1997/98,126.193,(A),April
"Congo, Rep. of",1997/98,0.27,(R),July
Cuba,1997/98,105.021,(A),July
Dominican Republic,1997/98,616.242,(A),July
Haiti,1997/98,101.818,(A),July
Philippines,1997/98,82.472,(R/A),July
Tanzania,1997/98,606.78,(A/R),July
Zambia,1997/98,37.862,(A),July
Benin,1997/98,0.0,(R),October
Cameroon,1997/98,788.942,(R/A),October
Central African Republic,1997/98,104.354,(R),October
Colombia,1997/98,10619.455,(A),October
"Congo, Dem. Rep. of",1997/98,611.217,(R/A),October
Costa Rica,1997/98,2241.6,(A),October
Côte d'Ivoire,1997/98,4114.004,(R),October
El Salvador,1997/98,1983.142,(A),October
Equatorial Guinea,1997/98,1.669,(R),October
Ethiopia,1997/98,1332.864,(A),October
Gabon,1997/98,1.868,(R),October
Ghana,1997/98,24.275,(R),October
Guatemala,1997/98,3919.373,(A/R),October
Guinea,1997/98,121.711,(R),October
Guyana,1997/98,0.0,(R),October
Honduras,1997/98,2403.405,(A),October
India,1997/98,2971.756,(R/A),October
Jamaica,1997/98,27.025,(A),October
Kenya,1997/98,831.965,(A),October
"Lao, People's Dem. Rep. of",1997/98,0.0,(R),October
Liberia,1997/98,0.0,(R),October
Mexico,1997/98,3600.561,(A),October
Nepal,1997/98,0.0,(A),October
Nicaragua,1997/98,960.523,(A),October
Nigeria,1997/98,4.667,(R),October
Panama,1997/98,136.854,(A),October
Sierra Leone,1997/98,44.679,(R),October
Sri Lanka,1997/98,37.584,(R),October
Thailand,1997/98,903.076,(R/A),October
Togo,1997/98,220.078,(R),October
Trinidad & Tobago,1997/98,5.392,(R),October
Uganda,1997/98,3338.678,(R/A),October
Venezuela,1997/98,0.0,(A),October
Vietnam,1997/98,6664.884,(R/A),October
Yemen,1997/98,0.0,(A),October
Angola,1998/99,55.344,(R/A),April
Bolivia,1998/99,104.985,(A),April
Brazil,1998/99,24560.8533,(A/R),April
Burundi,1998/99,489.992,(A),April
Ecuador,1998/99,905.968,(A/R),April
Indonesia,1998/99,5717.955,(R/A),April
Madagascar,1998/99,824.799,(R),April
Malawi,1998/99,62.321,(A),April
Papua New Guinea,1998/99,1351.149,(A/R),April
Paraguay,1998/99,38.347,(A),April
Peru,1998/99,1902.298,(A),April
Rwanda,1998/99,219.637,(A),April
Timor-Leste,1998/99,0.0,(A),April
Zimbabwe,1998/99,145.45,(A),April
"Congo, Rep. of",1998/99,0.0,(R),July
Cuba,1998/99,79.953,(A),July
Dominican Republic,1998/99,161.592,(A),July
Haiti,1998/99,109.247,(A),July
Philippines,1998/99,0.0,(R/A),July
Tanzania,1998/99,722.312,(A/R),July
Zambia,1998/99,61.086,(A),July
Benin,1998/99,0.0,(R),October
Cameroon,1998/99,1013.94,(R/A),October
Central African Republic,1998/99,195.582,(R),October
Colombia,1998/99,9379.094,(A),October
"Congo, Dem. Rep. of",1998/99,538.083,(R/A),October
Costa Rica,1998/99,2070.12,(A),October
Côte d'Ivoire,1998/99,1941.547,(R),October
El Salvador,1998/99,1862.961,(A),October
Equatorial Guinea,1998/99,1.036,(R),October
Ethiopia,1998/99,1111.725,(A),October
Gabon,1998/99,2.965,(R),October
Ghana,1998/99,53.436,(R),October
Guatemala,1998/99,4592.964,(A/R),October
Guinea,1998/99,371.266,(R),October
Guyana,1998/99,1.1141,(R),October
Honduras,1998/99,2057.145,(A),October
India,1998/99,3583.768,(R/A),October
Jamaica,1998/99,14.283,(A),October
Kenya,1998/99,1122.882,(A),October
"Lao, People's Dem. Rep. of",1998/99,171.424,(R),October
Liberia,1998/99,12.779,(R),October
Mexico,1998/99,3693.348,(A),October
Nepal,1998/99,0.0,(A),October
Nicaragua,1998/99,946.58,(A),October
Nigeria,1998/99,13.405,(R),October
Panama,1998/99,124.996,(A),October
Sierra Leone,1998/99,21.882,(R),October
Sri Lanka,1998/99,15.738,(R),October
Thailand,1998/99,482.986,(R/A),October
Togo,1998/99,319.486,(R),October
Trinidad & Tobago,1998/99,3.018,(R),October
Uganda,1998/99,3269.839,(R/A),October
Venezuela,1998/99,507.439,(A),October
Vietnam,1998/99,6720.203,(R/A),October
Yemen,1998/99,68.7007,(A),October
Angola,1999/00,34.939,(R/A),April
Bolivia,1999/00,123.702,(A),April
Brazil,1999/00,34877.8065,(A/R),April
Burundi,1999/00,348.55,(A),April
Ecuador,1999/00,967.6832,(A/R),April
Indonesia,1999/00,4931.0662,(R/A),April
Madagascar,1999/00,371.317,(R),April
Malawi,1999/00,58.0,(A),April
Papua New Guinea,1999/00,1385.0519,(A/R),April
Paraguay,1999/00,0.241,(A),April
Peru,1999/00,2543.533,(A),April
Rwanda,1999/00,305.275,(A),April
Timor-Leste,1999/00,0.0,(A),April
Zimbabwe,1999/00,121.4843,(A),April
"Congo, Rep. of",1999/00,0.0,(R),July
Cuba,1999/00,127.9874,(A),July
Dominican Republic,1999/00,281.879,(A),July
Haiti,1999/00,59.027,(A),July
Philippines,1999/00,0.0,(R/A),July
Tanzania,1999/00,828.2181,(A/R),July
Zambia,1999/00,58.125,(A),July
Benin,1999/00,0.0,(R),October
Cameroon,1999/00,1269.824,(R/A),October
Central African Republic,1999/00,219.682,(R),October
Colombia,1999/00,8278.7709,(A),October
"Congo, Dem. Rep. of",1999/00,277.154,(R/A),October
Costa Rica,1999/00,2110.33,(A),October
Côte d'Ivoire,1999/00,6270.4388,(R),October
El Salvador,1999/00,2444.8449,(A),October
Equatorial Guinea,1999/00,0.179,(R),October
Ethiopia,1999/00,1872.051,(A),October
Gabon,1999/00,1.342,(R),October
Ghana,1999/00,87.9011,(R),October
Guatemala,1999/00,4820.1288,(A/R),October
Guinea,1999/00,313.707,(R),October
Guyana,1999/00,0.7376,(R),October
Honduras,1999/00,2817.005,(A),October
India,1999/00,3949.5892,(R/A),October
Jamaica,1999/00,26.9705,(A),October
Kenya,1999/00,1451.891,(A),October
"Lao, People's Dem. Rep. of",1999/00,238.772,(R),October
Liberia,1999/00,7.163,(R),October
Mexico,1999/00,5068.6765,(A),October
Nepal,1999/00,0.0,(A),October
Nicaragua,1999/00,1423.7548,(A),October
Nigeria,1999/00,5.067,(R),October
Panama,1999/00,99.381,(A),October
Sierra Leone,1999/00,54.02,(R),October
Sri Lanka,1999/00,1.716,(R),October
Thailand,1999/00,839.8378,(R/A),October
Togo,1999/00,260.808,(R),October
Trinidad & Tobago,1999/00,2.89,(R),October
Uganda,1999/00,2743.447,(R/A),October
Venezuela,1999/00,230.895,(A),October
Vietnam,1999/00,11280.9138,(R/A),October
Yemen,1999/00,60.579,(A),October
Angola,2000/01,29.785,(R/A),April
Bolivia,2000/01,112.604,(A),April
Brazil,2000/01,18110.353,(A/R),April
Burundi,2000/01,485.46,(A),April
Ecuador,2000/01,653.817,(A/R),April
Indonesia,2000/01,5311.2397,(R/A),April
Madagascar,2000/01,273.0618,(R),April
Malawi,2000/01,62.138,(A),April
Papua New Guinea,2000/01,1038.7392,(A/R),April
Paraguay,2000/01,22.402,(A),April
Peru,2000/01,2475.593,(A),April
Rwanda,2000/01,271.363,(A),April
Timor-Leste,2000/01,7.1279,(A),April
Zimbabwe,2000/01,104.523,(A),April
"Congo, Rep. of",2000/01,0.0,(R),July
Cuba,2000/01,99.4345,(A),July
Dominican Republic,2000/01,142.038,(A),July
Haiti,2000/01,79.85,(A),July
Philippines,2000/01,0.0,(R/A),July
Tanzania,2000/01,793.8714,(A/R),July
Zambia,2000/01,92.774,(A),July
Benin,2000/01,0.0,(R),October
Cameroon,2000/01,1038.143,(R/A),October
Central African Republic,2000/01,110.313,(R),October
Colombia,2000/01,8999.887,(A),October
"Congo, Dem. Rep. of",2000/01,162.535,(R/A),October
Costa Rica,2000/01,2043.536,(A),October
Côte d'Ivoire,2000/01,4528.919,(R),October
El Salvador,2000/01,1560.4498,(A),October
Equatorial Guinea,2000/01,0.0,(R),October
Ethiopia,2000/01,1101.149,(A),October
Gabon,2000/01,0.0,(R),October
Ghana,2000/01,75.456,(R),October
Guatemala,2000/01,4639.753,(A/R),October
Guinea,2000/01,349.992,(R),October
Guyana,2000/01,0.9888,(R),October
Honduras,2000/01,2436.658,(A),October
India,2000/01,4019.7666,(R/A),October
Jamaica,2000/01,24.8104,(A),October
Kenya,2000/01,951.8641,(A),October
"Lao, People's Dem. Rep. of",2000/01,212.185,(R),October
Liberia,2000/01,7.305,(R),October
Mexico,2000/01,3509.9789,(A),October
Nepal,2000/01,,(A),October
Nicaragua,2000/01,1397.5026,(A),October
Nigeria,2000/01,9.431,(R),October
Panama,2000/01,103.226,(A),October
Sierra Leone,2000/01,44.155,(R),October
Sri Lanka,2000/01,3.28,(R),October
Thailand,2000/01,1192.2342,(R/A),October
Togo,2000/01,195.401,(R),October
Trinidad & Tobago,2000/01,2.393,(R),October
Uganda,2000/01,3258.683,(R/A),October
Venezuela,2000/01,265.934,(A),October
Vietnam,2000/01,14439.684,(R/A),October
Yemen,2000/01,63.936,(A),October
Angola,2001/02,0.69,(R/A),April
Bolivia,2001/02,57.516,(A),April
Brazil,2001/02,17775.0955,(A/R),April
Burundi,2001/02,141.982,(A),April
Ecuador,2001/02,592.847,(A/R),April
Indonesia,2001/02,4833.356,(R/A),April
Madagascar,2001/02,19.236,(R),April
Malawi,2001/02,59.39,(A),April
Papua New Guinea,2001/02,1060.593,(A/R),April
Paraguay,2001/02,0.0,(A),April
Peru,2001/02,2628.946,(A),April
Rwanda,2001/02,293.51,(A),April
Timor-Leste,2001/02,32.8539,(A),April
Zimbabwe,2001/02,117.042,(A),April
"Congo, Rep. of",2001/02,0.0,(R),July
Cuba,2001/02,64.974,(A),July
Dominican Republic,2001/02,46.76,(A),July
Haiti,2001/02,62.64,(A),July
Philippines,2001/02,0.0,(R/A),July
Tanzania,2001/02,609.089,(A/R),July
Zambia,2001/02,99.072,(A),July
Benin,2001/02,0.0,(R),October
Cameroon,2001/02,616.677,(R/A),October
Central African Republic,2001/02,65.172,(R),October
Colombia,2001/02,10562.441,(A),October
"Congo, Dem. Rep. of",2001/02,223.184,(R/A),October
Costa Rica,2001/02,1871.7,(A),October
Côte d'Ivoire,2001/02,3279.449,(R),October
El Salvador,2001/02,1540.666,(A),October
Equatorial Guinea,2001/02,0.0,(R),October
Ethiopia,2001/02,1923.24,(A),October
Gabon,2001/02,0.522,(R),October
Ghana,2001/02,6.285,(R),October
Guatemala,2001/02,3368.96,(A/R),October
Guinea,2001/02,185.979,(R),October
Guyana,2001/02,1.0893,(R),October
Honduras,2001/02,2836.252,(A),October
India,2001/02,3943.313,(R/A),October
Jamaica,2001/02,20.775,(A),October
Kenya,2001/02,940.531,(A),October
"Lao, People's Dem. Rep. of",2001/02,258.1452,(R),October
Liberia,2001/02,6.833,(R),October
Mexico,2001/02,2938.404,(A),October
Nepal,2001/02,,(A),October
Nicaragua,2001/02,901.429,(A),October
Nigeria,2001/02,4.003,(R),October
Panama,2001/02,92.939,(A),October
Sierra Leone,2001/02,74.2,(R),October
Sri Lanka,2001/02,1.531,(R),October
Thailand,2001/02,214.5,(R/A),October
Togo,2001/02,110.018,(R),October
Trinidad & Tobago,2001/02,2.165,(R),October
Uganda,2001/02,3016.777,(R/A),October
Venezuela,2001/02,30.543,(A),October
Vietnam,2001/02,12632.379,(R/A),October
Yemen,2001/02,62.2185,(A),October
Angola,2002/03,36.64,(R/A),April
Bolivia,2002/03,89.168,(A),April
Brazil,2002/03,34601.634,(A/R),April
Burundi,2002/03,451.732,(A),April
Ecuador,2002/03,432.224,(A/R),April
Indonesia,2002/03,4952.376,(R/A),April
Madagascar,2002/03,228.455,(R),April
Malawi,2002/03,41.464,(A),April
Papua New Guinea,2002/03,1083.147,(A/R),April
Paraguay,2002/03,6.0485,(A),April
Peru,2002/03,2780.32,(A),April
Rwanda,2002/03,319.347,(A),April
Timor-Leste,2002/03,36.8093,(A),April
Zimbabwe,2002/03,106.121,(A),April
"Congo, Rep. of",2002/03,0.0,(R),July
Cuba,2002/03,15.105,(A),July
Dominican Republic,2002/03,115.0,(A),July
Haiti,2002/03,33.945,(A),July
Philippines,2002/03,0.0,(R/A),July
Tanzania,2002/03,808.609,(A/R),July
Zambia,2002/03,118.327,(A),July
Benin,2002/03,0.0,(R),October
Cameroon,2002/03,731.795,(R/A),October
Central African Republic,2002/03,88.307,(R),October
Colombia,2002/03,10335.253,(A),October
"Congo, Dem. Rep. of",2002/03,137.873,(R/A),October
Costa Rica,2002/03,1668.413,(A),October
Côte d'Ivoire,2002/03,2692.973,(R),October
El Salvador,2002/03,1208.076,(A),October
Equatorial Guinea,2002/03,0.0,(R),October
Ethiopia,2002/03,1859.902,(A),October
Gabon,2002/03,0.95,(R),October
Ghana,2002/03,32.6323,(R),October
Guatemala,2002/03,3769.953,(A/R),October
Guinea,2002/03,278.229,(R),October
Guyana,2002/03,0.8513,(R),October
Honduras,2002/03,2295.886,(A),October
India,2002/03,3454.889,(R/A),October
Jamaica,2002/03,28.123,(A),October
Kenya,2002/03,895.402,(A),October
"Lao, People's Dem. Rep. of",2002/03,244.0043,(R),October
Liberia,2002/03,7.482,(R),October
Mexico,2002/03,2851.426,(A),October
Nepal,2002/03,,(A),October
Nicaragua,2002/03,990.393,(A),October
Nigeria,2002/03,9.815,(R),October
Panama,2002/03,72.962,(A),October
Sierra Leone,2002/03,36.7289,(R),October
Sri Lanka,2002/03,4.3807,(R),October
Thailand,2002/03,231.9,(R/A),October
Togo,2002/03,66.205,(R),October
Trinidad & Tobago,2002/03,2.5524,(R),October
Uganda,2002/03,2750.058,(R/A),October
Venezuela,2002/03,197.3196,(A),October
Vietnam,2002/03,11055.093,(R/A),October
Yemen,2002/03,56.7446,(A),October
Angola,2003/04,23.013,(R/A),April
Bolivia,2003/04,64.823,(A),April
Brazil,2003/04,14673.4093,(A/R),April
Burundi,2003/04,335.858,(A),April
Ecuador,2003/04,490.79,(A/R),April
Indonesia,2003/04,4571.076,(R/A),April
Madagascar,2003/04,101.658,(R),April
Malawi,2003/04,47.155,(A),April
Papua New Guinea,2003/04,1152.944,(A/R),April
Paraguay,2003/04,31.7261,(A),April
Peru,2003/04,2465.986,(A),April
Rwanda,2003/04,265.409,(A),April
Timor-Leste,2003/04,41.8233,(A),April
Zimbabwe,2003/04,87.649,(A),April
"Congo, Rep. of",2003/04,0.0,(R),July
Cuba,2003/04,0.0,(A),July
Dominican Republic,2003/04,10.673,(A),July
Haiti,2003/04,33.842,(A),July
Philippines,2003/04,0.0,(R/A),July
Tanzania,2003/04,584.734,(A/R),July
Zambia,2003/04,99.733,(A),July
Benin,2003/04,0.0,(R),October
Cameroon,2003/04,831.282,(R/A),October
Central African Republic,2003/04,38.943,(R),October
Colombia,2003/04,9830.157,(A),October
"Congo, Dem. Rep. of",2003/04,251.06,(R/A),October
Costa Rica,2003/04,1511.432,(A),October
Côte d'Ivoire,2003/04,2664.585,(R),October
El Salvador,2003/04,1226.797,(A),October
Equatorial Guinea,2003/04,0.0,(R),October
Ethiopia,2003/04,2040.717,(A),October
Gabon,2003/04,0.0,(R),October
Ghana,2003/04,17.1419,(R),October
Guatemala,2003/04,3309.931,(A/R),October
Guinea,2003/04,315.529,(R),October
Guyana,2003/04,0.6752,(R),October
Honduras,2003/04,2767.865,(A),October
India,2003/04,3341.272,(R/A),October
Jamaica,2003/04,28.4471,(A),October
Kenya,2003/04,623.422,(A),October
"Lao, People's Dem. Rep. of",2003/04,258.4625,(R),October
Liberia,2003/04,0.08,(R),October
Mexico,2003/04,2701.0193,(A),October
Nepal,2003/04,0.9,(A),October
Nicaragua,2003/04,1327.183,(A),October
Nigeria,2003/04,6.1504,(R),October
Panama,2003/04,105.062,(A),October
Sierra Leone,2003/04,30.5163,(R),October
Sri Lanka,2003/04,6.8942,(R),October
Thailand,2003/04,326.567,(R/A),October
Togo,2003/04,141.792,(R),October
Trinidad & Tobago,2003/04,2.0967,(R),October
Uganda,2003/04,2467.532,(R/A),October
Venezuela,2003/04,79.8447,(A),October
Vietnam,2003/04,14730.506,(R/A),October
Yemen,2003/04,47.3027,(A),October
Angola,2004/05,0.0,(R/A),April
Bolivia,2004/05,109.8071,(A),April
Brazil,2004/05,24335.1457,(A/R),April
Burundi,2004/05,435.036,(A),April
Ecuador,2004/05,630.435,(A/R),April
Indonesia,2004/05,5536.371,(R/A),April
Madagascar,2004/05,54.66,(R),April
Malawi,2004/05,19.615,(A),April
Papua New Guinea,2004/05,995.514,(A/R),April
Paraguay,2004/05,6.2389,(A),April
Peru,2004/05,3205.1559,(A),April
Rwanda,2004/05,448.733,(A),April
Timor-Leste,2004/05,16.5932,(A),April
Zimbabwe,2004/05,116.3133,(A),April
"Congo, Rep. of",2004/05,0.0,(R),July
Cuba,2004/05,0.0,(A),July
Dominican Republic,2004/05,112.681,(A),July
Haiti,2004/05,25.211,(A),July
Philippines,2004/05,0.0,(R/A),July
Tanzania,2004/05,726.182,(A/R),July
Zambia,2004/05,109.777,(A),July
Benin,2004/05,0.0,(R),October
Cameroon,2004/05,658.382,(R/A),October
Central African Republic,2004/05,25.715,(R),October
Colombia,2004/05,10172.523,(A),October
"Congo, Dem. Rep. of",2004/05,159.754,(R/A),October
Costa Rica,2004/05,1500.8399,(A),October
Côte d'Ivoire,2004/05,1818.9328,(R),October
El Salvador,2004/05,1024.373,(A),October
Equatorial Guinea,2004/05,0.0,(R),October
Ethiopia,2004/05,2734.951,(A),October
Gabon,2004/05,0.0,(R),October
Ghana,2004/05,16.5239,(R),October
Guatemala,2004/05,3403.026,(A/R),October
Guinea,2004/05,266.116,(R),October
Guyana,2004/05,0.5561,(R),October
Honduras,2004/05,2345.144,(A),October
India,2004/05,3342.0102,(R/A),October
Jamaica,2004/05,12.3066,(A),October
Kenya,2004/05,685.583,(A),October
"Lao, People's Dem. Rep. of",2004/05,244.4417,(R),October
Liberia,2004/05,0.78,(R),October
Mexico,2004/05,2367.3474,(A),October
Nepal,2004/05,0.95,(A),October
Nicaragua,2004/05,883.799,(A),October
Nigeria,2004/05,5.1379,(R),October
Panama,2004/05,23.3892,(A),October
Sierra Leone,2004/05,9.5255,(R),October
Sri Lanka,2004/05,1.6437,(R),October
Thailand,2004/05,384.383,(R/A),October
Togo,2004/05,163.522,(R),October
Trinidad & Tobago,2004/05,1.1235,(R),October
Uganda,2004/05,2472.619,(R/A),October
Venezuela,2004/05,0.0,(A),October
Vietnam,2004/05,13674.097,(R/A),October
Yemen,2004/05,69.5589,(A),October
Angola,2005/06,9.965,(R/A),April
Bolivia,2005/06,68.9692,(A),April
Brazil,2005/06,17394.9797,(A/R),April
Burundi,2005/06,101.409,(A),April
Ecuador,2005/06,785.3007,(A/R),April
Indonesia,2005/06,6658.9594,(R/A),April
Madagascar,2005/06,132.149,(R),April
Malawi,2005/06,23.416,(A),April
Papua New Guinea,2005/06,1266.1328,(A/R),April
Paraguay,2005/06,25.2369,(A),April
Peru,2005/06,2268.8349,(A),April
Rwanda,2005/06,336.0107,(A),April
Timor-Leste,2005/06,23.5228,(A),April
Zimbabwe,2005/06,61.9299,(A),April
"Congo, Rep. of",2005/06,0.0,(R),July
Cuba,2005/06,0.0,(A),July
Dominican Republic,2005/06,0.0,(A),July
Haiti,2005/06,16.0064,(A),July
Philippines,2005/06,0.0,(R/A),July
Tanzania,2005/06,757.4066,(A/R),July
Zambia,2005/06,102.336,(A),July
Benin,2005/06,0.0,(R),October
Cameroon,2005/06,800.7157,(R/A),October
Central African Republic,2005/06,20.1639,(R),October
Colombia,2005/06,11164.2337,(A),October
"Congo, Dem. Rep. of",2005/06,136.198,(R/A),October
Costa Rica,2005/06,1277.5288,(A),October
Côte d'Ivoire,2005/06,1782.3777,(R),October
El Salvador,2005/06,1094.487,(A),October
Equatorial Guinea,2005/06,0.0,(R),October
Ethiopia,2005/06,2170.486,(A),October
Gabon,2005/06,0.391,(R),October
Ghana,2005/06,10.7849,(R),October
Guatemala,2005/06,3375.5298,(A/R),October
Guinea,2005/06,474.884,(R),October
Guyana,2005/06,1.4144,(R),October
Honduras,2005/06,2974.361,(A),October
India,2005/06,3230.2898,(R/A),October
Jamaica,2005/06,25.2777,(A),October
Kenya,2005/06,610.135,(A),October
"Lao, People's Dem. Rep. of",2005/06,139.646,(R),October
Liberia,2005/06,0.361,(R),October
Mexico,2005/06,2499.6637,(A),October
Nepal,2005/06,1.3,(A),October
Nicaragua,2005/06,1245.0925,(A),October
Nigeria,2005/06,28.5718,(R),October
Panama,2005/06,109.3307,(A),October
Sierra Leone,2005/06,54.9662,(R),October
Sri Lanka,2005/06,4.9432,(R),October
Thailand,2005/06,563.9651,(R/A),October
Togo,2005/06,138.0759,(R),October
Trinidad & Tobago,2005/06,0.8624,(R),October
Uganda,2005/06,2025.201,(R/A),October
Venezuela,2005/06,49.8009,(A),October
Vietnam,2005/06,13041.8363,(R/A),October
Yemen,2005/06,65.1808,(A),October
Angola,2006/07,5.095,(R/A),April
Bolivia,2006/07,104.4297,(A),April
Brazil,2006/07,26655.9148,(A/R),April
Burundi,2006/07,496.94,(A),April
Ecuador,2006/07,884.5199,(A/R),April
Indonesia,2006/07,4649.6737,(R/A),April
Madagascar,2006/07,119.51,(R),April
Malawi,2006/07,15.663,(A),April
Papua New Guinea,2006/07,805.2202,(A/R),April
Paraguay,2006/07,5.7472,(A),April
Peru,2006/07,4099.0586,(A),April
Rwanda,2006/07,350.013,(A),April
Timor-Leste,2006/07,46.2077,(A),April
Zimbabwe,2006/07,41.149,(A),April
"Congo, Rep. of",2006/07,0.0,(R),July
Cuba,2006/07,0.0,(A),July
Dominican Republic,2006/07,8.6691,(A),July
Haiti,2006/07,22.112,(A),July
Philippines,2006/07,0.0,(R/A),July
Tanzania,2006/07,774.807,(A/R),July
Zambia,2006/07,55.4696,(A),July
Benin,2006/07,0.0,(R),October
Cameroon,2006/07,749.1664,(R/A),October
Central African Republic,2006/07,110.5037,(R),October
Colombia,2006/07,10564.0606,(A),October
"Congo, Dem. Rep. of",2006/07,177.5227,(R/A),October
Costa Rica,2006/07,1331.0731,(A),October
Côte d'Ivoire,2006/07,2531.2734,(R),October
El Salvador,2006/07,979.861,(A),October
Equatorial Guinea,2006/07,0.0,(R),October
Ethiopia,2006/07,2802.74,(A),October
Gabon,2006/07,1.103,(R),October
Ghana,2006/07,19.2111,(R),October
Guatemala,2006/07,3650.3303,(A/R),October
Guinea,2006/07,422.9477,(R),October
Guyana,2006/07,1.8626,(R),October
Honduras,2006/07,3231.2816,(A),October
India,2006/07,3383.0734,(R/A),October
Jamaica,2006/07,31.1196,(A),October
Kenya,2006/07,776.08,(A),October
"Lao, People's Dem. Rep. of",2006/07,251.0986,(R),October
Liberia,2006/07,1.7276,(R),October
Mexico,2006/07,2200.3381,(A),October
Nepal,2006/07,2.25,(A),October
Nicaragua,2006/07,1238.7412,(A),October
Nigeria,2006/07,10.7351,(R),October
Panama,2006/07,106.1015,(A),October
Sierra Leone,2006/07,26.472,(R),October
Sri Lanka,2006/07,2.875,(R),October
Thailand,2006/07,322.4689,(R/A),October
Togo,2006/07,131.95,(R),October
Trinidad & Tobago,2006/07,0.6981,(R),October
Uganda,2006/07,2719.16,(R/A),October
Venezuela,2006/07,52.7861,(A),October
Vietnam,2006/07,18422.7501,(R/A),October
Yemen,2006/07,69.234,(A),October
Angola,2007/08,5.631,(R/A),April
Bolivia,2007/08,72.5292,(A),April
Brazil,2007/08,21861.7101,(A/R),April
Burundi,2007/08,131.499,(A),April
Ecuador,2007/08,800.4028,(A/R),April
Indonesia,2007/08,4443.5557,(R/A),April
Madagascar,2007/08,147.1661,(R),April
Malawi,2007/08,17.812,(A),April
Papua New Guinea,2007/08,965.7113,(A/R),April
Paraguay,2007/08,18.6339,(A),April
Peru,2007/08,2842.9307,(A),April
Rwanda,2007/08,223.0446,(A),April
Timor-Leste,2007/08,36.3032,(A),April
Zimbabwe,2007/08,27.2441,(A),April
"Congo, Rep. of",2007/08,0.0,(R),July
Cuba,2007/08,0.0,(A),July
Dominican Republic,2007/08,86.9084,(A),July
Haiti,2007/08,19.4114,(A),July
Philippines,2007/08,0.0,(R/A),July
Tanzania,2007/08,762.7958,(A/R),July
Zambia,2007/08,60.4737,(A),July
Benin,2007/08,0.0,(R),October
Cameroon,2007/08,726.3046,(R/A),October
Central African Republic,2007/08,40.134,(R),October
Colombia,2007/08,11234.5304,(A),October
"Congo, Dem. Rep. of",2007/08,215.9287,(R/A),October
Costa Rica,2007/08,1422.1373,(A),October
Côte d'Ivoire,2007/08,1021.1445,(R),October
El Salvador,2007/08,1254.4911,(A),October
Equatorial Guinea,2007/08,0.0,(R),October
Ethiopia,2007/08,3072.6796,(A),October
Gabon,2007/08,0.421,(R),October
Ghana,2007/08,32.6644,(R),October
Guatemala,2007/08,3799.6768,(A/R),October
Guinea,2007/08,272.6894,(R),October
Guyana,2007/08,1.6174,(R),October
Honduras,2007/08,3394.7929,(A),October
India,2007/08,2866.6594,(R/A),October
Jamaica,2007/08,11.1766,(A),October
Kenya,2007/08,602.105,(A),October
"Lao, People's Dem. Rep. of",2007/08,253.123,(R),October
Liberia,2007/08,1.8511,(R),October
Mexico,2007/08,1950.3183,(A),October
Nepal,2007/08,1.2574,(A),October
Nicaragua,2007/08,1714.0264,(A),October
Nigeria,2007/08,2.1658,(R),October
Panama,2007/08,109.0553,(A),October
Sierra Leone,2007/08,35.0011,(R),October
Sri Lanka,2007/08,3.4906,(R),October
Thailand,2007/08,100.4208,(R/A),October
Togo,2007/08,123.131,(R),October
Trinidad & Tobago,2007/08,1.1349,(R),October
Uganda,2007/08,3309.398,(R/A),October
Venezuela,2007/08,0.0,(A),October
Vietnam,2007/08,15467.0988,(R/A),October
Yemen,2007/08,67.9537,(A),October
Angola,2008/09,7.61,(R/A),April
Bolivia,2008/09,75.4186,(A),April
Brazil,2008/09,32830.0837,(A/R),April
Burundi,2008/09,410.3472,(A),April
Ecuador,2008/09,620.6473,(A/R),April
Indonesia,2008/09,6279.3466,(R/A),April
Madagascar,2008/09,260.6884,(R),April
Malawi,2008/09,19.753,(A),April
Papua New Guinea,2008/09,1025.6529,(A/R),April
Paraguay,2008/09,0.0154,(A),April
Peru,2008/09,3622.262,(A),April
Rwanda,2008/09,367.7282,(A),April
Timor-Leste,2008/09,47.6918,(A),April
Zimbabwe,2008/09,20.2492,(A),April
"Congo, Rep. of",2008/09,0.0,(R),July
Cuba,2008/09,0.0,(A),July
Dominican Republic,2008/09,267.0295,(A),July
Haiti,2008/09,18.6822,(A),July
Philippines,2008/09,0.0,(R/A),July
Tanzania,2008/09,1139.2823,(A/R),July
Zambia,2008/09,33.6967,(A),July
Benin,2008/09,0.0,(R),October
Cameroon,2008/09,655.9004,(R/A),October
Central African Republic,2008/09,54.616,(R),October
Colombia,2008/09,7372.7373,(A),October
"Congo, Dem. Rep. of",2008/09,221.9583,(R/A),October
Costa Rica,2008/09,1232.059,(A),October
Côte d'Ivoire,2008/09,2209.3263,(R),October
El Salvador,2008/09,1205.9264,(A),October
Equatorial Guinea,2008/09,0.0,(R),October
Ethiopia,2008/09,1900.9869,(A),October
Gabon,2008/09,1.792,(R),October
Ghana,2008/09,24.4006,(R),October
Guatemala,2008/09,3449.9658,(A/R),October
Guinea,2008/09,454.7819,(R),October
Guyana,2008/09,1.4052,(R),October
Honduras,2008/09,3181.6542,(A),October
India,2008/09,2804.666,(R/A),October
Jamaica,2008/09,22.8915,(A),October
Kenya,2008/09,491.075,(A),October
"Lao, People's Dem. Rep. of",2008/09,255.6104,(R),October
Liberia,2008/09,7.4117,(R),October
Mexico,2008/09,2450.6492,(A),October
Nepal,2008/09,1.4624,(A),October
Nicaragua,2008/09,1250.5872,(A),October
Nigeria,2008/09,10.0048,(R),October
Panama,2008/09,82.1609,(A),October
Sierra Leone,2008/09,81.2856,(R),October
Sri Lanka,2008/09,0.8644,(R),October
Thailand,2008/09,74.5626,(R/A),October
Togo,2008/09,135.7531,(R),October
Trinidad & Tobago,2008/09,0.4194,(R),October
Uganda,2008/09,3150.167,(R/A),October
Venezuela,2008/09,0.0,(A),October
Vietnam,2008/09,17417.1201,(R/A),October
Yemen,2008/09,89.7968,(A),October
Angola,2009/10,0.0,(R/A),April
Bolivia,2009/10,82.4751,(A),April
Brazil,2009/10,25586.812,(A/R),April
Burundi,2009/10,110.214,(A),April
Ecuador,2009/10,663.2849,(A/R),April
Indonesia,2009/10,8046.6699,(R/A),April
Madagascar,2009/10,0.0,(R),April
Malawi,2009/10,15.922,(A),April
Papua New Guinea,2009/10,1035.9942,(A/R),April
Paraguay,2009/10,0.0167,(A),April
Peru,2009/10,3036.0867,(A),April
Rwanda,2009/10,257.9411,(A),April
Timor-Leste,2009/10,46.9126,(A),April
Zimbabwe,2009/10,17.3683,(A),April
"Congo, Rep. of",2009/10,0.0,(R),July
Cuba,2009/10,0.0,(A),July
Dominican Republic,2009/10,0.0,(A),July
Haiti,2009/10,10.5835,(A),July
Philippines,2009/10,0.0,(R/A),July
Tanzania,2009/10,627.9343,(A/R),July
Zambia,2009/10,28.217,(A),July
Benin,2009/10,0.0,(R),October
Cameroon,2009/10,833.2813,(R/A),October
Central African Republic,2009/10,103.776,(R),October
Colombia,2009/10,6827.9171,(A),October
"Congo, Dem. Rep. of",2009/10,145.8372,(R/A),October
Costa Rica,2009/10,1181.3066,(A),October
Côte d'Ivoire,2009/10,1671.6994,(R),October
El Salvador,2009/10,806.3297,(A),October
Equatorial Guinea,2009/10,0.0,(R),October
Ethiopia,2009/10,3721.199,(A),October
Gabon,2009/10,0.243,(R),October
Ghana,2009/10,34.9277,(R),October
Guatemala,2009/10,3514.7868,(A/R),October
Guinea,2009/10,449.2465,(R),October
Guyana,2009/10,0.9437,(R),October
Honduras,2009/10,3296.2499,(A),October
India,2009/10,3126.6521,(R/A),October
Jamaica,2009/10,16.0842,(A),October
Kenya,2009/10,579.74,(A),October
"Lao, People's Dem. Rep. of",2009/10,283.8689,(R),October
Liberia,2009/10,7.692,(R),October
Mexico,2009/10,1908.6243,(A),October
Nepal,2009/10,1.1083,(A),October
Nicaragua,2009/10,1674.4986,(A),October
Nigeria,2009/10,0.0,(R),October
Panama,2009/10,70.7393,(A),October
Sierra Leone,2009/10,85.7017,(R),October
Sri Lanka,2009/10,1.5032,(R),October
Thailand,2009/10,94.7965,(R/A),October
Togo,2009/10,199.8831,(R),October
Trinidad & Tobago,2009/10,0.4069,(R),October
Uganda,2009/10,2705.176,(R/A),October
Venezuela,2009/10,0.0,(A),October
Vietnam,2009/10,16617.3453,(R/A),October
Yemen,2009/10,5.1816,(A),October
Angola,2010/11,4.97,(R/A),April
Bolivia,2010/11,69.7249,(A),April
Brazil,2010/11,34296.4102,(A/R),April
Burundi,2010/11,350.9776,(A),April
Ecuador,2010/11,703.9798,(A/R),April
Indonesia,2010/11,5795.5118,(R/A),April
Madagascar,2010/11,62.7233,(R),April
Malawi,2010/11,15.9285,(A),April
Papua New Guinea,2010/11,865.0884,(A/R),April
Paraguay,2010/11,0.1965,(A),April
Peru,2010/11,3818.823,(A),April
Rwanda,2010/11,321.9191,(A),April
Timor-Leste,2010/11,59.6117,(A),April
Zimbabwe,2010/11,6.0859,(A),April
"Congo, Rep. of",2010/11,0.0,(R),July
Cuba,2010/11,0.0,(A),July
Dominican Republic,2010/11,0.1562,(A),July
Haiti,2010/11,9.5281,(A),July
Philippines,2010/11,0.0,(R/A),July
Tanzania,2010/11,798.9077,(A/R),July
Zambia,2010/11,13.1783,(A),July
Benin,2010/11,0.0,(R),October
Cameroon,2010/11,458.8017,(R/A),October
Central African Republic,2010/11,68.462,(R),October
Colombia,2010/11,7214.8794,(A),October
"Congo, Dem. Rep. of",2010/11,105.1575,(R/A),October
Costa Rica,2010/11,1206.4786,(A),October
Côte d'Ivoire,2010/11,519.724,(R),October
El Salvador,2010/11,1597.269,(A),October
Equatorial Guinea,2010/11,0.0,(R),October
Ethiopia,2010/11,4117.3848,(A),October
Gabon,2010/11,0.8853,(R),October
Ghana,2010/11,90.3075,(R),October
Guatemala,2010/11,3609.9335,(A/R),October
Guinea,2010/11,336.4609,(R),October
Guyana,2010/11,0.6433,(R),October
Honduras,2010/11,3995.6854,(A),October
India,2010/11,3232.9734,(R/A),October
Jamaica,2010/11,11.5548,(A),October
Kenya,2010/11,590.8736,(A),October
"Lao, People's Dem. Rep. of",2010/11,394.3616,(R),October
Liberia,2010/11,5.4386,(R),October
Mexico,2010/11,1647.4319,(A),October
Nepal,2010/11,3.0825,(A),October
Nicaragua,2010/11,1435.0766,(A),October
Nigeria,2010/11,2.0553,(R),October
Panama,2010/11,46.8499,(A),October
Sierra Leone,2010/11,27.9146,(R),October
Sri Lanka,2010/11,2.0877,(R),October
Thailand,2010/11,53.1734,(R/A),October
Togo,2010/11,158.2912,(R),October
Trinidad & Tobago,2010/11,0.3587,(R),October
Uganda,2010/11,3063.232,(R/A),October
Venezuela,2010/11,0.0,(A),October
Vietnam,2010/11,18416.9999,(R/A),October
Yemen,2010/11,31.1675,(A),October
Angola,2011/12,0.0,(R/A),April
Bolivia,2011/12,82.8354,(A),April
Brazil,2011/12,30871.8289,(A/R),April
Burundi,2011/12,202.1328,(A),April
Ecuador,2011/12,675.4144,(A/R),April
Indonesia,2011/12,3221.9233,(R/A),April
Madagascar,2011/12,134.8528,(R),April
Malawi,2011/12,24.8264,(A),April
Papua New Guinea,2011/12,1412.6185,(A/R),April
Paraguay,2011/12,0.0195,(A),April
Peru,2011/12,5122.5296,(A),April
Rwanda,2011/12,250.071,(A),April
Timor-Leste,2011/12,46.8631,(A),April
Zimbabwe,2011/12,4.8564,(A),April
"Congo, Rep. of",2011/12,0.0,(R),July
Cuba,2011/12,0.0,(A),July
Dominican Republic,2011/12,112.5415,(A),July
Haiti,2011/12,9.1949,(A),July
Philippines,2011/12,0.0,(R/A),July
Tanzania,2011/12,582.0891,(A/R),July
Zambia,2011/12,11.1889,(A),July
Benin,2011/12,0.0,(R),October
Cameroon,2011/12,599.3075,(R/A),October
Central African Republic,2011/12,77.992,(R),October
Colombia,2011/12,6213.4196,(A),October
"Congo, Dem. Rep. of",2011/12,156.5382,(R/A),October
Costa Rica,2011/12,1450.0075,(A),October
Côte d'Ivoire,2011/12,1899.3419,(R),October
El Salvador,2011/12,890.3647,(A),October
Equatorial Guinea,2011/12,0.0,(R),October
Ethiopia,2011/12,3415.4099,(A),October
Gabon,2011/12,0.0,(R),October
Ghana,2011/12,91.7062,(R),October
Guatemala,2011/12,3500.3876,(A/R),October
Guinea,2011/12,335.5106,(R),October
Guyana,2011/12,1.4809,(R),October
Honduras,2011/12,5542.1354,(A),October
India,2011/12,3315.5414,(R/A),October
Jamaica,2011/12,15.0073,(A),October
Kenya,2011/12,707.3153,(A),October
"Lao, People's Dem. Rep. of",2011/12,364.0001,(R),October
Liberia,2011/12,5.2354,(R),October
Mexico,2011/12,2207.0578,(A),October
Nepal,2011/12,2.0111,(A),October
Nicaragua,2011/12,1988.16,(A),October
Nigeria,2011/12,6.8796,(R),October
Panama,2011/12,38.6314,(A),October
Sierra Leone,2011/12,73.2979,(R),October
Sri Lanka,2011/12,0.6993,(R),October
Thailand,2011/12,0.0,(R/A),October
Togo,2011/12,159.837,(R),October
Trinidad & Tobago,2011/12,1.1577,(R),October
Uganda,2011/12,2905.063,(R/A),October
Venezuela,2011/12,0.0,(A),October
Vietnam,2011/12,24849.6111,(R/A),October
Yemen,2011/12,55.0677,(A),October
Angola,2012/13,2.79,(R/A),April
Bolivia,2012/13,54.7812,(A),April
Brazil,2012/13,35090.225,(A/R),April
Burundi,2012/13,403.9615,(A),April
Ecuador,2012/13,678.1024,(A/R),April
Indonesia,2012/13,9170.0386,(R/A),April
Madagascar,2012/13,69.7094,(R),April
Malawi,2012/13,21.8262,(A),April
Papua New Guinea,2012/13,714.777,(A/R),April
Paraguay,2012/13,0.0065,(A),April
Peru,2012/13,4200.0478,(A),April
Rwanda,2012/13,257.5591,(A),April
Timor-Leste,2012/13,60.2583,(A),April
Zimbabwe,2012/13,3.3208,(A),April
"Congo, Rep. of",2012/13,0.0,(R),July
Cuba,2012/13,0.0,(A),July
Dominican Republic,2012/13,110.4307,(A),July
Haiti,2012/13,9.7319,(A),July
Philippines,2012/13,0.0,(R/A),July
Tanzania,2012/13,1079.4215,(A/R),July
Zambia,2012/13,5.3695,(A),July
Benin,2012/13,0.0,(R),October
Cameroon,2012/13,299.2867,(R/A),October
Central African Republic,2012/13,6.223,(R),October
Colombia,2012/13,8485.5765,(A),October
"Congo, Dem. Rep. of",2012/13,134.0453,(R/A),October
Costa Rica,2012/13,1399.5936,(A),October
Côte d'Ivoire,2012/13,1676.8367,(R),October
El Salvador,2012/13,962.9852,(A),October
Equatorial Guinea,2012/13,0.0,(R),October
Ethiopia,2012/13,2833.0066,(A),October
Gabon,2012/13,0.0,(R),October
Ghana,2012/13,80.0067,(R),October
Guatemala,2012/13,3402.9331,(A/R),October
Guinea,2012/13,183.5545,(R),October
Guyana,2012/13,1.2779,(R),October
Honduras,2012/13,4340.9958,(A),October
India,2012/13,3303.4408,(R/A),October
Jamaica,2012/13,14.7159,(A),October
Kenya,2012/13,825.4455,(A),October
"Lao, People's Dem. Rep. of",2012/13,391.4914,(R),October
Liberia,2012/13,5.1213,(R),October
Mexico,2012/13,1972.9422,(A),October
Nepal,2012/13,1.2073,(A),October
Nicaragua,2012/13,1665.6109,(A),October
Nigeria,2012/13,0.7637,(R),October
Panama,2012/13,48.5198,(A),October
Sierra Leone,2012/13,56.1833,(R),October
Sri Lanka,2012/13,0.2484,(R),October
Thailand,2012/13,0.0,(R/A),October
Togo,2012/13,83.8169,(R),October
Trinidad & Tobago,2012/13,2.2272,(R),October
Uganda,2012/13,3697.502,(R/A),October
Venezuela,2012/13,0.0,(A),October
Vietnam,2012/13,21577.1057,(R/A),October
Yemen,2012/13,57.5251,(A),October
Angola,2013/14,4.935,(R/A),April
Bolivia,2013/14,67.9122,(A),April
Brazil,2013/14,34613.0833,(A/R),April
Burundi,2013/14,161.2177,(A),April
Ecuador,2013/14,510.545,(A/R),April
Indonesia,2013/14,8650.9493,(R/A),April
Madagascar,2013/14,174.4758,(R),April
Malawi,2013/14,26.7944,(A),April
Papua New Guinea,2013/14,833.3204,(A/R),April
Paraguay,2013/14,0.0069,(A),April
Peru,2013/14,3856.2383,(A),April
Rwanda,2013/14,256.7282,(A),April
Timor-Leste,2013/14,79.7282,(A),April
Zimbabwe,2013/14,4.6415,(A),April
"Congo, Rep. of",2013/14,0.0,(R),July
Cuba,2013/14,0.0,(A),July
Dominican Republic,2013/14,42.0606,(A),July
Haiti,2013/14,5.2098,(A),July
Philippines,2013/14,0.0,(R/A),July
Tanzania,2013/14,737.4682,(A/R),July
Zambia,2013/14,10.7527,(A),July
Benin,2013/14,0.0,(R),October
Cameroon,2013/14,330.3481,(R/A),October
Central African Republic,2013/14,70.104,(R),October
Colombia,2013/14,10694.1522,(A),October
"Congo, Dem. Rep. of",2013/14,147.087,(R/A),October
Costa Rica,2013/14,1217.0161,(A),October
Côte d'Ivoire,2013/14,2280.7673,(R),October
El Salvador,2013/14,239.9996,(A),October
Equatorial Guinea,2013/14,0.0,(R),October
Ethiopia,2013/14,2877.4439,(A),October
Gabon,2013/14,0.0,(R),October
Ghana,2013/14,42.7367,(R),October
Guatemala,2013/14,2819.3714,(A/R),October
Guinea,2013/14,51.1902,(R),October
Guyana,2013/14,0.0,(R),October
Honduras,2013/14,4233.0246,(A),October
India,2013/14,2975.3312,(R/A),October
Jamaica,2013/14,10.8292,(A),October
Kenya,2013/14,787.9501,(A),October
"Lao, People's Dem. Rep. of",2013/14,388.0728,(R),October
Liberia,2013/14,0.939,(R),October
Mexico,2013/14,1595.4766,(A),October
Nepal,2013/14,0.9054,(A),October
Nicaragua,2013/14,1850.3018,(A),October
Nigeria,2013/14,0.8582,(R),October
Panama,2013/14,46.4685,(A),October
Sierra Leone,2013/14,26.7346,(R),October
Sri Lanka,2013/14,2.0825,(R),October
Thailand,2013/14,0.0,(R/A),October
Togo,2013/14,171.2679,(R),October
Trinidad & Tobago,2013/14,2.2242,(R),October
Uganda,2013/14,3412.067,(R/A),October
Venezuela,2013/14,0.0,(A),October
Vietnam,2013/14,25609.7814,(R/A),October
Yemen,2013/14,57.2981,(A),October
Angola,2014/15,9.405,(R/A),April
Bolivia,2014/15,46.3766,(A),April
Brazil,2014/15,31965.9787,(A/R),April
Burundi,2014/15,245.55,(A),April
Ecuador,2014/15,489.0112,(A/R),April
Indonesia,2014/15,6529.2773,(R/A),April
Madagascar,2014/15,111.4544,(R),April
Malawi,2014/15,23.7098,(A),April
Papua New Guinea,2014/15,795.6402,(A/R),April
Paraguay,2014/15,0.0725,(A),April
Peru,2014/15,2633.229,(A),April
Rwanda,2014/15,237.3438,(A),April
Timor-Leste,2014/15,110.4342,(A),April
Zimbabwe,2014/15,11.0124,(A),April
"Congo, Rep. of",2014/15,0.0,(R),July
Cuba,2014/15,0.0,(A),July
Dominican Republic,2014/15,8.9541,(A),July
Haiti,2014/15,3.2067,(A),July
Philippines,2014/15,0.0,(R/A),July
Tanzania,2014/15,675.9515,(A/R),July
Zambia,2014/15,2.6111,(A),July
Benin,2014/15,0.0,(R),October
Cameroon,2014/15,407.7881,(R/A),October
Central African Republic,2014/15,42.614,(R),October
Colombia,2014/15,11834.7255,(A),October
"Congo, Dem. Rep. of",2014/15,134.871,(R/A),October
Costa Rica,2014/15,1094.3192,(A),October
Côte d'Ivoire,2014/15,1411.0433,(R),October
El Salvador,2014/15,384.9995,(A),October
Equatorial Guinea,2014/15,0.0,(R),October
Ethiopia,2014/15,2950.2618,(A),October
Gabon,2014/15,0.0,(R),October
Ghana,2014/15,16.6847,(R),October
Guatemala,2014/15,2930.0759,(A/R),October
Guinea,2014/15,115.1077,(R),October
Guyana,2014/15,0.0,(R),October
Honduras,2014/15,4913.2161,(A),October
India,2014/15,3249.867,(R/A),October
Jamaica,2014/15,12.0512,(A),October
Kenya,2014/15,714.7629,(A),October
"Lao, People's Dem. Rep. of",2014/15,348.5298,(R),October
Liberia,2014/15,2.0733,(R),October
Mexico,2014/15,1244.2,(A),October
Nepal,2014/15,2.1378,(A),October
Nicaragua,2014/15,1685.9408,(A),October
Nigeria,2014/15,2.7982,(R),October
Panama,2014/15,39.2169,(A),October
Sierra Leone,2014/15,41.4478,(R),October
Sri Lanka,2014/15,0.7018,(R),October
Thailand,2014/15,0.0,(R/A),October
Togo,2014/15,143.0467,(R),October
Trinidad & Tobago,2014/15,2.0013,(R),October
Uganda,2014/15,3515.277,(R/A),October
Venezuela,2014/15,0.0,(A),October
Vietnam,2014/15,24299.8404,(R/A),October
Yemen,2014/15,53.3814,(A),October
Angola,2015/16,10.515,(R/A),April
Bolivia,2015/16,29.2191,(A),April
Brazil,2015/16,31917.6396,(A/R),April
Burundi,2015/16,272.1017,(A),April
Ecuador,2015/16,489.4926,(A/R),April
Indonesia,2015/16,8035.4751,(R/A),April
Madagascar,2015/16,55.2061,(R),April
Malawi,2015/16,20.2015,(A),April
Papua New Guinea,2015/16,710.1818,(A/R),April
Paraguay,2015/16,0.0,(A),April
Peru,2015/16,3053.5542,(A),April
Rwanda,2015/16,291.6292,(A),April
Timor-Leste,2015/16,58.6688,(A),April
Zimbabwe,2015/16,10.2836,(A),April
"Congo, Rep. of",2015/16,0.0,(R),July
Cuba,2015/16,0.0,(A),July
Dominican Republic,2015/16,11.9543,(A),July
Haiti,2015/16,0.8647,(A),July
Philippines,2015/16,0.0,(R/A),July
Tanzania,2015/16,838.122,(A/R),July
Zambia,2015/16,3.689,(A),July
Benin,2015/16,0.0,(R),October
Cameroon,2015/16,314.8379,(R/A),October
Central African Republic,2015/16,80.068,(R),October
Colombia,2015/16,12337.3614,(A),October
"Congo, Dem. Rep. of",2015/16,170.6123,(R/A),October
Costa Rica,2015/16,991.3514,(A),October
Côte d'Ivoire,2015/16,972.0845,(R),October
El Salvador,2015/16,280.0,(A),October
Equatorial Guinea,2015/16,0.0,(R),October
Ethiopia,2015/16,3013.9754,(A),October
Gabon,2015/16,0.241,(R),October
Ghana,2015/16,7.3777,(R),October
Guatemala,2015/16,3019.781,(A/R),October
Guinea,2015/16,236.4455,(R),October
Guyana,2015/16,1.9693,(R),October
Honduras,2015/16,5420.776,(A),October
India,2015/16,3550.3381,(R/A),October
Jamaica,2015/16,11.0121,(A),October
Kenya,2015/16,739.1671,(A),October
"Lao, People's Dem. Rep. of",2015/16,365.6519,(R),October
Liberia,2015/16,5.0467,(R),October
Mexico,2015/16,574.395,(A),October
Nepal,2015/16,1.6763,(A),October
Nicaragua,2015/16,1919.4854,(A),October
Nigeria,2015/16,1.2782,(R),October
Panama,2015/16,60.0784,(A),October
Sierra Leone,2015/16,40.9276,(R),October
Sri Lanka,2015/16,1.1933,(R),October
Thailand,2015/16,0.0,(R/A),October
Togo,2015/16,80.7032,(R),October
Trinidad & Tobago,2015/16,1.7897,(R),October
Uganda,2015/16,3415.567,(R/A),October
Venezuela,2015/16,0.0,(A),October
Vietnam,2015/16,26436.5941,(R/A),October
Yemen,2015/16,41.246,(A),October
Angola,2016/17,14.83,(R/A),April
Bolivia,2016/17,20.9835,(A),April
Brazil,2016/17,35538.7634,(A/R),April
Burundi,2016/17,246.7933,(A),April
Ecuador,2016/17,489.8845,(A/R),April
Indonesia,2016/17,6891.0266,(R/A),April
Madagascar,2016/17,60.8227,(R),April
Malawi,2016/17,18.516,(A),April
Papua New Guinea,2016/17,1169.1449,(A/R),April
Paraguay,2016/17,0.0101,(A),April
Peru,2016/17,3972.8784,(A),April
Rwanda,2016/17,230.0905,(A),April
Timor-Leste,2016/17,81.5306,(A),April
Zimbabwe,2016/17,11.1183,(A),April
"Congo, Rep. of",2016/17,0.0,(R),July
Cuba,2016/17,0.0,(A),July
Dominican Republic,2016/17,22.2085,(A),July
Haiti,2016/17,1.5781,(A),July
Philippines,2016/17,0.0,(R/A),July
Tanzania,2016/17,754.7919,(A/R),July
Zambia,2016/17,13.3181,(A),July
Benin,2016/17,0.0,(R),October
Cameroon,2016/17,214.8761,(R/A),October
Central African Republic,2016/17,16.5467,(R),October
Colombia,2016/17,12897.5589,(A),October
"Congo, Dem. Rep. of",2016/17,123.927,(R/A),October
Costa Rica,2016/17,1042.4393,(A),October
Côte d'Ivoire,2016/17,500.4045,(R),October
El Salvador,2016/17,317.9996,(A),October
Equatorial Guinea,2016/17,0.0,(R),October
Ethiopia,2016/17,3571.9796,(A),October
Gabon,2016/17,0.0,(R),October
Ghana,2016/17,5.8839,(R),October
Guatemala,2016/17,3294.209,(A/R),October
Guinea,2016/17,219.9426,(R),October
Guyana,2016/17,1.0482,(R),October
Honduras,2016/17,7086.8976,(A),October
India,2016/17,2899.9436,(R/A),October
Jamaica,2016/17,9.0447,(A),October
Kenya,2016/17,732.7675,(A),October
"Lao, People's Dem. Rep. of",2016/17,314.5497,(R),October
Liberia,2016/17,7.0867,(R),October
Mexico,2016/17,1420.715,(A),October
Nepal,2016/17,1.4328,(A),October
Nicaragua,2016/17,2358.012,(A),October
Nigeria,2016/17,3.3182,(R),October
Panama,2016/17,53.1902,(A),October
Sierra Leone,2016/17,32.9217,(R),October
Sri Lanka,2016/17,1.7161,(R),October
Thailand,2016/17,0.0,(R/A),October
Togo,2016/17,21.7392,(R),October
Trinidad & Tobago,2016/17,1.7911,(R),October
Uganda,2016/17,4722.158,(R/A),October
Venezuela,2016/17,0.0,(A),October
Vietnam,2016/17,23140.2932,(R/A),October
Yemen,2016/17,43.4533,(A),October
Angola,2017/18,5.006,(R/A),April
Bolivia,2017/18,25.3112,(A),April
Brazil,2017/18,29003.1728,(A/R),April
Burundi,2017/18,173.8033,(A),April
Ecuador,2017/18,468.5744,(A/R),April
Indonesia,2017/18,6202.3153,(R/A),April
Madagascar,2017/18,56.6854,(R),April
Malawi,2017/18,10.7396,(A),April
Papua New Guinea,2017/18,731.9382,(A/R),April
Paraguay,2017/18,0.0024,(A),April
Peru,2017/18,4029.6122,(A),April
Rwanda,2017/18,243.5804,(A),April
Timor-Leste,2017/18,72.8051,(A),April
Zimbabwe,2017/18,2.3854,(A),April
"Congo, Rep. of",2017/18,0.0,(R),July
Cuba,2017/18,0.0,(A),July
Dominican Republic,2017/18,10.0,(A),July
Haiti,2017/18,0.0,(A),July
Philippines,2017/18,0.0,(R/A),July
Tanzania,2017/18,658.333,(A/R),July
Zambia,2017/18,12.0,(A),July
Benin,2017/18,0.0,(R),October
Cameroon,2017/18,297.0,(R/A),October
Central African Republic,2017/18,30.0,(R),October
Colombia,2017/18,12200.0,(A),October
"Congo, Dem. Rep. of",2017/18,135.0,(R/A),October
Costa Rica,2017/18,1207.105,(A),October
Côte d'Ivoire,2017/18,983.0,(R),October
El Salvador,2017/18,440.0,(A),October
Equatorial Guinea,2017/18,0.0,(R),October
Ethiopia,2017/18,3900.0,(A),October
Gabon,2017/18,0.0,(R),October
Ghana,2017/18,14.0,(R),October
Guatemala,2017/18,3405.0,(A/R),October
Guinea,2017/18,165.0,(R),October
Guyana,2017/18,1.0,(R),October
Honduras,2017/18,7974.0,(A),October
India,2017/18,3490.0,(R/A),October
Jamaica,2017/18,8.0,(A),October
Kenya,2017/18,740.0,(A),October
"Lao, People's Dem. Rep. of",2017/18,325.0,(R),October
Liberia,2017/18,7.0,(R),October
Mexico,2017/18,1600.0,(A),October
Nepal,2017/18,2.0,(A),October
Nicaragua,2017/18,2282.0,(A),October
Nigeria,2017/18,2.0,(R),October
Panama,2017/18,39.0,(A),October
Sierra Leone,2017/18,38.0,(R),October
Sri Lanka,2017/18,2.0,(R),October
Thailand,2017/18,0.0,(R/A),October
Togo,2017/18,54.746,(R),October
Trinidad & Tobago,2017/18,2.0,(R),October
Uganda,2017/18,4855.2,(R/A),October
Venezuela,2017/18,0.0,(A),October
Vietnam,2017/18,27000.0,(R/A),October
Yemen,2017/18,45.0,(A),October
Angola,2018/19,10.0,(R/A),April
Bolivia,2018/19,30.0,(A),April
Brazil,2018/19,38003.0,(A/R),April
Burundi,2018/19,198.0,(A),April
Ecuador,2018/19,485.0,(A/R),April
Indonesia,2018/19,6800.0,(R/A),April
Madagascar,2018/19,50.0,(R),April
Malawi,2018/19,11.0,(A),April
Papua New Guinea,2018/19,798.0,(A/R),April
Paraguay,2018/19,0.0,(A),April
Peru,2018/19,4050.0,(A),April
Rwanda,2018/19,269.0,(A),April
Timor-Leste,2018/19,79.51,(A),April
Zimbabwe,2018/19,4.0,(A),April
"Congo, Rep. of",2018/19,,(R),July
Cuba,2018/19,,(A),July
Dominican Republic,2018/19,,(A),July
Haiti,2018/19,,(A),July
Philippines,2018/19,,(R/A),July
Tanzania,2018/19,,(A/R),July
Zambia,2018/19,,(A),July
Benin,2018/19,,(R),October
Cameroon,2018/19,,(R/A),October
Central African Republic,2018/19,,(R),October
Colombia,2018/19,,(A),October
"Congo, Dem. Rep. of",2018/19,,(R/A),October
Costa Rica,2018/19,,(A),October
Côte d'Ivoire,2018/19,,(R),October
El Salvador,2018/19,,(A),October
Equatorial Guinea,2018/19,,(R),October
Ethiopia,2018/19,,(A),October
Gabon,2018/19,,(R),October
Ghana,2018/19,,(R),October
Guatemala,2018/19,,(A/R),October
Guinea,2018/19,,(R),October
Guyana,2018/19,,(R),October
Honduras,2018/19,,(A),October
India,2018/19,,(R/A),October
Jamaica,2018/19,,(A),October
Kenya,2018/19,,(A),October
"Lao, People's Dem. Rep. of",2018/19,,(R),October
Liberia,2018/19,,(R),October
Mexico,2018/19,,(A),October
Nepal,2018/19,,(A),October
Nicaragua,2018/19,,(A),October
Nigeria,2018/19,,(R),October
Panama,2018/19,,(A),October
Sierra Leone,2018/19,,(R),October
Sri Lanka,2018/19,,(R),October
Thailand,2018/19,,(R/A),October
Togo,2018/19,,(R),October
Trinidad & Tobago,2018/19,,(R),October
Uganda,2018/19,,(R/A),October
Venezuela,2018/19,,(A),October
Vietnam,2018/19,,(R/A),October
Yemen,2018/19,,(A),October
