country_name,year,cents_per_lbs,Unnamed: 29
Colombia,1990,69.523,Colombian Milds
Kenya,1990,60.5721,Colombian Milds
Tanzania,1990,40.8183,Colombian Milds
Tanzania,1990,40.8183,Robustas
Bolivia,1990,51.7802,Other Milds
Burundi,1990,58.0195,Other Milds
Burundi,1990,58.0195,Robustas
Cameroon,1990,32.2852,Other Milds
Cameroon,1990,32.2852,Robustas
"Congo, Dem. Rep. of",1990,,Other Milds
"Congo, Dem. Rep. of",1990,,Robustas
Costa Rica,1990,58.4893,Other Milds
Cuba,1990,171.4282,Other Milds
Dominican Republic,1990,66.055,Other Milds
Ecuador,1990,35.2113,Other Milds
Ecuador,1990,35.2113,Robustas
El Salvador,1990,50.5636,Other Milds
Guatemala,1990,54.5845,Other Milds
Haiti,1990,41.2845,Other Milds
Honduras,1990,50.3496,Other Milds
India,1990,66.7522,Other Milds
India,1990,66.7522,Robustas
Jamaica,1990,171.5513,Other Milds
Madagascar,1990,,Other Milds
Madagascar,1990,,Robustas
Malawi,1990,84.873,Other Milds
Mexico,1990,79.5617,Other Milds
Nicaragua,1990,4.3963,Other Milds
Panama,1990,49.304,Other Milds
Papua New Guinea,1990,65.5004,Other Milds
Papua New Guinea,1990,65.5004,Robustas
Peru,1990,90.3729,Other Milds
Rwanda,1990,74.2047,Other Milds
Sri Lanka,1990,,Other Milds
Sri Lanka,1990,,Robustas
Uganda,1990,15.2932,Other Milds
Uganda,1990,15.2932,Robustas
"Venezuela, Bol. Rep. of",1990,,Other Milds
Zambia,1990,89.7541,Other Milds
Zimbabwe ,1990,,Other Milds
Angola,1990,,Brazilian Naturals
Angola,1990,,Robustas
Brazil,1990,54.3248,Brazilian Naturals
Brazil,1990,54.3248,Robustas
Ethiopia,1990,61.09,Brazilian Naturals
Indonesia,1990,,Brazilian Naturals
Indonesia,1990,,Robustas
Philippines,1990,,Brazilian Naturals
Philippines,1990,,Robustas
Thailand,1990,,Brazilian Naturals
Thailand,1990,,Robustas
Vietnam,1990,,Brazilian Naturals
Vietnam,1990,,Robustas
Angola,1990,85.6569,Brazilian Naturals
Angola,1990,85.6569,Robustas
Benin,1990,53.7609,Robustas
Brazil,1990,34.8486,Brazilian Naturals
Brazil,1990,34.8486,Robustas
Burundi,1990,,Other Milds
Burundi,1990,,Robustas
Cameroon,1990,28.3337,Other Milds
Cameroon,1990,28.3337,Robustas
Central African Republic,1990,36.7471,Robustas
"Congo, Dem. Rep. of",1990,4.5201,Other Milds
"Congo, Dem. Rep. of",1990,4.5201,Robustas
"Congo, Rep. of",1990,19.2087,Robustas
Côte d'Ivoire,1990,33.4064,Robustas
Ecuador,1990,19.0602,Other Milds
Ecuador,1990,19.0602,Robustas
Gabon,1990,43.4284,Robustas
Ghana,1990,,Robustas
Guinea,1990,34.3722,Robustas
India,1990,44.3451,Other Milds
India,1990,44.3451,Robustas
Indonesia,1990,29.6807,Brazilian Naturals
Indonesia,1990,29.6807,Robustas
Liberia,1990,,Robustas
Madagascar,1990,32.4545,Other Milds
Madagascar,1990,32.4545,Robustas
Nigeria,1990,70.5228,Robustas
Papua New Guinea,1990,26.5984,Other Milds
Papua New Guinea,1990,26.5984,Robustas
Philippines,1990,34.2253,Brazilian Naturals
Philippines,1990,34.2253,Robustas
Sierra Leone,1990,26.1686,Robustas
Sri Lanka,1990,26.8959,Other Milds
Sri Lanka,1990,26.8959,Robustas
Tanzania,1990,17.007,Colombian Milds
Tanzania,1990,17.007,Robustas
Thailand,1990,37.7181,Brazilian Naturals
Thailand,1990,37.7181,Robustas
Togo,1990,29.2306,Robustas
Trinidad & Tobago,1990,62.5882,Robustas
Uganda,1990,7.5418,Other Milds
Uganda,1990,7.5418,Robustas
Vietnam,1990,36.9183,Brazilian Naturals
Vietnam,1990,36.9183,Robustas
© International Coffee Organization,1990,,
Colombia,1991,67.1251,Colombian Milds
Kenya,1991,50.6778,Colombian Milds
Tanzania,1991,49.5039,Colombian Milds
Tanzania,1991,49.5039,Robustas
Bolivia,1991,52.423,Other Milds
Burundi,1991,55.0206,Other Milds
Burundi,1991,55.0206,Robustas
Cameroon,1991,28.2347,Other Milds
Cameroon,1991,28.2347,Robustas
"Congo, Dem. Rep. of",1991,,Other Milds
"Congo, Dem. Rep. of",1991,,Robustas
Costa Rica,1991,52.7258,Other Milds
Cuba,1991,171.4282,Other Milds
Dominican Republic,1991,62.6429,Other Milds
Ecuador,1991,36.1803,Other Milds
Ecuador,1991,36.1803,Robustas
El Salvador,1991,44.5445,Other Milds
Guatemala,1991,57.5349,Other Milds
Haiti,1991,23.9888,Other Milds
Honduras,1991,56.1243,Other Milds
India,1991,61.5342,Other Milds
India,1991,61.5342,Robustas
Jamaica,1991,227.4241,Other Milds
Madagascar,1991,,Other Milds
Madagascar,1991,,Robustas
Malawi,1991,70.9354,Other Milds
Mexico,1991,86.5563,Other Milds
Nicaragua,1991,44.137,Other Milds
Panama,1991,47.2497,Other Milds
Papua New Guinea,1991,64.5333,Other Milds
Papua New Guinea,1991,64.5333,Robustas
Peru,1991,,Other Milds
Rwanda,1991,50.3764,Other Milds
Sri Lanka,1991,,Other Milds
Sri Lanka,1991,,Robustas
Uganda,1991,29.6408,Other Milds
Uganda,1991,29.6408,Robustas
"Venezuela, Bol. Rep. of",1991,,Other Milds
Zambia,1991,70.3159,Other Milds
Zimbabwe ,1991,,Other Milds
Angola,1991,,Brazilian Naturals
Angola,1991,,Robustas
Brazil,1991,43.9931,Brazilian Naturals
Brazil,1991,43.9931,Robustas
Ethiopia,1991,68.1911,Brazilian Naturals
Indonesia,1991,,Brazilian Naturals
Indonesia,1991,,Robustas
Philippines,1991,,Brazilian Naturals
Philippines,1991,,Robustas
Thailand,1991,,Brazilian Naturals
Thailand,1991,,Robustas
Vietnam,1991,,Brazilian Naturals
Vietnam,1991,,Robustas
Angola,1991,91.1153,Brazilian Naturals
Angola,1991,91.1153,Robustas
Benin,1991,22.8961,Robustas
Brazil,1991,27.4947,Brazilian Naturals
Brazil,1991,27.4947,Robustas
Burundi,1991,,Other Milds
Burundi,1991,,Robustas
Cameroon,1991,25.0078,Other Milds
Cameroon,1991,25.0078,Robustas
Central African Republic,1991,36.6398,Robustas
"Congo, Dem. Rep. of",1991,,Other Milds
"Congo, Dem. Rep. of",1991,,Robustas
"Congo, Rep. of",1991,18.5542,Robustas
Côte d'Ivoire,1991,32.2682,Robustas
Ecuador,1991,17.8351,Other Milds
Ecuador,1991,17.8351,Robustas
Gabon,1991,43.5841,Robustas
Ghana,1991,,Robustas
Guinea,1991,30.2467,Robustas
India,1991,40.6472,Other Milds
India,1991,40.6472,Robustas
Indonesia,1991,29.9209,Brazilian Naturals
Indonesia,1991,29.9209,Robustas
Liberia,1991,,Robustas
Madagascar,1991,22.7618,Other Milds
Madagascar,1991,22.7618,Robustas
Nigeria,1991,59.0325,Robustas
Papua New Guinea,1991,29.4778,Other Milds
Papua New Guinea,1991,29.4778,Robustas
Philippines,1991,34.6061,Brazilian Naturals
Philippines,1991,34.6061,Robustas
Sierra Leone,1991,,Robustas
Sri Lanka,1991,25.2906,Other Milds
Sri Lanka,1991,25.2906,Robustas
Tanzania,1991,17.1071,Colombian Milds
Tanzania,1991,17.1071,Robustas
Thailand,1991,18.3728,Brazilian Naturals
Thailand,1991,18.3728,Robustas
Togo,1991,28.6435,Robustas
Trinidad & Tobago,1991,62.5882,Robustas
Uganda,1991,11.8428,Other Milds
Uganda,1991,11.8428,Robustas
Vietnam,1991,30.7256,Brazilian Naturals
Vietnam,1991,30.7256,Robustas
© International Coffee Organization,1991,,
Colombia,1992,54.5709,Colombian Milds
Kenya,1992,28.9495,Colombian Milds
Tanzania,1992,49.1581,Colombian Milds
Tanzania,1992,49.1581,Robustas
Bolivia,1992,43.5276,Other Milds
Burundi,1992,59.234,Other Milds
Burundi,1992,59.234,Robustas
Cameroon,1992,28.7593,Other Milds
Cameroon,1992,28.7593,Robustas
"Congo, Dem. Rep. of",1992,,Other Milds
"Congo, Dem. Rep. of",1992,,Robustas
Costa Rica,1992,49.9093,Other Milds
Cuba,1992,179.9996,Other Milds
Dominican Republic,1992,46.5612,Other Milds
Ecuador,1992,29.0799,Other Milds
Ecuador,1992,29.0799,Robustas
El Salvador,1992,30.9092,Other Milds
Guatemala,1992,40.2309,Other Milds
Haiti,1992,8.7513,Other Milds
Honduras,1992,40.1384,Other Milds
India,1992,53.9595,Other Milds
India,1992,53.9595,Robustas
Jamaica,1992,182.5115,Other Milds
Madagascar,1992,,Other Milds
Madagascar,1992,,Robustas
Malawi,1992,48.6849,Other Milds
Mexico,1992,58.2508,Other Milds
Nicaragua,1992,44.137,Other Milds
Panama,1992,44.3736,Other Milds
Papua New Guinea,1992,57.9582,Other Milds
Papua New Guinea,1992,57.9582,Robustas
Peru,1992,31.9698,Other Milds
Rwanda,1992,48.9068,Other Milds
Sri Lanka,1992,,Other Milds
Sri Lanka,1992,,Robustas
Uganda,1992,19.9953,Other Milds
Uganda,1992,19.9953,Robustas
"Venezuela, Bol. Rep. of",1992,,Other Milds
Zambia,1992,34.9584,Other Milds
Zimbabwe ,1992,,Other Milds
Angola,1992,,Brazilian Naturals
Angola,1992,,Robustas
Brazil,1992,45.1989,Brazilian Naturals
Brazil,1992,45.1989,Robustas
Ethiopia,1992,61.2061,Brazilian Naturals
Indonesia,1992,,Brazilian Naturals
Indonesia,1992,,Robustas
Philippines,1992,55.7355,Brazilian Naturals
Philippines,1992,55.7355,Robustas
Thailand,1992,,Brazilian Naturals
Thailand,1992,,Robustas
Vietnam,1992,,Brazilian Naturals
Vietnam,1992,,Robustas
Angola,1992,44.9183,Brazilian Naturals
Angola,1992,44.9183,Robustas
Benin,1992,24.0067,Robustas
Brazil,1992,27.5947,Brazilian Naturals
Brazil,1992,27.5947,Robustas
Burundi,1992,47.1618,Other Milds
Burundi,1992,47.1618,Robustas
Cameroon,1992,24.2466,Other Milds
Cameroon,1992,24.2466,Robustas
Central African Republic,1992,33.9318,Robustas
"Congo, Dem. Rep. of",1992,,Other Milds
"Congo, Dem. Rep. of",1992,,Robustas
"Congo, Rep. of",1992,19.7491,Robustas
Côte d'Ivoire,1992,31.7589,Robustas
Ecuador,1992,23.307,Other Milds
Ecuador,1992,23.307,Robustas
Gabon,1992,51.5195,Robustas
Ghana,1992,,Robustas
Guinea,1992,23.7512,Robustas
India,1992,39.7709,Other Milds
India,1992,39.7709,Robustas
Indonesia,1992,24.9216,Brazilian Naturals
Indonesia,1992,24.9216,Robustas
Liberia,1992,,Robustas
Madagascar,1992,22.6204,Other Milds
Madagascar,1992,22.6204,Robustas
Nigeria,1992,39.5004,Robustas
Papua New Guinea,1992,39.1005,Other Milds
Papua New Guinea,1992,39.1005,Robustas
Philippines,1992,42.4765,Brazilian Naturals
Philippines,1992,42.4765,Robustas
Sierra Leone,1992,,Robustas
Sri Lanka,1992,31.8496,Other Milds
Sri Lanka,1992,31.8496,Robustas
Tanzania,1992,14.8403,Colombian Milds
Tanzania,1992,14.8403,Robustas
Thailand,1992,20.3048,Brazilian Naturals
Thailand,1992,20.3048,Robustas
Togo,1992,29.8298,Robustas
Trinidad & Tobago,1992,69.2941,Robustas
Uganda,1992,8.9537,Other Milds
Uganda,1992,8.9537,Robustas
Vietnam,1992,30.707,Brazilian Naturals
Vietnam,1992,30.707,Robustas
© International Coffee Organization,1992,,
Colombia,1993,50.1234,Colombian Milds
Kenya,1993,47.6419,Colombian Milds
Tanzania,1993,38.2833,Colombian Milds
Tanzania,1993,38.2833,Robustas
Bolivia,1993,27.3283,Other Milds
Burundi,1993,58.2708,Other Milds
Burundi,1993,58.2708,Robustas
Cameroon,1993,23.251,Other Milds
Cameroon,1993,23.251,Robustas
"Congo, Dem. Rep. of",1993,,Other Milds
"Congo, Dem. Rep. of",1993,,Robustas
Costa Rica,1993,54.2666,Other Milds
Cuba,1993,188.5711,Other Milds
Dominican Republic,1993,53.1235,Other Milds
Ecuador,1993,27.6633,Other Milds
Ecuador,1993,27.6633,Robustas
El Salvador,1993,35.352,Other Milds
Guatemala,1993,41.4292,Other Milds
Haiti,1993,14.4941,Other Milds
Honduras,1993,37.5422,Other Milds
India,1993,57.9237,Other Milds
India,1993,57.9237,Robustas
Jamaica,1993,255.535,Other Milds
Madagascar,1993,,Other Milds
Madagascar,1993,,Robustas
Malawi,1993,57.3368,Other Milds
Mexico,1993,79.3121,Other Milds
Nicaragua,1993,,Other Milds
Panama,1993,51.7692,Other Milds
Papua New Guinea,1993,84.9202,Other Milds
Papua New Guinea,1993,84.9202,Robustas
Peru,1993,32.4379,Other Milds
Rwanda,1993,45.2117,Other Milds
Sri Lanka,1993,,Other Milds
Sri Lanka,1993,,Robustas
Uganda,1993,25.0328,Other Milds
Uganda,1993,25.0328,Robustas
"Venezuela, Bol. Rep. of",1993,,Other Milds
Zambia,1993,54.4883,Other Milds
Zimbabwe ,1993,,Other Milds
Angola,1993,,Brazilian Naturals
Angola,1993,,Robustas
Brazil,1993,52.877,Brazilian Naturals
Brazil,1993,52.877,Robustas
Ethiopia,1993,61.7186,Brazilian Naturals
Indonesia,1993,115.5349,Brazilian Naturals
Indonesia,1993,115.5349,Robustas
Philippines,1993,54.1985,Brazilian Naturals
Philippines,1993,54.1985,Robustas
Thailand,1993,,Brazilian Naturals
Thailand,1993,,Robustas
Vietnam,1993,,Brazilian Naturals
Vietnam,1993,,Robustas
Angola,1993,11.8708,Brazilian Naturals
Angola,1993,11.8708,Robustas
Benin,1993,,Robustas
Brazil,1993,35.5441,Brazilian Naturals
Brazil,1993,35.5441,Robustas
Burundi,1993,41.8018,Other Milds
Burundi,1993,41.8018,Robustas
Cameroon,1993,17.3955,Other Milds
Cameroon,1993,17.3955,Robustas
Central African Republic,1993,23.8924,Robustas
"Congo, Dem. Rep. of",1993,,Other Milds
"Congo, Dem. Rep. of",1993,,Robustas
"Congo, Rep. of",1993,18.4404,Robustas
Côte d'Ivoire,1993,27.6964,Robustas
Ecuador,1993,19.5204,Other Milds
Ecuador,1993,19.5204,Robustas
Gabon,1993,48.1054,Robustas
Ghana,1993,,Robustas
Guinea,1993,27.4662,Robustas
India,1993,44.2088,Other Milds
India,1993,44.2088,Robustas
Indonesia,1993,28.4882,Brazilian Naturals
Indonesia,1993,28.4882,Robustas
Liberia,1993,,Robustas
Madagascar,1993,36.2656,Other Milds
Madagascar,1993,36.2656,Robustas
Nigeria,1993,36.0781,Robustas
Papua New Guinea,1993,54.8047,Other Milds
Papua New Guinea,1993,54.8047,Robustas
Philippines,1993,46.4492,Brazilian Naturals
Philippines,1993,46.4492,Robustas
Sierra Leone,1993,,Robustas
Sri Lanka,1993,28.8866,Other Milds
Sri Lanka,1993,28.8866,Robustas
Tanzania,1993,11.8801,Colombian Milds
Tanzania,1993,11.8801,Robustas
Thailand,1993,18.2894,Brazilian Naturals
Thailand,1993,18.2894,Robustas
Togo,1993,22.6435,Robustas
Trinidad & Tobago,1993,72.1989,Robustas
Uganda,1993,14.3486,Other Milds
Uganda,1993,14.3486,Robustas
Vietnam,1993,34.5296,Brazilian Naturals
Vietnam,1993,34.5296,Robustas
© International Coffee Organization,1993,,
Colombia,1994,85.9942,Colombian Milds
Kenya,1994,152.6058,Colombian Milds
Tanzania,1994,62.1553,Colombian Milds
Tanzania,1994,62.1553,Robustas
Bolivia,1994,79.915,Other Milds
Burundi,1994,60.6823,Other Milds
Burundi,1994,60.6823,Robustas
Cameroon,1994,88.3161,Other Milds
Cameroon,1994,88.3161,Robustas
"Congo, Dem. Rep. of",1994,,Other Milds
"Congo, Dem. Rep. of",1994,,Robustas
Costa Rica,1994,81.3628,Other Milds
Cuba,1994,203.5302,Other Milds
Dominican Republic,1994,112.264,Other Milds
Ecuador,1994,76.4202,Other Milds
Ecuador,1994,76.4202,Robustas
El Salvador,1994,99.2603,Other Milds
Guatemala,1994,75.3208,Other Milds
Haiti,1994,25.8735,Other Milds
Honduras,1994,81.5661,Other Milds
India,1994,78.4057,Other Milds
India,1994,78.4057,Robustas
Jamaica,1994,290.5986,Other Milds
Madagascar,1994,,Other Milds
Madagascar,1994,,Robustas
Malawi,1994,92.4135,Other Milds
Mexico,1994,157.9099,Other Milds
Nicaragua,1994,,Other Milds
Panama,1994,80.119,Other Milds
Papua New Guinea,1994,149.0779,Other Milds
Papua New Guinea,1994,149.0779,Robustas
Peru,1994,88.1397,Other Milds
Rwanda,1994,49.4221,Other Milds
Sri Lanka,1994,71.9905,Other Milds
Sri Lanka,1994,71.9905,Robustas
Uganda,1994,61.3589,Other Milds
Uganda,1994,61.3589,Robustas
"Venezuela, Bol. Rep. of",1994,,Other Milds
Zambia,1994,88.2671,Other Milds
Zimbabwe ,1994,,Other Milds
Angola,1994,,Brazilian Naturals
Angola,1994,,Robustas
Brazil,1994,114.5687,Brazilian Naturals
Brazil,1994,114.5687,Robustas
Ethiopia,1994,109.546,Brazilian Naturals
Indonesia,1994,173.5073,Brazilian Naturals
Indonesia,1994,173.5073,Robustas
Philippines,1994,99.6167,Brazilian Naturals
Philippines,1994,99.6167,Robustas
Thailand,1994,,Brazilian Naturals
Thailand,1994,,Robustas
Vietnam,1994,,Brazilian Naturals
Vietnam,1994,,Robustas
Angola,1994,,Brazilian Naturals
Angola,1994,,Robustas
Benin,1994,,Robustas
Brazil,1994,85.4261,Brazilian Naturals
Brazil,1994,85.4261,Robustas
Burundi,1994,41.4499,Other Milds
Burundi,1994,41.4499,Robustas
Cameroon,1994,29.8547,Other Milds
Cameroon,1994,29.8547,Robustas
Central African Republic,1994,32.742,Robustas
"Congo, Dem. Rep. of",1994,,Other Milds
"Congo, Dem. Rep. of",1994,,Robustas
"Congo, Rep. of",1994,8.7749,Robustas
Côte d'Ivoire,1994,29.7788,Robustas
Ecuador,1994,63.2941,Other Milds
Ecuador,1994,63.2941,Robustas
Gabon,1994,27.7637,Robustas
Ghana,1994,,Robustas
Guinea,1994,61.3323,Robustas
India,1994,56.4636,Other Milds
India,1994,56.4636,Robustas
Indonesia,1994,91.3781,Brazilian Naturals
Indonesia,1994,91.3781,Robustas
Liberia,1994,,Robustas
Madagascar,1994,43.9881,Other Milds
Madagascar,1994,43.9881,Robustas
Nigeria,1994,51.554,Robustas
Papua New Guinea,1994,95.6374,Other Milds
Papua New Guinea,1994,95.6374,Robustas
Philippines,1994,94.6608,Brazilian Naturals
Philippines,1994,94.6608,Robustas
Sierra Leone,1994,,Robustas
Sri Lanka,1994,71.9905,Other Milds
Sri Lanka,1994,71.9905,Robustas
Tanzania,1994,24.0035,Colombian Milds
Tanzania,1994,24.0035,Robustas
Thailand,1994,18.7899,Brazilian Naturals
Thailand,1994,18.7899,Robustas
Togo,1994,25.9924,Robustas
Trinidad & Tobago,1994,64.1384,Robustas
Uganda,1994,46.3873,Other Milds
Uganda,1994,46.3873,Robustas
Vietnam,1994,86.0079,Brazilian Naturals
Vietnam,1994,86.0079,Robustas
© International Coffee Organization,1994,,
Colombia,1995,99.6231,Colombian Milds
Kenya,1995,140.1651,Colombian Milds
Tanzania,1995,86.7599,Colombian Milds
Tanzania,1995,86.7599,Robustas
Bolivia,1995,76.9867,Other Milds
Burundi,1995,56.6854,Other Milds
Burundi,1995,56.6854,Robustas
Cameroon,1995,85.2593,Other Milds
Cameroon,1995,85.2593,Robustas
"Congo, Dem. Rep. of",1995,51.1246,Other Milds
"Congo, Dem. Rep. of",1995,51.1246,Robustas
Costa Rica,1995,88.2256,Other Milds
Cuba,1995,188.601,Other Milds
Dominican Republic,1995,109.2636,Other Milds
Ecuador,1995,173.3047,Other Milds
Ecuador,1995,173.3047,Robustas
El Salvador,1995,100.5128,Other Milds
Guatemala,1995,99.34,Other Milds
Haiti,1995,36.2968,Other Milds
Honduras,1995,102.5493,Other Milds
India,1995,84.7157,Other Milds
India,1995,84.7157,Robustas
Jamaica,1995,284.2448,Other Milds
Madagascar,1995,87.3469,Other Milds
Madagascar,1995,87.3469,Robustas
Malawi,1995,125.2991,Other Milds
Mexico,1995,162.7935,Other Milds
Nicaragua,1995,,Other Milds
Panama,1995,97.3754,Other Milds
Papua New Guinea,1995,83.9783,Other Milds
Papua New Guinea,1995,83.9783,Robustas
Peru,1995,95.8392,Other Milds
Rwanda,1995,54.9261,Other Milds
Sri Lanka,1995,98.9851,Other Milds
Sri Lanka,1995,98.9851,Robustas
Uganda,1995,68.1657,Other Milds
Uganda,1995,68.1657,Robustas
"Venezuela, Bol. Rep. of",1995,,Other Milds
Zambia,1995,69.2634,Other Milds
Zimbabwe ,1995,,Other Milds
Angola,1995,,Brazilian Naturals
Angola,1995,,Robustas
Brazil,1995,115.5228,Brazilian Naturals
Brazil,1995,115.5228,Robustas
Ethiopia,1995,115.0172,Brazilian Naturals
Indonesia,1995,,Brazilian Naturals
Indonesia,1995,,Robustas
Philippines,1995,106.301,Brazilian Naturals
Philippines,1995,106.301,Robustas
Thailand,1995,,Brazilian Naturals
Thailand,1995,,Robustas
Vietnam,1995,,Brazilian Naturals
Vietnam,1995,,Robustas
Angola,1995,,Brazilian Naturals
Angola,1995,,Robustas
Benin,1995,,Robustas
Brazil,1995,97.4999,Brazilian Naturals
Brazil,1995,97.4999,Robustas
Burundi,1995,42.3356,Other Milds
Burundi,1995,42.3356,Robustas
Cameroon,1995,52.0795,Other Milds
Cameroon,1995,52.0795,Robustas
Central African Republic,1995,57.1888,Robustas
"Congo, Dem. Rep. of",1995,28.3495,Other Milds
"Congo, Dem. Rep. of",1995,28.3495,Robustas
"Congo, Rep. of",1995,27.2813,Robustas
Côte d'Ivoire,1995,59.4027,Robustas
Ecuador,1995,143.6162,Other Milds
Ecuador,1995,143.6162,Robustas
Gabon,1995,40.9219,Robustas
Ghana,1995,,Robustas
Guinea,1995,92.2648,Robustas
India,1995,66.5331,Other Milds
India,1995,66.5331,Robustas
Indonesia,1995,95.6672,Brazilian Naturals
Indonesia,1995,95.6672,Robustas
Liberia,1995,,Robustas
Madagascar,1995,58.7292,Other Milds
Madagascar,1995,58.7292,Robustas
Nigeria,1995,,Robustas
Papua New Guinea,1995,66.3073,Other Milds
Papua New Guinea,1995,66.3073,Robustas
Philippines,1995,104.3144,Brazilian Naturals
Philippines,1995,104.3144,Robustas
Sierra Leone,1995,,Robustas
Sri Lanka,1995,93.2376,Other Milds
Sri Lanka,1995,93.2376,Robustas
Tanzania,1995,44.6094,Colombian Milds
Tanzania,1995,44.6094,Robustas
Thailand,1995,36.8393,Brazilian Naturals
Thailand,1995,36.8393,Robustas
Togo,1995,61.4095,Robustas
Trinidad & Tobago,1995,63.8905,Robustas
Uganda,1995,59.7418,Other Milds
Uganda,1995,59.7418,Robustas
Vietnam,1995,95.1844,Brazilian Naturals
Vietnam,1995,95.1844,Robustas
© International Coffee Organization,1995,,
Colombia,1996,93.5556,Colombian Milds
Kenya,1996,110.036,Colombian Milds
Tanzania,1996,62.5345,Colombian Milds
Tanzania,1996,62.5345,Robustas
Bolivia,1996,57.1799,Other Milds
Burundi,1996,51.9721,Other Milds
Burundi,1996,51.9721,Robustas
Cameroon,1996,80.9459,Other Milds
Cameroon,1996,80.9459,Robustas
"Congo, Dem. Rep. of",1996,68.0387,Other Milds
"Congo, Dem. Rep. of",1996,68.0387,Robustas
Costa Rica,1996,92.7809,Other Milds
Cuba,1996,188.5711,Other Milds
Dominican Republic,1996,87.671,Other Milds
Ecuador,1996,141.1327,Other Milds
Ecuador,1996,141.1327,Robustas
El Salvador,1996,75.0201,Other Milds
Guatemala,1996,83.7674,Other Milds
Haiti,1996,28.1373,Other Milds
Honduras,1996,67.6608,Other Milds
India,1996,78.3183,Other Milds
India,1996,78.3183,Robustas
Jamaica,1996,332.1091,Other Milds
Madagascar,1996,94.7194,Other Milds
Madagascar,1996,94.7194,Robustas
Malawi,1996,95.6576,Other Milds
Mexico,1996,123.4396,Other Milds
Nicaragua,1996,,Other Milds
Panama,1996,100.9089,Other Milds
Papua New Guinea,1996,95.0217,Other Milds
Papua New Guinea,1996,95.0217,Robustas
Peru,1996,77.7005,Other Milds
Rwanda,1996,55.4431,Other Milds
Sri Lanka,1996,,Other Milds
Sri Lanka,1996,,Robustas
Uganda,1996,52.9977,Other Milds
Uganda,1996,52.9977,Robustas
"Venezuela, Bol. Rep. of",1996,,Other Milds
Zambia,1996,81.4654,Other Milds
Zimbabwe ,1996,,Other Milds
Angola,1996,,Brazilian Naturals
Angola,1996,,Robustas
Brazil,1996,96.3456,Brazilian Naturals
Brazil,1996,96.3456,Robustas
Ethiopia,1996,67.7365,Brazilian Naturals
Indonesia,1996,,Brazilian Naturals
Indonesia,1996,,Robustas
Philippines,1996,76.3125,Brazilian Naturals
Philippines,1996,76.3125,Robustas
Thailand,1996,,Brazilian Naturals
Thailand,1996,,Robustas
Vietnam,1996,,Brazilian Naturals
Vietnam,1996,,Robustas
Angola,1996,,Brazilian Naturals
Angola,1996,,Robustas
Benin,1996,,Robustas
Brazil,1996,69.7791,Brazilian Naturals
Brazil,1996,69.7791,Robustas
Burundi,1996,40.4503,Other Milds
Burundi,1996,40.4503,Robustas
Cameroon,1996,51.0193,Other Milds
Cameroon,1996,51.0193,Robustas
Central African Republic,1996,45.0685,Robustas
"Congo, Dem. Rep. of",1996,32.8854,Other Milds
"Congo, Dem. Rep. of",1996,32.8854,Robustas
"Congo, Rep. of",1996,14.1896,Robustas
Côte d'Ivoire,1996,57.6963,Robustas
Ecuador,1996,97.5143,Other Milds
Ecuador,1996,97.5143,Robustas
Gabon,1996,39.9081,Robustas
Ghana,1996,,Robustas
Guinea,1996,,Robustas
India,1996,56.6737,Other Milds
India,1996,56.6737,Robustas
Indonesia,1996,58.3501,Brazilian Naturals
Indonesia,1996,58.3501,Robustas
Liberia,1996,,Robustas
Madagascar,1996,61.0601,Other Milds
Madagascar,1996,61.0601,Robustas
Nigeria,1996,,Robustas
Papua New Guinea,1996,63.7485,Other Milds
Papua New Guinea,1996,63.7485,Robustas
Philippines,1996,68.9094,Brazilian Naturals
Philippines,1996,68.9094,Robustas
Sierra Leone,1996,,Robustas
Sri Lanka,1996,,Other Milds
Sri Lanka,1996,,Robustas
Tanzania,1996,32.2006,Colombian Milds
Tanzania,1996,32.2006,Robustas
Thailand,1996,43.3532,Brazilian Naturals
Thailand,1996,43.3532,Robustas
Togo,1996,62.5798,Robustas
Trinidad & Tobago,1996,63.2496,Robustas
Uganda,1996,37.4363,Other Milds
Uganda,1996,37.4363,Robustas
Vietnam,1996,57.4154,Brazilian Naturals
Vietnam,1996,57.4154,Robustas
© International Coffee Organization,1996,,
Colombia,1997,133.1672,Colombian Milds
Kenya,1997,183.9967,Colombian Milds
Tanzania,1997,118.5236,Colombian Milds
Tanzania,1997,118.5236,Robustas
Bolivia,1997,100.0689,Other Milds
Burundi,1997,52.7855,Other Milds
Burundi,1997,52.7855,Robustas
Cameroon,1997,43.6415,Other Milds
Cameroon,1997,43.6415,Robustas
"Congo, Dem. Rep. of",1997,85.0486,Other Milds
"Congo, Dem. Rep. of",1997,85.0486,Robustas
Costa Rica,1997,98.2583,Other Milds
Cuba,1997,188.5711,Other Milds
Dominican Republic,1997,166.4135,Other Milds
Ecuador,1997,167.9155,Other Milds
Ecuador,1997,167.9155,Robustas
El Salvador,1997,125.1436,Other Milds
Guatemala,1997,97.2509,Other Milds
Haiti,1997,29.3734,Other Milds
Honduras,1997,116.8815,Other Milds
India,1997,130.1785,Other Milds
India,1997,130.1785,Robustas
Jamaica,1997,286.7807,Other Milds
Madagascar,1997,58.7447,Other Milds
Madagascar,1997,58.7447,Robustas
Malawi,1997,108.7488,Other Milds
Mexico,1997,136.1169,Other Milds
Nicaragua,1997,,Other Milds
Panama,1997,126.547,Other Milds
Papua New Guinea,1997,153.7373,Other Milds
Papua New Guinea,1997,153.7373,Robustas
Peru,1997,105.2832,Other Milds
Rwanda,1997,56.4162,Other Milds
Sri Lanka,1997,,Other Milds
Sri Lanka,1997,,Robustas
Uganda,1997,79.3775,Other Milds
Uganda,1997,79.3775,Robustas
"Venezuela, Bol. Rep. of",1997,,Other Milds
Zambia,1997,121.892,Other Milds
Zimbabwe ,1997,,Other Milds
Angola,1997,,Brazilian Naturals
Angola,1997,,Robustas
Brazil,1997,145.4095,Brazilian Naturals
Brazil,1997,145.4095,Robustas
Ethiopia,1997,91.0557,Brazilian Naturals
Indonesia,1997,112.2585,Brazilian Naturals
Indonesia,1997,112.2585,Robustas
Philippines,1997,79.7375,Brazilian Naturals
Philippines,1997,79.7375,Robustas
Thailand,1997,,Brazilian Naturals
Thailand,1997,,Robustas
Vietnam,1997,,Brazilian Naturals
Vietnam,1997,,Robustas
Angola,1997,,Brazilian Naturals
Angola,1997,,Robustas
Benin,1997,,Robustas
Brazil,1997,77.8558,Brazilian Naturals
Brazil,1997,77.8558,Robustas
Burundi,1997,40.1863,Other Milds
Burundi,1997,40.1863,Robustas
Cameroon,1997,38.9016,Other Milds
Cameroon,1997,38.9016,Robustas
Central African Republic,1997,38.3562,Robustas
"Congo, Dem. Rep. of",1997,45.3592,Other Milds
"Congo, Dem. Rep. of",1997,45.3592,Robustas
"Congo, Rep. of",1997,,Robustas
Côte d'Ivoire,1997,39.2871,Robustas
Ecuador,1997,61.193,Other Milds
Ecuador,1997,61.193,Robustas
Gabon,1997,37.9027,Robustas
Ghana,1997,,Robustas
Guinea,1997,,Robustas
India,1997,76.3016,Other Milds
India,1997,76.3016,Robustas
Indonesia,1997,58.434,Brazilian Naturals
Indonesia,1997,58.434,Robustas
Liberia,1997,,Robustas
Madagascar,1997,49.4841,Other Milds
Madagascar,1997,49.4841,Robustas
Nigeria,1997,,Robustas
Papua New Guinea,1997,75.4338,Other Milds
Papua New Guinea,1997,75.4338,Robustas
Philippines,1997,72.9149,Brazilian Naturals
Philippines,1997,72.9149,Robustas
Sierra Leone,1997,,Robustas
Sri Lanka,1997,,Other Milds
Sri Lanka,1997,,Robustas
Tanzania,1997,92.4844,Colombian Milds
Tanzania,1997,92.4844,Robustas
Thailand,1997,21.85,Brazilian Naturals
Thailand,1997,21.85,Robustas
Togo,1997,44.8863,Robustas
Trinidad & Tobago,1997,60.6263,Robustas
Uganda,1997,41.4705,Other Milds
Uganda,1997,41.4705,Robustas
Vietnam,1997,56.1426,Brazilian Naturals
Vietnam,1997,56.1426,Robustas
© International Coffee Organization,1997,,
Colombia,1998,102.0805,Colombian Milds
Kenya,1998,179.8972,Colombian Milds
Tanzania,1998,90.7025,Colombian Milds
Tanzania,1998,90.7025,Robustas
Bolivia,1998,131.0938,Other Milds
Burundi,1998,52.2187,Other Milds
Burundi,1998,52.2187,Robustas
Cameroon,1998,66.8331,Other Milds
Cameroon,1998,66.8331,Robustas
"Congo, Dem. Rep. of",1998,63.1381,Other Milds
"Congo, Dem. Rep. of",1998,63.1381,Robustas
Costa Rica,1998,92.6592,Other Milds
Cuba,1998,188.5711,Other Milds
Dominican Republic,1998,95.2485,Other Milds
Ecuador,1998,110.5961,Other Milds
Ecuador,1998,110.5961,Robustas
El Salvador,1998,85.0455,Other Milds
Guatemala,1998,102.4469,Other Milds
Haiti,1998,30.9468,Other Milds
Honduras,1998,93.2578,Other Milds
India,1998,99.4736,Other Milds
India,1998,99.4736,Robustas
Jamaica,1998,215.4499,Other Milds
Madagascar,1998,50.3483,Other Milds
Madagascar,1998,50.3483,Robustas
Malawi,1998,101.5223,Other Milds
Mexico,1998,101.6877,Other Milds
Nicaragua,1998,,Other Milds
Panama,1998,111.7558,Other Milds
Papua New Guinea,1998,104.8459,Other Milds
Papua New Guinea,1998,104.8459,Robustas
Peru,1998,75.4309,Other Milds
Rwanda,1998,55.6524,Other Milds
Sri Lanka,1998,,Other Milds
Sri Lanka,1998,,Robustas
Uganda,1998,71.3759,Other Milds
Uganda,1998,71.3759,Robustas
"Venezuela, Bol. Rep. of",1998,,Other Milds
Zambia,1998,130.8328,Other Milds
Zimbabwe ,1998,,Other Milds
Angola,1998,,Brazilian Naturals
Angola,1998,,Robustas
Brazil,1998,105.2491,Brazilian Naturals
Brazil,1998,105.2491,Robustas
Ethiopia,1998,91.8639,Brazilian Naturals
Indonesia,1998,99.4085,Brazilian Naturals
Indonesia,1998,99.4085,Robustas
Philippines,1998,81.8728,Brazilian Naturals
Philippines,1998,81.8728,Robustas
Thailand,1998,,Brazilian Naturals
Thailand,1998,,Robustas
Vietnam,1998,,Brazilian Naturals
Vietnam,1998,,Robustas
Angola,1998,,Brazilian Naturals
Angola,1998,,Robustas
Benin,1998,,Robustas
Brazil,1998,77.7473,Brazilian Naturals
Brazil,1998,77.7473,Robustas
Burundi,1998,35.3567,Other Milds
Burundi,1998,35.3567,Robustas
Cameroon,1998,36.4619,Other Milds
Cameroon,1998,36.4619,Robustas
Central African Republic,1998,37.8613,Robustas
"Congo, Dem. Rep. of",1998,44.276,Other Milds
"Congo, Dem. Rep. of",1998,44.276,Robustas
"Congo, Rep. of",1998,,Robustas
Côte d'Ivoire,1998,40.1367,Robustas
Ecuador,1998,66.6301,Other Milds
Ecuador,1998,66.6301,Robustas
Gabon,1998,50.2608,Robustas
Ghana,1998,,Robustas
Guinea,1998,,Robustas
India,1998,75.6198,Other Milds
India,1998,75.6198,Robustas
Indonesia,1998,59.3709,Brazilian Naturals
Indonesia,1998,59.3709,Robustas
Liberia,1998,,Robustas
Madagascar,1998,48.2505,Other Milds
Madagascar,1998,48.2505,Robustas
Nigeria,1998,,Robustas
Papua New Guinea,1998,59.1507,Other Milds
Papua New Guinea,1998,59.1507,Robustas
Philippines,1998,76.6635,Brazilian Naturals
Philippines,1998,76.6635,Robustas
Sierra Leone,1998,,Robustas
Sri Lanka,1998,,Other Milds
Sri Lanka,1998,,Robustas
Tanzania,1998,28.1884,Colombian Milds
Tanzania,1998,28.1884,Robustas
Thailand,1998,27.3262,Brazilian Naturals
Thailand,1998,27.3262,Robustas
Togo,1998,49.9303,Robustas
Trinidad & Tobago,1998,60.2943,Robustas
Uganda,1998,43.8295,Other Milds
Uganda,1998,43.8295,Robustas
Vietnam,1998,65.8694,Brazilian Naturals
Vietnam,1998,65.8694,Robustas
© International Coffee Organization,1998,,
Colombia,1999,86.3828,Colombian Milds
Kenya,1999,105.1914,Colombian Milds
Tanzania,1999,65.8769,Colombian Milds
Tanzania,1999,65.8769,Robustas
Bolivia,1999,98.7076,Other Milds
Burundi,1999,46.5697,Other Milds
Burundi,1999,46.5697,Robustas
Cameroon,1999,88.411,Other Milds
Cameroon,1999,88.411,Robustas
"Congo, Dem. Rep. of",1999,,Other Milds
"Congo, Dem. Rep. of",1999,,Robustas
Costa Rica,1999,79.5496,Other Milds
Cuba,1999,188.5711,Other Milds
Dominican Republic,1999,74.1837,Other Milds
Ecuador,1999,78.046,Other Milds
Ecuador,1999,78.046,Robustas
El Salvador,1999,56.9223,Other Milds
Guatemala,1999,79.2374,Other Milds
Haiti,1999,22.895,Other Milds
Honduras,1999,61.4807,Other Milds
India,1999,67.4377,Other Milds
India,1999,67.4377,Robustas
Jamaica,1999,177.2662,Other Milds
Madagascar,1999,43.491,Other Milds
Madagascar,1999,43.491,Robustas
Malawi,1999,77.641,Other Milds
Mexico,1999,80.9028,Other Milds
Nicaragua,1999,,Other Milds
Panama,1999,,Other Milds
Papua New Guinea,1999,60.8221,Other Milds
Papua New Guinea,1999,60.8221,Robustas
Peru,1999,59.7327,Other Milds
Rwanda,1999,45.3282,Other Milds
Sri Lanka,1999,,Other Milds
Sri Lanka,1999,,Robustas
Uganda,1999,43.3725,Other Milds
Uganda,1999,43.3725,Robustas
"Venezuela, Bol. Rep. of",1999,,Other Milds
Zambia,1999,119.6968,Other Milds
Zimbabwe ,1999,,Other Milds
Angola,1999,,Brazilian Naturals
Angola,1999,,Robustas
Brazil,1999,74.0666,Brazilian Naturals
Brazil,1999,74.0666,Robustas
Ethiopia,1999,65.6448,Brazilian Naturals
Indonesia,1999,,Brazilian Naturals
Indonesia,1999,,Robustas
Philippines,1999,64.8877,Brazilian Naturals
Philippines,1999,64.8877,Robustas
Thailand,1999,,Brazilian Naturals
Thailand,1999,,Robustas
Vietnam,1999,,Brazilian Naturals
Vietnam,1999,,Robustas
Angola,1999,,Brazilian Naturals
Angola,1999,,Robustas
Benin,1999,,Robustas
Brazil,1999,56.9266,Brazilian Naturals
Brazil,1999,56.9266,Robustas
Burundi,1999,,Other Milds
Burundi,1999,,Robustas
Cameroon,1999,31.3028,Other Milds
Cameroon,1999,31.3028,Robustas
Central African Republic,1999,29.7146,Robustas
"Congo, Dem. Rep. of",1999,88.1768,Other Milds
"Congo, Dem. Rep. of",1999,88.1768,Robustas
"Congo, Rep. of",1999,,Robustas
Côte d'Ivoire,1999,38.8128,Robustas
Ecuador,1999,47.4832,Other Milds
Ecuador,1999,47.4832,Robustas
Gabon,1999,59.0145,Robustas
Ghana,1999,,Robustas
Guinea,1999,,Robustas
India,1999,57.6076,Other Milds
India,1999,57.6076,Robustas
Indonesia,1999,46.5479,Brazilian Naturals
Indonesia,1999,46.5479,Robustas
Liberia,1999,,Robustas
Madagascar,1999,38.0546,Other Milds
Madagascar,1999,38.0546,Robustas
Nigeria,1999,,Robustas
Papua New Guinea,1999,37.6982,Other Milds
Papua New Guinea,1999,37.6982,Robustas
Philippines,1999,60.1365,Brazilian Naturals
Philippines,1999,60.1365,Robustas
Sierra Leone,1999,,Robustas
Sri Lanka,1999,,Other Milds
Sri Lanka,1999,,Robustas
Tanzania,1999,23.5151,Colombian Milds
Tanzania,1999,23.5151,Robustas
Thailand,1999,31.3084,Brazilian Naturals
Thailand,1999,31.3084,Robustas
Togo,1999,43.2215,Robustas
Trinidad & Tobago,1999,79.2287,Robustas
Uganda,1999,36.2402,Other Milds
Uganda,1999,36.2402,Robustas
Vietnam,1999,50.6962,Brazilian Naturals
Vietnam,1999,50.6962,Robustas
© International Coffee Organization,1999,,
Colombia,2000,74.9587,Colombian Milds
Kenya,2000,72.9797,Colombian Milds
Tanzania,2000,54.3175,Colombian Milds
Tanzania,2000,54.3175,Robustas
Bolivia,2000,78.0529,Other Milds
Burundi,2000,37.3535,Other Milds
Burundi,2000,37.3535,Robustas
Cameroon,2000,33.221,Other Milds
Cameroon,2000,33.221,Robustas
"Congo, Dem. Rep. of",2000,,Other Milds
"Congo, Dem. Rep. of",2000,,Robustas
Costa Rica,2000,69.2837,Other Milds
Cuba,2000,188.5711,Other Milds
Dominican Republic,2000,68.0127,Other Milds
Ecuador,2000,65.9705,Other Milds
Ecuador,2000,65.9705,Robustas
El Salvador,2000,44.5482,Other Milds
Guatemala,2000,70.3747,Other Milds
Haiti,2000,22.4856,Other Milds
Honduras,2000,54.292,Other Milds
India,2000,63.7456,Other Milds
India,2000,63.7456,Robustas
Jamaica,2000,208.4371,Other Milds
Madagascar,2000,155.8285,Other Milds
Madagascar,2000,155.8285,Robustas
Malawi,2000,57.5992,Other Milds
Mexico,2000,64.0786,Other Milds
Nicaragua,2000,,Other Milds
Panama,2000,,Other Milds
Papua New Guinea,2000,49.2802,Other Milds
Papua New Guinea,2000,49.2802,Robustas
Peru,2000,53.8586,Other Milds
Rwanda,2000,34.0754,Other Milds
Sri Lanka,2000,,Other Milds
Sri Lanka,2000,,Robustas
Uganda,2000,40.9981,Other Milds
Uganda,2000,40.9981,Robustas
"Venezuela, Bol. Rep. of",2000,,Other Milds
Zambia,2000,91.8562,Other Milds
Zimbabwe ,2000,,Other Milds
Angola,2000,,Brazilian Naturals
Angola,2000,,Robustas
Brazil,2000,65.9769,Brazilian Naturals
Brazil,2000,65.9769,Robustas
Ethiopia,2000,56.421,Brazilian Naturals
Indonesia,2000,68.4091,Brazilian Naturals
Indonesia,2000,68.4091,Robustas
Philippines,2000,37.044,Brazilian Naturals
Philippines,2000,37.044,Robustas
Thailand,2000,,Brazilian Naturals
Thailand,2000,,Robustas
Vietnam,2000,,Brazilian Naturals
Vietnam,2000,,Robustas
Angola,2000,51.7415,Brazilian Naturals
Angola,2000,51.7415,Robustas
Benin,2000,,Robustas
Brazil,2000,41.5274,Brazilian Naturals
Brazil,2000,41.5274,Robustas
Burundi,2000,,Other Milds
Burundi,2000,,Robustas
Cameroon,2000,30.4387,Other Milds
Cameroon,2000,30.4387,Robustas
Central African Republic,2000,18.2801,Robustas
"Congo, Dem. Rep. of",2000,45.042,Other Milds
"Congo, Dem. Rep. of",2000,45.042,Robustas
"Congo, Rep. of",2000,,Robustas
Côte d'Ivoire,2000,23.8537,Robustas
Ecuador,2000,32.696,Other Milds
Ecuador,2000,32.696,Robustas
Gabon,2000,51.1065,Robustas
Ghana,2000,,Robustas
Guinea,2000,,Robustas
India,2000,35.8731,Other Milds
India,2000,35.8731,Robustas
Indonesia,2000,22.4016,Brazilian Naturals
Indonesia,2000,22.4016,Robustas
Liberia,2000,,Robustas
Madagascar,2000,109.0038,Other Milds
Madagascar,2000,109.0038,Robustas
Nigeria,2000,,Robustas
Papua New Guinea,2000,21.8897,Other Milds
Papua New Guinea,2000,21.8897,Robustas
Philippines,2000,34.1959,Brazilian Naturals
Philippines,2000,34.1959,Robustas
Sierra Leone,2000,,Robustas
Sri Lanka,2000,,Other Milds
Sri Lanka,2000,,Robustas
Tanzania,2000,15.2928,Colombian Milds
Tanzania,2000,15.2928,Robustas
Thailand,2000,12.3524,Brazilian Naturals
Thailand,2000,12.3524,Robustas
Togo,2000,22.9164,Robustas
Trinidad & Tobago,2000,,Robustas
Uganda,2000,19.9233,Other Milds
Uganda,2000,19.9233,Robustas
Vietnam,2000,26.5528,Brazilian Naturals
Vietnam,2000,26.5528,Robustas
© International Coffee Organization,2000,,
Colombia,2001,57.9505,Colombian Milds
Kenya,2001,69.403,Colombian Milds
Tanzania,2001,34.8622,Colombian Milds
Tanzania,2001,34.8622,Robustas
Bolivia,2001,,Other Milds
Burundi,2001,32.1917,Other Milds
Burundi,2001,32.1917,Robustas
Cameroon,2001,19.0898,Other Milds
Cameroon,2001,19.0898,Robustas
"Congo, Dem. Rep. of",2001,,Other Milds
"Congo, Dem. Rep. of",2001,,Robustas
Costa Rica,2001,46.6929,Other Milds
Cuba,2001,188.5711,Other Milds
Dominican Republic,2001,42.0392,Other Milds
Ecuador,2001,27.2816,Other Milds
Ecuador,2001,27.2816,Robustas
El Salvador,2001,17.6285,Other Milds
Guatemala,2001,45.3452,Other Milds
Haiti,2001,,Other Milds
Honduras,2001,34.3243,Other Milds
India,2001,43.8182,Other Milds
India,2001,43.8182,Robustas
Jamaica,2001,169.5941,Other Milds
Madagascar,2001,64.5937,Other Milds
Madagascar,2001,64.5937,Robustas
Malawi,2001,46.4248,Other Milds
Mexico,2001,53.9753,Other Milds
Nicaragua,2001,29.6521,Other Milds
Panama,2001,,Other Milds
Papua New Guinea,2001,32.9735,Other Milds
Papua New Guinea,2001,32.9735,Robustas
Peru,2001,34.7709,Other Milds
Rwanda,2001,23.2564,Other Milds
Sri Lanka,2001,,Other Milds
Sri Lanka,2001,,Robustas
Uganda,2001,27.5052,Other Milds
Uganda,2001,27.5052,Robustas
"Venezuela, Bol. Rep. of",2001,,Other Milds
Zambia,2001,65.7341,Other Milds
Zimbabwe ,2001,,Other Milds
Angola,2001,,Brazilian Naturals
Angola,2001,,Robustas
Brazil,2001,37.0458,Brazilian Naturals
Brazil,2001,37.0458,Robustas
Ethiopia,2001,43.7795,Brazilian Naturals
Indonesia,2001,53.6054,Brazilian Naturals
Indonesia,2001,53.6054,Robustas
Philippines,2001,49.3555,Brazilian Naturals
Philippines,2001,49.3555,Robustas
Thailand,2001,,Brazilian Naturals
Thailand,2001,,Robustas
Vietnam,2001,,Brazilian Naturals
Vietnam,2001,,Robustas
Angola,2001,18.6135,Brazilian Naturals
Angola,2001,18.6135,Robustas
Benin,2001,,Robustas
Brazil,2001,19.3547,Brazilian Naturals
Brazil,2001,19.3547,Robustas
Burundi,2001,,Other Milds
Burundi,2001,,Robustas
Cameroon,2001,21.1299,Other Milds
Cameroon,2001,21.1299,Robustas
Central African Republic,2001,13.2225,Robustas
"Congo, Dem. Rep. of",2001,7.9507,Other Milds
"Congo, Dem. Rep. of",2001,7.9507,Robustas
"Congo, Rep. of",2001,,Robustas
Côte d'Ivoire,2001,,Robustas
Ecuador,2001,11.2578,Other Milds
Ecuador,2001,11.2578,Robustas
Gabon,2001,47.9271,Robustas
Ghana,2001,,Robustas
Guinea,2001,,Robustas
India,2001,23.4397,Other Milds
India,2001,23.4397,Robustas
Indonesia,2001,13.5715,Brazilian Naturals
Indonesia,2001,13.5715,Robustas
Liberia,2001,,Robustas
Madagascar,2001,51.6628,Other Milds
Madagascar,2001,51.6628,Robustas
Nigeria,2001,,Robustas
Papua New Guinea,2001,12.0047,Other Milds
Papua New Guinea,2001,12.0047,Robustas
Philippines,2001,23.6346,Brazilian Naturals
Philippines,2001,23.6346,Robustas
Sierra Leone,2001,,Robustas
Sri Lanka,2001,,Other Milds
Sri Lanka,2001,,Robustas
Tanzania,2001,5.2086,Colombian Milds
Tanzania,2001,5.2086,Robustas
Thailand,2001,12.747,Brazilian Naturals
Thailand,2001,12.747,Robustas
Togo,2001,15.3167,Robustas
Trinidad & Tobago,2001,,Robustas
Uganda,2001,10.5687,Other Milds
Uganda,2001,10.5687,Robustas
Vietnam,2001,15.1186,Brazilian Naturals
Vietnam,2001,15.1186,Robustas
© International Coffee Organization,2001,,
Colombia,2002,52.5669,Colombian Milds
Kenya,2002,67.6698,Colombian Milds
Tanzania,2002,25.9279,Colombian Milds
Tanzania,2002,25.9279,Robustas
Bolivia,2002,,Other Milds
Burundi,2002,29.17,Other Milds
Burundi,2002,29.17,Robustas
Cameroon,2002,24.5554,Other Milds
Cameroon,2002,24.5554,Robustas
"Congo, Dem. Rep. of",2002,,Other Milds
"Congo, Dem. Rep. of",2002,,Robustas
Costa Rica,2002,46.7441,Other Milds
Cuba,2002,188.5711,Other Milds
Dominican Republic,2002,50.829,Other Milds
Ecuador,2002,27.3637,Other Milds
Ecuador,2002,27.3637,Robustas
El Salvador,2002,21.8368,Other Milds
Guatemala,2002,49.6116,Other Milds
Haiti,2002,,Other Milds
Honduras,2002,37.0642,Other Milds
India,2002,39.6095,Other Milds
India,2002,39.6095,Robustas
Jamaica,2002,237.5996,Other Milds
Madagascar,2002,72.5041,Other Milds
Madagascar,2002,72.5041,Robustas
Malawi,2002,39.7883,Other Milds
Mexico,2002,45.0775,Other Milds
Nicaragua,2002,30.1493,Other Milds
Panama,2002,,Other Milds
Papua New Guinea,2002,31.6628,Other Milds
Papua New Guinea,2002,31.6628,Robustas
Peru,2002,29.5158,Other Milds
Rwanda,2002,17.8762,Other Milds
Sri Lanka,2002,,Other Milds
Sri Lanka,2002,,Robustas
Uganda,2002,27.5174,Other Milds
Uganda,2002,27.5174,Robustas
"Venezuela, Bol. Rep. of",2002,,Other Milds
Zambia,2002,60.0056,Other Milds
Zimbabwe ,2002,,Other Milds
Angola,2002,,Brazilian Naturals
Angola,2002,,Robustas
Brazil,2002,30.9089,Brazilian Naturals
Brazil,2002,30.9089,Robustas
Ethiopia,2002,26.8781,Brazilian Naturals
Indonesia,2002,59.6569,Brazilian Naturals
Indonesia,2002,59.6569,Robustas
Philippines,2002,21.738,Brazilian Naturals
Philippines,2002,21.738,Robustas
Thailand,2002,,Brazilian Naturals
Thailand,2002,,Robustas
Vietnam,2002,,Brazilian Naturals
Vietnam,2002,,Robustas
Angola,2002,10.7112,Brazilian Naturals
Angola,2002,10.7112,Robustas
Benin,2002,,Robustas
Brazil,2002,19.9937,Brazilian Naturals
Brazil,2002,19.9937,Robustas
Burundi,2002,,Other Milds
Burundi,2002,,Robustas
Cameroon,2002,16.0534,Other Milds
Cameroon,2002,16.0534,Robustas
Central African Republic,2002,11.942,Robustas
"Congo, Dem. Rep. of",2002,2.9573,Other Milds
"Congo, Dem. Rep. of",2002,2.9573,Robustas
"Congo, Rep. of",2002,,Robustas
Côte d'Ivoire,2002,8.9585,Robustas
Ecuador,2002,11.9973,Other Milds
Ecuador,2002,11.9973,Robustas
Gabon,2002,44.5843,Robustas
Ghana,2002,,Robustas
Guinea,2002,,Robustas
India,2002,22.0776,Other Milds
India,2002,22.0776,Robustas
Indonesia,2002,14.6522,Brazilian Naturals
Indonesia,2002,14.6522,Robustas
Liberia,2002,,Robustas
Madagascar,2002,55.6953,Other Milds
Madagascar,2002,55.6953,Robustas
Nigeria,2002,,Robustas
Papua New Guinea,2002,13.3144,Other Milds
Papua New Guinea,2002,13.3144,Robustas
Philippines,2002,21.4548,Brazilian Naturals
Philippines,2002,21.4548,Robustas
Sierra Leone,2002,,Robustas
Sri Lanka,2002,,Other Milds
Sri Lanka,2002,,Robustas
Tanzania,2002,4.2981,Colombian Milds
Tanzania,2002,4.2981,Robustas
Thailand,2002,6.4439,Brazilian Naturals
Thailand,2002,6.4439,Robustas
Togo,2002,18.2661,Robustas
Trinidad & Tobago,2002,,Robustas
Uganda,2002,12.7838,Other Milds
Uganda,2002,12.7838,Robustas
Vietnam,2002,18.1376,Brazilian Naturals
Vietnam,2002,18.1376,Robustas
© International Coffee Organization,2002,,
Colombia,2003,48.343,Colombian Milds
Kenya,2003,41.0724,Colombian Milds
Tanzania,2003,24.7808,Colombian Milds
Tanzania,2003,24.7808,Robustas
Bolivia,2003,,Other Milds
Burundi,2003,24.8803,Other Milds
Burundi,2003,24.8803,Robustas
Cameroon,2003,35.2702,Other Milds
Cameroon,2003,35.2702,Robustas
"Congo, Dem. Rep. of",2003,,Other Milds
"Congo, Dem. Rep. of",2003,,Robustas
Costa Rica,2003,52.9871,Other Milds
Cuba,2003,168.9282,Other Milds
Dominican Republic,2003,49.572,Other Milds
Ecuador,2003,31.0615,Other Milds
Ecuador,2003,31.0615,Robustas
El Salvador,2003,25.6889,Other Milds
Guatemala,2003,48.4242,Other Milds
Haiti,2003,,Other Milds
Honduras,2003,41.7301,Other Milds
India,2003,43.4504,Other Milds
India,2003,43.4504,Robustas
Jamaica,2003,185.619,Other Milds
Madagascar,2003,86.5775,Other Milds
Madagascar,2003,86.5775,Robustas
Malawi,2003,39.621,Other Milds
Mexico,2003,64.019,Other Milds
Nicaragua,2003,34.4183,Other Milds
Panama,2003,,Other Milds
Papua New Guinea,2003,36.9896,Other Milds
Papua New Guinea,2003,36.9896,Robustas
Peru,2003,32.9262,Other Milds
Rwanda,2003,24.8854,Other Milds
Sri Lanka,2003,,Other Milds
Sri Lanka,2003,,Robustas
Uganda,2003,28.6403,Other Milds
Uganda,2003,28.6403,Robustas
"Venezuela, Bol. Rep. of",2003,,Other Milds
Zambia,2003,52.9675,Other Milds
Zimbabwe ,2003,,Other Milds
Angola,2003,,Brazilian Naturals
Angola,2003,,Robustas
Brazil,2003,42.8184,Brazilian Naturals
Brazil,2003,42.8184,Robustas
Ethiopia,2003,34.5679,Brazilian Naturals
Indonesia,2003,42.0479,Brazilian Naturals
Indonesia,2003,42.0479,Robustas
Philippines,2003,60.6343,Brazilian Naturals
Philippines,2003,60.6343,Robustas
Thailand,2003,,Brazilian Naturals
Thailand,2003,,Robustas
Vietnam,2003,,Brazilian Naturals
Vietnam,2003,,Robustas
Angola,2003,6.6089,Brazilian Naturals
Angola,2003,6.6089,Robustas
Benin,2003,,Robustas
Brazil,2003,31.6119,Brazilian Naturals
Brazil,2003,31.6119,Robustas
Burundi,2003,,Other Milds
Burundi,2003,,Robustas
Cameroon,2003,22.2637,Other Milds
Cameroon,2003,22.2637,Robustas
Central African Republic,2003,18.0599,Robustas
"Congo, Dem. Rep. of",2003,5.6111,Other Milds
"Congo, Dem. Rep. of",2003,5.6111,Robustas
"Congo, Rep. of",2003,,Robustas
Côte d'Ivoire,2003,17.7064,Robustas
Ecuador,2003,21.8581,Other Milds
Ecuador,2003,21.8581,Robustas
Gabon,2003,,Robustas
Ghana,2003,,Robustas
Guinea,2003,,Robustas
India,2003,28.5993,Other Milds
India,2003,28.5993,Robustas
Indonesia,2003,16.6091,Brazilian Naturals
Indonesia,2003,16.6091,Robustas
Liberia,2003,,Robustas
Madagascar,2003,55.9203,Other Milds
Madagascar,2003,55.9203,Robustas
Nigeria,2003,,Robustas
Papua New Guinea,2003,17.3053,Other Milds
Papua New Guinea,2003,17.3053,Robustas
Philippines,2003,32.6523,Brazilian Naturals
Philippines,2003,32.6523,Robustas
Sierra Leone,2003,,Robustas
Sri Lanka,2003,,Other Milds
Sri Lanka,2003,,Robustas
Tanzania,2003,6.7245,Colombian Milds
Tanzania,2003,6.7245,Robustas
Thailand,2003,13.2508,Brazilian Naturals
Thailand,2003,13.2508,Robustas
Togo,2003,22.766,Robustas
Trinidad & Tobago,2003,,Robustas
Uganda,2003,20.8085,Other Milds
Uganda,2003,20.8085,Robustas
Vietnam,2003,27.9353,Brazilian Naturals
Vietnam,2003,27.9353,Robustas
© International Coffee Organization,2003,,
Colombia,2004,60.8325,Colombian Milds
Kenya,2004,71.0095,Colombian Milds
Tanzania,2004,26.3711,Colombian Milds
Tanzania,2004,26.3711,Robustas
Bolivia,2004,,Other Milds
Burundi,2004,27.357,Other Milds
Burundi,2004,27.357,Robustas
Cameroon,2004,,Other Milds
Cameroon,2004,,Robustas
"Congo, Dem. Rep. of",2004,,Other Milds
"Congo, Dem. Rep. of",2004,,Robustas
Costa Rica,2004,64.8733,Other Milds
Cuba,2004,70.1784,Other Milds
Dominican Republic,2004,75.6965,Other Milds
Ecuador,2004,51.194,Other Milds
Ecuador,2004,51.194,Robustas
El Salvador,2004,39.3039,Other Milds
Guatemala,2004,66.9099,Other Milds
Haiti,2004,,Other Milds
Honduras,2004,50.232,Other Milds
India,2004,58.3193,Other Milds
India,2004,58.3193,Robustas
Jamaica,2004,185.4223,Other Milds
Madagascar,2004,46.8166,Other Milds
Madagascar,2004,46.8166,Robustas
Malawi,2004,51.6781,Other Milds
Mexico,2004,90.7787,Other Milds
Nicaragua,2004,40.8748,Other Milds
Panama,2004,,Other Milds
Papua New Guinea,2004,41.0979,Other Milds
Papua New Guinea,2004,41.0979,Robustas
Peru,2004,42.4274,Other Milds
Rwanda,2004,29.4574,Other Milds
Sri Lanka,2004,,Other Milds
Sri Lanka,2004,,Robustas
Uganda,2004,35.9874,Other Milds
Uganda,2004,35.9874,Robustas
"Venezuela, Bol. Rep. of",2004,,Other Milds
Zambia,2004,64.4375,Other Milds
Zimbabwe ,2004,,Other Milds
Angola,2004,,Brazilian Naturals
Angola,2004,,Robustas
Brazil,2004,56.3302,Brazilian Naturals
Brazil,2004,56.3302,Robustas
Ethiopia,2004,48.8512,Brazilian Naturals
Indonesia,2004,80.6176,Brazilian Naturals
Indonesia,2004,80.6176,Robustas
Philippines,2004,66.2305,Brazilian Naturals
Philippines,2004,66.2305,Robustas
Thailand,2004,,Brazilian Naturals
Thailand,2004,,Robustas
Vietnam,2004,,Brazilian Naturals
Vietnam,2004,,Robustas
Angola,2004,9.923,Brazilian Naturals
Angola,2004,9.923,Robustas
Benin,2004,,Robustas
Brazil,2004,34.8484,Brazilian Naturals
Brazil,2004,34.8484,Robustas
Burundi,2004,,Other Milds
Burundi,2004,,Robustas
Cameroon,2004,,Other Milds
Cameroon,2004,,Robustas
Central African Republic,2004,20.1724,Robustas
"Congo, Dem. Rep. of",2004,,Other Milds
"Congo, Dem. Rep. of",2004,,Robustas
"Congo, Rep. of",2004,,Robustas
Côte d'Ivoire,2004,14.7655,Robustas
Ecuador,2004,29.7468,Other Milds
Ecuador,2004,29.7468,Robustas
Gabon,2004,,Robustas
Ghana,2004,,Robustas
Guinea,2004,,Robustas
India,2004,30.7952,Other Milds
India,2004,30.7952,Robustas
Indonesia,2004,24.1702,Brazilian Naturals
Indonesia,2004,24.1702,Robustas
Liberia,2004,,Robustas
Madagascar,2004,19.74,Other Milds
Madagascar,2004,19.74,Robustas
Nigeria,2004,,Robustas
Papua New Guinea,2004,22.1559,Other Milds
Papua New Guinea,2004,22.1559,Robustas
Philippines,2004,31.8862,Brazilian Naturals
Philippines,2004,31.8862,Robustas
Sierra Leone,2004,,Robustas
Sri Lanka,2004,,Other Milds
Sri Lanka,2004,,Robustas
Tanzania,2004,7.553,Colombian Milds
Tanzania,2004,7.553,Robustas
Thailand,2004,12.8279,Brazilian Naturals
Thailand,2004,12.8279,Robustas
Togo,2004,21.9065,Robustas
Trinidad & Tobago,2004,,Robustas
Uganda,2004,26.2624,Other Milds
Uganda,2004,26.2624,Robustas
Vietnam,2004,26.0012,Brazilian Naturals
Vietnam,2004,26.0012,Robustas
© International Coffee Organization,2004,,
Colombia,2005,89.2214,Colombian Milds
Kenya,2005,,Colombian Milds
Tanzania,2005,43.6924,Colombian Milds
Tanzania,2005,43.6924,Robustas
Bolivia,2005,,Other Milds
Burundi,2005,42.9285,Other Milds
Burundi,2005,42.9285,Robustas
Cameroon,2005,,Other Milds
Cameroon,2005,,Robustas
"Congo, Dem. Rep. of",2005,,Other Milds
"Congo, Dem. Rep. of",2005,,Robustas
Costa Rica,2005,83.4296,Other Milds
Cuba,2005,70.7141,Other Milds
Dominican Republic,2005,87.9156,Other Milds
Ecuador,2005,91.6233,Other Milds
Ecuador,2005,91.6233,Robustas
El Salvador,2005,67.097,Other Milds
Guatemala,2005,92.4642,Other Milds
Haiti,2005,,Other Milds
Honduras,2005,78.6893,Other Milds
India,2005,96.5255,Other Milds
India,2005,96.5255,Robustas
Jamaica,2005,244.6888,Other Milds
Madagascar,2005,50.8012,Other Milds
Madagascar,2005,50.8012,Robustas
Malawi,2005,83.7134,Other Milds
Mexico,2005,139.0296,Other Milds
Nicaragua,2005,52.8824,Other Milds
Panama,2005,,Other Milds
Papua New Guinea,2005,62.2599,Other Milds
Papua New Guinea,2005,62.2599,Robustas
Peru,2005,69.4699,Other Milds
Rwanda,2005,46.245,Other Milds
Sri Lanka,2005,,Other Milds
Sri Lanka,2005,,Robustas
Uganda,2005,57.8593,Other Milds
Uganda,2005,57.8593,Robustas
"Venezuela, Bol. Rep. of",2005,,Other Milds
Zambia,2005,87.176,Other Milds
Zimbabwe ,2005,,Other Milds
Angola,2005,,Brazilian Naturals
Angola,2005,,Robustas
Brazil,2005,87.09,Brazilian Naturals
Brazil,2005,87.09,Robustas
Ethiopia,2005,64.2276,Brazilian Naturals
Indonesia,2005,117.0379,Brazilian Naturals
Indonesia,2005,117.0379,Robustas
Philippines,2005,79.9997,Brazilian Naturals
Philippines,2005,79.9997,Robustas
Thailand,2005,,Brazilian Naturals
Thailand,2005,,Robustas
Vietnam,2005,,Brazilian Naturals
Vietnam,2005,,Robustas
Angola,2005,10.4187,Brazilian Naturals
Angola,2005,10.4187,Robustas
Benin,2005,,Robustas
Brazil,2005,46.4667,Brazilian Naturals
Brazil,2005,46.4667,Robustas
Burundi,2005,,Other Milds
Burundi,2005,,Robustas
Cameroon,2005,,Other Milds
Cameroon,2005,,Robustas
Central African Republic,2005,,Robustas
"Congo, Dem. Rep. of",2005,,Other Milds
"Congo, Dem. Rep. of",2005,,Robustas
"Congo, Rep. of",2005,,Robustas
Côte d'Ivoire,2005,11.2288,Robustas
Ecuador,2005,50.9623,Other Milds
Ecuador,2005,50.9623,Robustas
Gabon,2005,,Robustas
Ghana,2005,,Robustas
Guinea,2005,,Robustas
India,2005,52.4173,Other Milds
India,2005,52.4173,Robustas
Indonesia,2005,34.2061,Brazilian Naturals
Indonesia,2005,34.2061,Robustas
Liberia,2005,,Robustas
Madagascar,2005,30.2388,Other Milds
Madagascar,2005,30.2388,Robustas
Nigeria,2005,,Robustas
Papua New Guinea,2005,24.3033,Other Milds
Papua New Guinea,2005,24.3033,Robustas
Philippines,2005,41.6909,Brazilian Naturals
Philippines,2005,41.6909,Robustas
Sierra Leone,2005,,Robustas
Sri Lanka,2005,,Other Milds
Sri Lanka,2005,,Robustas
Tanzania,2005,14.2734,Colombian Milds
Tanzania,2005,14.2734,Robustas
Thailand,2005,18.3203,Brazilian Naturals
Thailand,2005,18.3203,Robustas
Togo,2005,27.9158,Robustas
Trinidad & Tobago,2005,,Robustas
Uganda,2005,40.8231,Other Milds
Uganda,2005,40.8231,Robustas
Vietnam,2005,35.8985,Brazilian Naturals
Vietnam,2005,35.8985,Robustas
© International Coffee Organization,2005,,
Colombia,2006,89.8083,Colombian Milds
Kenya,2006,,Colombian Milds
Tanzania,2006,42.7651,Colombian Milds
Tanzania,2006,42.7651,Robustas
Bolivia,2006,,Other Milds
Burundi,2006,63.4535,Other Milds
Burundi,2006,63.4535,Robustas
Cameroon,2006,,Other Milds
Cameroon,2006,,Robustas
"Congo, Dem. Rep. of",2006,,Other Milds
"Congo, Dem. Rep. of",2006,,Robustas
Costa Rica,2006,89.2238,Other Milds
Cuba,2006,70.7141,Other Milds
Dominican Republic,2006,86.2942,Other Milds
Ecuador,2006,92.445,Other Milds
Ecuador,2006,92.445,Robustas
El Salvador,2006,67.4926,Other Milds
Guatemala,2006,91.1947,Other Milds
Haiti,2006,,Other Milds
Honduras,2006,80.8164,Other Milds
India,2006,95.8634,Other Milds
India,2006,95.8634,Robustas
Jamaica,2006,354.8887,Other Milds
Madagascar,2006,,Other Milds
Madagascar,2006,,Robustas
Malawi,2006,84.5843,Other Milds
Mexico,2006,85.4966,Other Milds
Nicaragua,2006,58.6579,Other Milds
Panama,2006,,Other Milds
Papua New Guinea,2006,71.284,Other Milds
Papua New Guinea,2006,71.284,Robustas
Peru,2006,,Other Milds
Rwanda,2006,,Other Milds
Sri Lanka,2006,,Other Milds
Sri Lanka,2006,,Robustas
Uganda,2006,55.3373,Other Milds
Uganda,2006,55.3373,Robustas
"Venezuela, Bol. Rep. of",2006,,Other Milds
Zambia,2006,100.1823,Other Milds
Zimbabwe ,2006,,Other Milds
Angola,2006,,Brazilian Naturals
Angola,2006,,Robustas
Brazil,2006,87.0178,Brazilian Naturals
Brazil,2006,87.0178,Robustas
Ethiopia,2006,58.3172,Brazilian Naturals
Indonesia,2006,107.5163,Brazilian Naturals
Indonesia,2006,107.5163,Robustas
Philippines,2006,61.5072,Brazilian Naturals
Philippines,2006,61.5072,Robustas
Thailand,2006,,Brazilian Naturals
Thailand,2006,,Robustas
Vietnam,2006,,Brazilian Naturals
Vietnam,2006,,Robustas
Angola,2006,12.9824,Brazilian Naturals
Angola,2006,12.9824,Robustas
Benin,2006,,Robustas
Brazil,2006,62.0285,Brazilian Naturals
Brazil,2006,62.0285,Robustas
Burundi,2006,,Other Milds
Burundi,2006,,Robustas
Cameroon,2006,,Other Milds
Cameroon,2006,,Robustas
Central African Republic,2006,,Robustas
"Congo, Dem. Rep. of",2006,,Other Milds
"Congo, Dem. Rep. of",2006,,Robustas
"Congo, Rep. of",2006,,Robustas
Côte d'Ivoire,2006,27.9899,Robustas
Ecuador,2006,53.7258,Other Milds
Ecuador,2006,53.7258,Robustas
Gabon,2006,,Robustas
Ghana,2006,,Robustas
Guinea,2006,,Robustas
India,2006,61.3522,Other Milds
India,2006,61.3522,Robustas
Indonesia,2006,52.4731,Brazilian Naturals
Indonesia,2006,52.4731,Robustas
Liberia,2006,,Robustas
Madagascar,2006,41.7147,Other Milds
Madagascar,2006,41.7147,Robustas
Nigeria,2006,,Robustas
Papua New Guinea,2006,32.8919,Other Milds
Papua New Guinea,2006,32.8919,Robustas
Philippines,2006,55.3165,Brazilian Naturals
Philippines,2006,55.3165,Robustas
Sierra Leone,2006,,Robustas
Sri Lanka,2006,,Other Milds
Sri Lanka,2006,,Robustas
Tanzania,2006,21.4463,Colombian Milds
Tanzania,2006,21.4463,Robustas
Thailand,2006,46.5464,Brazilian Naturals
Thailand,2006,46.5464,Robustas
Togo,2006,44.7165,Robustas
Trinidad & Tobago,2006,,Robustas
Uganda,2006,47.0192,Other Milds
Uganda,2006,47.0192,Robustas
Vietnam,2006,54.5026,Brazilian Naturals
Vietnam,2006,54.5026,Robustas
© International Coffee Organization,2006,,
Colombia,2007,100.0535,Colombian Milds
Kenya,2007,,Colombian Milds
Tanzania,2007,59.7769,Colombian Milds
Tanzania,2007,59.7769,Robustas
Bolivia,2007,,Other Milds
Burundi,2007,80.3535,Other Milds
Burundi,2007,80.3535,Robustas
Cameroon,2007,80.1917,Other Milds
Cameroon,2007,80.1917,Robustas
"Congo, Dem. Rep. of",2007,,Other Milds
"Congo, Dem. Rep. of",2007,,Robustas
Costa Rica,2007,98.6447,Other Milds
Cuba,2007,47.1428,Other Milds
Dominican Republic,2007,87.1283,Other Milds
Ecuador,2007,110.5232,Other Milds
Ecuador,2007,110.5232,Robustas
El Salvador,2007,75.2353,Other Milds
Guatemala,2007,98.312,Other Milds
Haiti,2007,,Other Milds
Honduras,2007,81.632,Other Milds
India,2007,108.0306,Other Milds
India,2007,108.0306,Robustas
Jamaica,2007,343.0594,Other Milds
Madagascar,2007,,Other Milds
Madagascar,2007,,Robustas
Malawi,2007,80.358,Other Milds
Mexico,2007,90.9075,Other Milds
Nicaragua,2007,64.3645,Other Milds
Panama,2007,,Other Milds
Papua New Guinea,2007,76.6883,Other Milds
Papua New Guinea,2007,76.6883,Robustas
Peru,2007,,Other Milds
Rwanda,2007,,Other Milds
Sri Lanka,2007,,Other Milds
Sri Lanka,2007,,Robustas
Uganda,2007,65.0071,Other Milds
Uganda,2007,65.0071,Robustas
"Venezuela, Bol. Rep. of",2007,,Other Milds
Zambia,2007,106.4471,Other Milds
Zimbabwe ,2007,,Other Milds
Angola,2007,,Brazilian Naturals
Angola,2007,,Robustas
Brazil,2007,98.2955,Brazilian Naturals
Brazil,2007,98.2955,Robustas
Ethiopia,2007,69.829,Brazilian Naturals
Indonesia,2007,117.9882,Brazilian Naturals
Indonesia,2007,117.9882,Robustas
Philippines,2007,81.3725,Brazilian Naturals
Philippines,2007,81.3725,Robustas
Thailand,2007,,Brazilian Naturals
Thailand,2007,,Robustas
Vietnam,2007,,Brazilian Naturals
Vietnam,2007,,Robustas
Angola,2007,36.0524,Brazilian Naturals
Angola,2007,36.0524,Robustas
Benin,2007,,Robustas
Brazil,2007,78.9409,Brazilian Naturals
Brazil,2007,78.9409,Robustas
Burundi,2007,,Other Milds
Burundi,2007,,Robustas
Cameroon,2007,55.1318,Other Milds
Cameroon,2007,55.1318,Robustas
Central African Republic,2007,45.3414,Robustas
"Congo, Dem. Rep. of",2007,,Other Milds
"Congo, Dem. Rep. of",2007,,Robustas
"Congo, Rep. of",2007,,Robustas
Côte d'Ivoire,2007,32.8384,Robustas
Ecuador,2007,64.9046,Other Milds
Ecuador,2007,64.9046,Robustas
Gabon,2007,,Robustas
Ghana,2007,,Robustas
Guinea,2007,,Robustas
India,2007,79.3802,Other Milds
India,2007,79.3802,Robustas
Indonesia,2007,55.8043,Brazilian Naturals
Indonesia,2007,55.8043,Robustas
Liberia,2007,,Robustas
Madagascar,2007,69.5695,Other Milds
Madagascar,2007,69.5695,Robustas
Nigeria,2007,,Robustas
Papua New Guinea,2007,23.9073,Other Milds
Papua New Guinea,2007,23.9073,Robustas
Philippines,2007,74.4775,Brazilian Naturals
Philippines,2007,74.4775,Robustas
Sierra Leone,2007,,Robustas
Sri Lanka,2007,,Other Milds
Sri Lanka,2007,,Robustas
Tanzania,2007,21.3788,Colombian Milds
Tanzania,2007,21.3788,Robustas
Thailand,2007,64.6742,Brazilian Naturals
Thailand,2007,64.6742,Robustas
Togo,2007,56.7223,Robustas
Trinidad & Tobago,2007,,Robustas
Uganda,2007,55.8766,Other Milds
Uganda,2007,55.8766,Robustas
Vietnam,2007,71.1417,Brazilian Naturals
Vietnam,2007,71.1417,Robustas
© International Coffee Organization,2007,,
Colombia,2008,114.2209,Colombian Milds
Kenya,2008,,Colombian Milds
Tanzania,2008,63.3829,Colombian Milds
Tanzania,2008,63.3829,Robustas
Bolivia,2008,,Other Milds
Burundi,2008,86.1923,Other Milds
Burundi,2008,86.1923,Robustas
Cameroon,2008,79.1296,Other Milds
Cameroon,2008,79.1296,Robustas
"Congo, Dem. Rep. of",2008,,Other Milds
"Congo, Dem. Rep. of",2008,,Robustas
Costa Rica,2008,106.1749,Other Milds
Cuba,2008,70.7141,Other Milds
Dominican Republic,2008,101.4508,Other Milds
Ecuador,2008,145.036,Other Milds
Ecuador,2008,145.036,Robustas
El Salvador,2008,86.0511,Other Milds
Guatemala,2008,111.0286,Other Milds
Haiti,2008,,Other Milds
Honduras,2008,90.5567,Other Milds
India,2008,121.6958,Other Milds
India,2008,121.6958,Robustas
Jamaica,2008,348.4808,Other Milds
Madagascar,2008,,Other Milds
Madagascar,2008,,Robustas
Malawi,2008,76.2341,Other Milds
Mexico,2008,106.0489,Other Milds
Nicaragua,2008,71.0228,Other Milds
Panama,2008,,Other Milds
Papua New Guinea,2008,111.7771,Other Milds
Papua New Guinea,2008,111.7771,Robustas
Peru,2008,,Other Milds
Rwanda,2008,,Other Milds
Sri Lanka,2008,,Other Milds
Sri Lanka,2008,,Robustas
Uganda,2008,73.3181,Other Milds
Uganda,2008,73.3181,Robustas
"Venezuela, Bol. Rep. of",2008,,Other Milds
Zambia,2008,126.7021,Other Milds
Zimbabwe ,2008,,Other Milds
Angola,2008,,Brazilian Naturals
Angola,2008,,Robustas
Brazil,2008,109.2581,Brazilian Naturals
Brazil,2008,109.2581,Robustas
Ethiopia,2008,71.7101,Brazilian Naturals
Indonesia,2008,,Brazilian Naturals
Indonesia,2008,,Robustas
Philippines,2008,95.5242,Brazilian Naturals
Philippines,2008,95.5242,Robustas
Thailand,2008,,Brazilian Naturals
Thailand,2008,,Robustas
Vietnam,2008,,Brazilian Naturals
Vietnam,2008,,Robustas
Angola,2008,42.3165,Brazilian Naturals
Angola,2008,42.3165,Robustas
Benin,2008,,Robustas
Brazil,2008,91.5772,Brazilian Naturals
Brazil,2008,91.5772,Robustas
Burundi,2008,,Other Milds
Burundi,2008,,Robustas
Cameroon,2008,52.5448,Other Milds
Cameroon,2008,52.5448,Robustas
Central African Republic,2008,45.6902,Robustas
"Congo, Dem. Rep. of",2008,,Other Milds
"Congo, Dem. Rep. of",2008,,Robustas
"Congo, Rep. of",2008,,Robustas
Côte d'Ivoire,2008,51.8569,Robustas
Ecuador,2008,79.2587,Other Milds
Ecuador,2008,79.2587,Robustas
Gabon,2008,,Robustas
Ghana,2008,,Robustas
Guinea,2008,,Robustas
India,2008,96.1168,Other Milds
India,2008,96.1168,Robustas
Indonesia,2008,,Brazilian Naturals
Indonesia,2008,,Robustas
Liberia,2008,,Robustas
Madagascar,2008,,Other Milds
Madagascar,2008,,Robustas
Nigeria,2008,,Robustas
Papua New Guinea,2008,34.8969,Other Milds
Papua New Guinea,2008,34.8969,Robustas
Philippines,2008,88.332,Brazilian Naturals
Philippines,2008,88.332,Robustas
Sierra Leone,2008,,Robustas
Sri Lanka,2008,,Other Milds
Sri Lanka,2008,,Robustas
Tanzania,2008,35.3223,Colombian Milds
Tanzania,2008,35.3223,Robustas
Thailand,2008,83.75,Brazilian Naturals
Thailand,2008,83.75,Robustas
Togo,2008,76.9358,Robustas
Trinidad & Tobago,2008,,Robustas
Uganda,2008,71.0945,Other Milds
Uganda,2008,71.0945,Robustas
Vietnam,2008,89.1498,Brazilian Naturals
Vietnam,2008,89.1498,Robustas
© International Coffee Organization,2008,,
Colombia,2009,138.9551,Colombian Milds
Kenya,2009,,Colombian Milds
Tanzania,2009,,Colombian Milds
Tanzania,2009,,Robustas
Bolivia,2009,,Other Milds
Burundi,2009,85.6816,Other Milds
Burundi,2009,85.6816,Robustas
Cameroon,2009,66.0498,Other Milds
Cameroon,2009,66.0498,Robustas
"Congo, Dem. Rep. of",2009,,Other Milds
"Congo, Dem. Rep. of",2009,,Robustas
Costa Rica,2009,106.8847,Other Milds
Cuba,2009,70.7141,Other Milds
Dominican Republic,2009,106.0351,Other Milds
Ecuador,2009,147.0903,Other Milds
Ecuador,2009,147.0903,Robustas
El Salvador,2009,79.1937,Other Milds
Guatemala,2009,109.643,Other Milds
Haiti,2009,,Other Milds
Honduras,2009,83.7151,Other Milds
India,2009,136.8872,Other Milds
India,2009,136.8872,Robustas
Jamaica,2009,295.9686,Other Milds
Madagascar,2009,,Other Milds
Madagascar,2009,,Robustas
Malawi,2009,91.3144,Other Milds
Mexico,2009,,Other Milds
Nicaragua,2009,71.0177,Other Milds
Panama,2009,,Other Milds
Papua New Guinea,2009,72.7461,Other Milds
Papua New Guinea,2009,72.7461,Robustas
Peru,2009,,Other Milds
Rwanda,2009,,Other Milds
Sri Lanka,2009,,Other Milds
Sri Lanka,2009,,Robustas
Uganda,2009,60.5449,Other Milds
Uganda,2009,60.5449,Robustas
"Venezuela, Bol. Rep. of",2009,,Other Milds
Zambia,2009,116.5411,Other Milds
Zimbabwe ,2009,,Other Milds
Angola,2009,,Brazilian Naturals
Angola,2009,,Robustas
Brazil,2009,100.7993,Brazilian Naturals
Brazil,2009,100.7993,Robustas
Ethiopia,2009,77.0621,Brazilian Naturals
Indonesia,2009,,Brazilian Naturals
Indonesia,2009,,Robustas
Philippines,2009,,Brazilian Naturals
Philippines,2009,,Robustas
Thailand,2009,,Brazilian Naturals
Thailand,2009,,Robustas
Vietnam,2009,,Brazilian Naturals
Vietnam,2009,,Robustas
Angola,2009,40.1402,Brazilian Naturals
Angola,2009,40.1402,Robustas
Benin,2009,,Robustas
Brazil,2009,73.4234,Brazilian Naturals
Brazil,2009,73.4234,Robustas
Burundi,2009,,Other Milds
Burundi,2009,,Robustas
Cameroon,2009,37.7428,Other Milds
Cameroon,2009,37.7428,Robustas
Central African Republic,2009,43.5931,Robustas
"Congo, Dem. Rep. of",2009,,Other Milds
"Congo, Dem. Rep. of",2009,,Robustas
"Congo, Rep. of",2009,,Robustas
Côte d'Ivoire,2009,37.5209,Robustas
Ecuador,2009,77.9858,Other Milds
Ecuador,2009,77.9858,Robustas
Gabon,2009,91.9579,Robustas
Ghana,2009,,Robustas
Guinea,2009,,Robustas
India,2009,73.1278,Other Milds
India,2009,73.1278,Robustas
Indonesia,2009,,Brazilian Naturals
Indonesia,2009,,Robustas
Liberia,2009,,Robustas
Madagascar,2009,,Other Milds
Madagascar,2009,,Robustas
Nigeria,2009,,Robustas
Papua New Guinea,2009,27.5747,Other Milds
Papua New Guinea,2009,27.5747,Robustas
Philippines,2009,69.3786,Brazilian Naturals
Philippines,2009,69.3786,Robustas
Sierra Leone,2009,,Robustas
Sri Lanka,2009,,Other Milds
Sri Lanka,2009,,Robustas
Tanzania,2009,,Colombian Milds
Tanzania,2009,,Robustas
Thailand,2009,90.4789,Brazilian Naturals
Thailand,2009,90.4789,Robustas
Togo,2009,44.7102,Robustas
Trinidad & Tobago,2009,,Robustas
Uganda,2009,49.0312,Other Milds
Uganda,2009,49.0312,Robustas
Vietnam,2009,65.5202,Brazilian Naturals
Vietnam,2009,65.5202,Robustas
© International Coffee Organization,2009,,
Colombia,2010,180.5484,Colombian Milds
Kenya,2010,,Colombian Milds
Tanzania,2010,,Colombian Milds
Tanzania,2010,,Robustas
Bolivia,2010,,Other Milds
Burundi,2010,85.6928,Other Milds
Burundi,2010,85.6928,Robustas
Cameroon,2010,,Other Milds
Cameroon,2010,,Robustas
"Congo, Dem. Rep. of",2010,,Other Milds
"Congo, Dem. Rep. of",2010,,Robustas
Costa Rica,2010,139.8577,Other Milds
Cuba,2010,70.7141,Other Milds
Dominican Republic,2010,139.1288,Other Milds
Ecuador,2010,161.8815,Other Milds
Ecuador,2010,161.8815,Robustas
El Salvador,2010,109.8806,Other Milds
Guatemala,2010,144.7711,Other Milds
Haiti,2010,,Other Milds
Honduras,2010,125.1588,Other Milds
India,2010,151.0778,Other Milds
India,2010,151.0778,Robustas
Jamaica,2010,286.8197,Other Milds
Madagascar,2010,,Other Milds
Madagascar,2010,,Robustas
Malawi,2010,96.3484,Other Milds
Mexico,2010,,Other Milds
Nicaragua,2010,78.5382,Other Milds
Panama,2010,,Other Milds
Papua New Guinea,2010,94.8925,Other Milds
Papua New Guinea,2010,94.8925,Robustas
Peru,2010,,Other Milds
Rwanda,2010,,Other Milds
Sri Lanka,2010,,Other Milds
Sri Lanka,2010,,Robustas
Uganda,2010,87.2302,Other Milds
Uganda,2010,87.2302,Robustas
"Venezuela, Bol. Rep. of",2010,,Other Milds
Zambia,2010,120.1508,Other Milds
Zimbabwe ,2010,,Other Milds
Angola,2010,,Brazilian Naturals
Angola,2010,,Robustas
Brazil,2010,133.9954,Brazilian Naturals
Brazil,2010,133.9954,Robustas
Ethiopia,2010,85.4598,Brazilian Naturals
Indonesia,2010,,Brazilian Naturals
Indonesia,2010,,Robustas
Philippines,2010,,Brazilian Naturals
Philippines,2010,,Robustas
Thailand,2010,,Brazilian Naturals
Thailand,2010,,Robustas
Vietnam,2010,,Brazilian Naturals
Vietnam,2010,,Robustas
Angola,2010,44.3889,Brazilian Naturals
Angola,2010,44.3889,Robustas
Benin,2010,,Robustas
Brazil,2010,74.2175,Brazilian Naturals
Brazil,2010,74.2175,Robustas
Burundi,2010,,Other Milds
Burundi,2010,,Robustas
Cameroon,2010,,Other Milds
Cameroon,2010,,Robustas
Central African Republic,2010,51.3974,Robustas
"Congo, Dem. Rep. of",2010,,Other Milds
"Congo, Dem. Rep. of",2010,,Robustas
"Congo, Rep. of",2010,,Robustas
Côte d'Ivoire,2010,22.4929,Robustas
Ecuador,2010,80.548,Other Milds
Ecuador,2010,80.548,Robustas
Gabon,2010,82.5789,Robustas
Ghana,2010,,Robustas
Guinea,2010,,Robustas
India,2010,77.9592,Other Milds
India,2010,77.9592,Robustas
Indonesia,2010,,Brazilian Naturals
Indonesia,2010,,Robustas
Liberia,2010,,Robustas
Madagascar,2010,,Other Milds
Madagascar,2010,,Robustas
Nigeria,2010,,Robustas
Papua New Guinea,2010,29.4453,Other Milds
Papua New Guinea,2010,29.4453,Robustas
Philippines,2010,65.8679,Brazilian Naturals
Philippines,2010,65.8679,Robustas
Sierra Leone,2010,,Robustas
Sri Lanka,2010,,Other Milds
Sri Lanka,2010,,Robustas
Tanzania,2010,,Colombian Milds
Tanzania,2010,,Robustas
Thailand,2010,84.5002,Brazilian Naturals
Thailand,2010,84.5002,Robustas
Togo,2010,42.355,Robustas
Trinidad & Tobago,2010,,Robustas
Uganda,2010,55.611,Other Milds
Uganda,2010,55.611,Robustas
Vietnam,2010,67.1829,Brazilian Naturals
Vietnam,2010,67.1829,Robustas
© International Coffee Organization,2010,,
Colombia,2011,239.6763,Colombian Milds
Kenya,2011,,Colombian Milds
Tanzania,2011,,Colombian Milds
Tanzania,2011,,Robustas
Bolivia,2011,,Other Milds
Burundi,2011,,Other Milds
Burundi,2011,,Robustas
Cameroon,2011,,Other Milds
Cameroon,2011,,Robustas
"Congo, Dem. Rep. of",2011,,Other Milds
"Congo, Dem. Rep. of",2011,,Robustas
Costa Rica,2011,180.2225,Other Milds
Cuba,2011,70.7141,Other Milds
Dominican Republic,2011,191.0669,Other Milds
Ecuador,2011,227.2094,Other Milds
Ecuador,2011,227.2094,Robustas
El Salvador,2011,186.7382,Other Milds
Guatemala,2011,212.4147,Other Milds
Haiti,2011,,Other Milds
Honduras,2011,200.019,Other Milds
India,2011,228.4583,Other Milds
India,2011,228.4583,Robustas
Jamaica,2011,302.6948,Other Milds
Madagascar,2011,,Other Milds
Madagascar,2011,,Robustas
Malawi,2011,,Other Milds
Mexico,2011,,Other Milds
Nicaragua,2011,91.0278,Other Milds
Panama,2011,,Other Milds
Papua New Guinea,2011,141.2352,Other Milds
Papua New Guinea,2011,141.2352,Robustas
Peru,2011,,Other Milds
Rwanda,2011,,Other Milds
Sri Lanka,2011,,Other Milds
Sri Lanka,2011,,Robustas
Uganda,2011,147.0267,Other Milds
Uganda,2011,147.0267,Robustas
"Venezuela, Bol. Rep. of",2011,,Other Milds
Zambia,2011,84.7926,Other Milds
Zimbabwe ,2011,,Other Milds
Angola,2011,,Brazilian Naturals
Angola,2011,,Robustas
Brazil,2011,224.26,Brazilian Naturals
Brazil,2011,224.26,Robustas
Ethiopia,2011,145.4623,Brazilian Naturals
Indonesia,2011,,Brazilian Naturals
Indonesia,2011,,Robustas
Philippines,2011,,Brazilian Naturals
Philippines,2011,,Robustas
Thailand,2011,,Brazilian Naturals
Thailand,2011,,Robustas
Vietnam,2011,,Brazilian Naturals
Vietnam,2011,,Robustas
Angola,2011,48.2936,Brazilian Naturals
Angola,2011,48.2936,Robustas
Benin,2011,,Robustas
Brazil,2011,105.2938,Brazilian Naturals
Brazil,2011,105.2938,Robustas
Burundi,2011,,Other Milds
Burundi,2011,,Robustas
Cameroon,2011,,Other Milds
Cameroon,2011,,Robustas
Central African Republic,2011,72.7194,Robustas
"Congo, Dem. Rep. of",2011,,Other Milds
"Congo, Dem. Rep. of",2011,,Robustas
"Congo, Rep. of",2011,,Robustas
Côte d'Ivoire,2011,28.4045,Robustas
Ecuador,2011,95.2595,Other Milds
Ecuador,2011,95.2595,Robustas
Gabon,2011,88.9243,Robustas
Ghana,2011,18.4346,Robustas
Guinea,2011,,Robustas
India,2011,109.6024,Other Milds
India,2011,109.6024,Robustas
Indonesia,2011,,Brazilian Naturals
Indonesia,2011,,Robustas
Liberia,2011,,Robustas
Madagascar,2011,,Other Milds
Madagascar,2011,,Robustas
Nigeria,2011,,Robustas
Papua New Guinea,2011,37.6759,Other Milds
Papua New Guinea,2011,37.6759,Robustas
Philippines,2011,108.3772,Brazilian Naturals
Philippines,2011,108.3772,Robustas
Sierra Leone,2011,18.828,Robustas
Sri Lanka,2011,,Other Milds
Sri Lanka,2011,,Robustas
Tanzania,2011,,Colombian Milds
Tanzania,2011,,Robustas
Thailand,2011,107.6442,Brazilian Naturals
Thailand,2011,107.6442,Robustas
Togo,2011,74.143,Robustas
Trinidad & Tobago,2011,,Robustas
Uganda,2011,73.5356,Other Milds
Uganda,2011,73.5356,Robustas
Vietnam,2011,98.5716,Brazilian Naturals
Vietnam,2011,98.5716,Robustas
© International Coffee Organization,2011,,
Colombia,2012,166.6921,Colombian Milds
Kenya,2012,,Colombian Milds
Tanzania,2012,,Colombian Milds
Tanzania,2012,,Robustas
Bolivia,2012,225.6445,Other Milds
Burundi,2012,,Other Milds
Burundi,2012,,Robustas
Cameroon,2012,,Other Milds
Cameroon,2012,,Robustas
"Congo, Dem. Rep. of",2012,,Other Milds
"Congo, Dem. Rep. of",2012,,Robustas
Costa Rica,2012,160.7291,Other Milds
Cuba,2012,70.7141,Other Milds
Dominican Republic,2012,147.8066,Other Milds
Ecuador,2012,183.904,Other Milds
Ecuador,2012,183.904,Robustas
El Salvador,2012,120.1201,Other Milds
Guatemala,2012,165.9795,Other Milds
Haiti,2012,,Other Milds
Honduras,2012,141.1476,Other Milds
India,2012,161.9762,Other Milds
India,2012,161.9762,Robustas
Jamaica,2012,301.4442,Other Milds
Madagascar,2012,,Other Milds
Madagascar,2012,,Robustas
Malawi,2012,,Other Milds
Mexico,2012,,Other Milds
Nicaragua,2012,60.8432,Other Milds
Panama,2012,,Other Milds
Papua New Guinea,2012,98.8167,Other Milds
Papua New Guinea,2012,98.8167,Robustas
Peru,2012,,Other Milds
Rwanda,2012,,Other Milds
Sri Lanka,2012,,Other Milds
Sri Lanka,2012,,Robustas
Uganda,2012,93.6822,Other Milds
Uganda,2012,93.6822,Robustas
"Venezuela, Bol. Rep. of",2012,,Other Milds
Zambia,2012,,Other Milds
Zimbabwe ,2012,,Other Milds
Angola,2012,57.0161,Brazilian Naturals
Angola,2012,57.0161,Robustas
Brazil,2012,152.2879,Brazilian Naturals
Brazil,2012,152.2879,Robustas
Ethiopia,2012,102.7897,Brazilian Naturals
Indonesia,2012,,Brazilian Naturals
Indonesia,2012,,Robustas
Philippines,2012,262.0105,Brazilian Naturals
Philippines,2012,262.0105,Robustas
Thailand,2012,,Brazilian Naturals
Thailand,2012,,Robustas
Vietnam,2012,84.4656,Brazilian Naturals
Vietnam,2012,84.4656,Robustas
Angola,2012,47.5127,Brazilian Naturals
Angola,2012,47.5127,Robustas
Benin,2012,,Robustas
Brazil,2012,104.4046,Brazilian Naturals
Brazil,2012,104.4046,Robustas
Burundi,2012,,Other Milds
Burundi,2012,,Robustas
Cameroon,2012,,Other Milds
Cameroon,2012,,Robustas
Central African Republic,2012,68.7288,Robustas
"Congo, Dem. Rep. of",2012,,Other Milds
"Congo, Dem. Rep. of",2012,,Robustas
"Congo, Rep. of",2012,,Robustas
Côte d'Ivoire,2012,46.294,Robustas
Ecuador,2012,95.1173,Other Milds
Ecuador,2012,95.1173,Robustas
Gabon,2012,88.8971,Robustas
Ghana,2012,17.7237,Robustas
Guinea,2012,,Robustas
India,2012,104.6512,Other Milds
India,2012,104.6512,Robustas
Indonesia,2012,,Brazilian Naturals
Indonesia,2012,,Robustas
Liberia,2012,,Robustas
Madagascar,2012,,Other Milds
Madagascar,2012,,Robustas
Nigeria,2012,,Robustas
Papua New Guinea,2012,37.2408,Other Milds
Papua New Guinea,2012,37.2408,Robustas
Philippines,2012,96.3769,Brazilian Naturals
Philippines,2012,96.3769,Robustas
Sierra Leone,2012,31.8686,Robustas
Sri Lanka,2012,,Other Milds
Sri Lanka,2012,,Robustas
Tanzania,2012,,Colombian Milds
Tanzania,2012,,Robustas
Thailand,2012,103.0864,Brazilian Naturals
Thailand,2012,103.0864,Robustas
Togo,2012,68.4979,Robustas
Trinidad & Tobago,2012,,Robustas
Uganda,2012,71.8047,Other Milds
Uganda,2012,71.8047,Robustas
Vietnam,2012,87.965,Brazilian Naturals
Vietnam,2012,87.965,Robustas
© International Coffee Organization,2012,,
Colombia,2013,113.9086,Colombian Milds
Kenya,2013,,Colombian Milds
Tanzania,2013,,Colombian Milds
Tanzania,2013,,Robustas
Bolivia,2013,201.9723,Other Milds
Burundi,2013,,Other Milds
Burundi,2013,,Robustas
Cameroon,2013,82.8733,Other Milds
Cameroon,2013,82.8733,Robustas
"Congo, Dem. Rep. of",2013,,Other Milds
"Congo, Dem. Rep. of",2013,,Robustas
Costa Rica,2013,124.6527,Other Milds
Cuba,2013,221.9638,Other Milds
Dominican Republic,2013,140.9774,Other Milds
Ecuador,2013,122.2432,Other Milds
Ecuador,2013,122.2432,Robustas
El Salvador,2013,95.2784,Other Milds
Guatemala,2013,127.0596,Other Milds
Haiti,2013,,Other Milds
Honduras,2013,101.7963,Other Milds
India,2013,117.0557,Other Milds
India,2013,117.0557,Robustas
Jamaica,2013,,Other Milds
Madagascar,2013,,Other Milds
Madagascar,2013,,Robustas
Malawi,2013,,Other Milds
Mexico,2013,,Other Milds
Nicaragua,2013,39.5233,Other Milds
Panama,2013,,Other Milds
Papua New Guinea,2013,61.9869,Other Milds
Papua New Guinea,2013,61.9869,Robustas
Peru,2013,,Other Milds
Rwanda,2013,,Other Milds
Sri Lanka,2013,,Other Milds
Sri Lanka,2013,,Robustas
Uganda,2013,70.0295,Other Milds
Uganda,2013,70.0295,Robustas
"Venezuela, Bol. Rep. of",2013,,Other Milds
Zambia,2013,,Other Milds
Zimbabwe ,2013,,Other Milds
Angola,2013,37.6447,Brazilian Naturals
Angola,2013,37.6447,Robustas
Brazil,2013,102.1379,Brazilian Naturals
Brazil,2013,102.1379,Robustas
Ethiopia,2013,73.3004,Brazilian Naturals
Indonesia,2013,,Brazilian Naturals
Indonesia,2013,,Robustas
Philippines,2013,,Brazilian Naturals
Philippines,2013,,Robustas
Thailand,2013,203.4373,Brazilian Naturals
Thailand,2013,203.4373,Robustas
Vietnam,2013,,Brazilian Naturals
Vietnam,2013,,Robustas
Angola,2013,31.3706,Brazilian Naturals
Angola,2013,31.3706,Robustas
Benin,2013,,Robustas
Brazil,2013,85.2862,Brazilian Naturals
Brazil,2013,85.2862,Robustas
Burundi,2013,,Other Milds
Burundi,2013,,Robustas
Cameroon,2013,66.4339,Other Milds
Cameroon,2013,66.4339,Robustas
Central African Republic,2013,,Robustas
"Congo, Dem. Rep. of",2013,,Other Milds
"Congo, Dem. Rep. of",2013,,Robustas
"Congo, Rep. of",2013,,Robustas
Côte d'Ivoire,2013,56.9418,Robustas
Ecuador,2013,76.3991,Other Milds
Ecuador,2013,76.3991,Robustas
Gabon,2013,91.8416,Robustas
Ghana,2013,21.3551,Robustas
Guinea,2013,,Robustas
India,2013,94.8753,Other Milds
India,2013,94.8753,Robustas
Indonesia,2013,,Brazilian Naturals
Indonesia,2013,,Robustas
Liberia,2013,,Robustas
Madagascar,2013,,Other Milds
Madagascar,2013,,Robustas
Nigeria,2013,,Robustas
Papua New Guinea,2013,24.0369,Other Milds
Papua New Guinea,2013,24.0369,Robustas
Philippines,2013,90.1654,Brazilian Naturals
Philippines,2013,90.1654,Robustas
Sierra Leone,2013,,Robustas
Sri Lanka,2013,,Other Milds
Sri Lanka,2013,,Robustas
Tanzania,2013,,Colombian Milds
Tanzania,2013,,Robustas
Thailand,2013,103.7722,Brazilian Naturals
Thailand,2013,103.7722,Robustas
Togo,2013,66.5629,Robustas
Trinidad & Tobago,2013,,Robustas
Uganda,2013,67.7053,Other Milds
Uganda,2013,67.7053,Robustas
Vietnam,2013,90.2336,Brazilian Naturals
Vietnam,2013,90.2336,Robustas
© International Coffee Organization,2013,,
Colombia,2014,159.7125,Colombian Milds
Kenya,2014,,Colombian Milds
Tanzania,2014,,Colombian Milds
Tanzania,2014,,Robustas
Bolivia,2014,239.2465,Other Milds
Burundi,2014,,Other Milds
Burundi,2014,,Robustas
Cameroon,2014,,Other Milds
Cameroon,2014,,Robustas
"Congo, Dem. Rep. of",2014,,Other Milds
"Congo, Dem. Rep. of",2014,,Robustas
Costa Rica,2014,130.7748,Other Milds
Cuba,2014,235.7138,Other Milds
Dominican Republic,2014,183.531,Other Milds
Ecuador,2014,100.4471,Other Milds
Ecuador,2014,100.4471,Robustas
El Salvador,2014,117.0067,Other Milds
Guatemala,2014,152.8336,Other Milds
Haiti,2014,,Other Milds
Honduras,2014,118.9403,Other Milds
India,2014,175.6491,Other Milds
India,2014,175.6491,Robustas
Jamaica,2014,,Other Milds
Madagascar,2014,,Other Milds
Madagascar,2014,,Robustas
Malawi,2014,,Other Milds
Mexico,2014,,Other Milds
Nicaragua,2014,71.8509,Other Milds
Panama,2014,,Other Milds
Papua New Guinea,2014,86.306,Other Milds
Papua New Guinea,2014,86.306,Robustas
Peru,2014,,Other Milds
Rwanda,2014,,Other Milds
Sri Lanka,2014,,Other Milds
Sri Lanka,2014,,Robustas
Uganda,2014,103.7028,Other Milds
Uganda,2014,103.7028,Robustas
"Venezuela, Bol. Rep. of",2014,,Other Milds
Zambia,2014,,Other Milds
Zimbabwe ,2014,,Other Milds
Angola,2014,54.6078,Brazilian Naturals
Angola,2014,54.6078,Robustas
Brazil,2014,134.6969,Brazilian Naturals
Brazil,2014,134.6969,Robustas
Ethiopia,2014,83.2356,Brazilian Naturals
Indonesia,2014,,Brazilian Naturals
Indonesia,2014,,Robustas
Philippines,2014,,Brazilian Naturals
Philippines,2014,,Robustas
Thailand,2014,113.3269,Brazilian Naturals
Thailand,2014,113.3269,Robustas
Vietnam,2014,,Brazilian Naturals
Vietnam,2014,,Robustas
Angola,2014,46.152,Brazilian Naturals
Angola,2014,46.152,Robustas
Benin,2014,,Robustas
Brazil,2014,81.1637,Brazilian Naturals
Brazil,2014,81.1637,Robustas
Burundi,2014,,Other Milds
Burundi,2014,,Robustas
Cameroon,2014,,Other Milds
Cameroon,2014,,Robustas
Central African Republic,2014,,Robustas
"Congo, Dem. Rep. of",2014,,Other Milds
"Congo, Dem. Rep. of",2014,,Robustas
"Congo, Rep. of",2014,,Robustas
Côte d'Ivoire,2014,56.9712,Robustas
Ecuador,2014,46.469,Other Milds
Ecuador,2014,46.469,Robustas
Gabon,2014,91.889,Robustas
Ghana,2014,15.9379,Robustas
Guinea,2014,,Robustas
India,2014,104.634,Other Milds
India,2014,104.634,Robustas
Indonesia,2014,,Brazilian Naturals
Indonesia,2014,,Robustas
Liberia,2014,,Robustas
Madagascar,2014,,Other Milds
Madagascar,2014,,Robustas
Nigeria,2014,,Robustas
Papua New Guinea,2014,22.631,Other Milds
Papua New Guinea,2014,22.631,Robustas
Philippines,2014,,Brazilian Naturals
Philippines,2014,,Robustas
Sierra Leone,2014,,Robustas
Sri Lanka,2014,,Other Milds
Sri Lanka,2014,,Robustas
Tanzania,2014,,Colombian Milds
Tanzania,2014,,Robustas
Thailand,2014,92.043,Brazilian Naturals
Thailand,2014,92.043,Robustas
Togo,2014,59.8826,Robustas
Trinidad & Tobago,2014,,Robustas
Uganda,2014,70.1796,Other Milds
Uganda,2014,70.1796,Robustas
Vietnam,2014,,Brazilian Naturals
Vietnam,2014,,Robustas
© International Coffee Organization,2014,,
Colombia,2015,119.4042,Colombian Milds
Kenya,2015,,Colombian Milds
Tanzania,2015,,Colombian Milds
Tanzania,2015,,Robustas
Bolivia,2015,234.7937,Other Milds
Burundi,2015,,Other Milds
Burundi,2015,,Robustas
Cameroon,2015,,Other Milds
Cameroon,2015,,Robustas
"Congo, Dem. Rep. of",2015,,Other Milds
"Congo, Dem. Rep. of",2015,,Robustas
Costa Rica,2015,145.8383,Other Milds
Cuba,2015,235.7138,Other Milds
Dominican Republic,2015,170.9835,Other Milds
Ecuador,2015,,Other Milds
Ecuador,2015,,Robustas
El Salvador,2015,87.4489,Other Milds
Guatemala,2015,139.2173,Other Milds
Haiti,2015,,Other Milds
Honduras,2015,110.9653,Other Milds
India,2015,157.0967,Other Milds
India,2015,157.0967,Robustas
Jamaica,2015,,Other Milds
Madagascar,2015,,Other Milds
Madagascar,2015,,Robustas
Malawi,2015,,Other Milds
Mexico,2015,,Other Milds
Nicaragua,2015,,Other Milds
Panama,2015,,Other Milds
Papua New Guinea,2015,66.5234,Other Milds
Papua New Guinea,2015,66.5234,Robustas
Peru,2015,,Other Milds
Rwanda,2015,,Other Milds
Sri Lanka,2015,,Other Milds
Sri Lanka,2015,,Robustas
Uganda,2015,81.2701,Other Milds
Uganda,2015,81.2701,Robustas
"Venezuela, Bol. Rep. of",2015,,Other Milds
Zambia,2015,,Other Milds
Zimbabwe ,2015,,Other Milds
Angola,2015,45.812,Brazilian Naturals
Angola,2015,45.812,Robustas
Brazil,2015,104.4866,Brazilian Naturals
Brazil,2015,104.4866,Robustas
Ethiopia,2015,76.0297,Brazilian Naturals
Indonesia,2015,,Brazilian Naturals
Indonesia,2015,,Robustas
Philippines,2015,,Brazilian Naturals
Philippines,2015,,Robustas
Thailand,2015,124.5841,Brazilian Naturals
Thailand,2015,124.5841,Robustas
Vietnam,2015,,Brazilian Naturals
Vietnam,2015,,Robustas
Angola,2015,38.1767,Brazilian Naturals
Angola,2015,38.1767,Robustas
Benin,2015,,Robustas
Brazil,2015,73.5269,Brazilian Naturals
Brazil,2015,73.5269,Robustas
Burundi,2015,,Other Milds
Burundi,2015,,Robustas
Cameroon,2015,,Other Milds
Cameroon,2015,,Robustas
Central African Republic,2015,40.0288,Robustas
"Congo, Dem. Rep. of",2015,,Other Milds
"Congo, Dem. Rep. of",2015,,Robustas
"Congo, Rep. of",2015,,Robustas
Côte d'Ivoire,2015,49.8747,Robustas
Ecuador,2015,,Other Milds
Ecuador,2015,,Robustas
Gabon,2015,77.0689,Robustas
Ghana,2015,24.1176,Robustas
Guinea,2015,,Robustas
India,2015,87.9485,Other Milds
India,2015,87.9485,Robustas
Indonesia,2015,,Brazilian Naturals
Indonesia,2015,,Robustas
Liberia,2015,,Robustas
Madagascar,2015,,Other Milds
Madagascar,2015,,Robustas
Nigeria,2015,,Robustas
Papua New Guinea,2015,25.0961,Other Milds
Papua New Guinea,2015,25.0961,Robustas
Philippines,2015,,Brazilian Naturals
Philippines,2015,,Robustas
Sierra Leone,2015,,Robustas
Sri Lanka,2015,,Other Milds
Sri Lanka,2015,,Robustas
Tanzania,2015,,Colombian Milds
Tanzania,2015,,Robustas
Thailand,2015,96.5325,Brazilian Naturals
Thailand,2015,96.5325,Robustas
Togo,2015,59.5525,Robustas
Trinidad & Tobago,2015,,Robustas
Uganda,2015,60.2159,Other Milds
Uganda,2015,60.2159,Robustas
Vietnam,2015,,Brazilian Naturals
Vietnam,2015,,Robustas
© International Coffee Organization,2015,,
Colombia,2016,123.5571,Colombian Milds
Kenya,2016,,Colombian Milds
Tanzania,2016,,Colombian Milds
Tanzania,2016,,Robustas
Bolivia,2016,271.7944,Other Milds
Burundi,2016,,Other Milds
Burundi,2016,,Robustas
Cameroon,2016,,Other Milds
Cameroon,2016,,Robustas
"Congo, Dem. Rep. of",2016,,Other Milds
"Congo, Dem. Rep. of",2016,,Robustas
Costa Rica,2016,129.1077,Other Milds
Cuba,2016,235.7138,Other Milds
Dominican Republic,2016,177.1327,Other Milds
Ecuador,2016,,Other Milds
Ecuador,2016,,Robustas
El Salvador,2016,89.5328,Other Milds
Guatemala,2016,135.4663,Other Milds
Haiti,2016,,Other Milds
Honduras,2016,93.168,Other Milds
India,2016,132.2062,Other Milds
India,2016,132.2062,Robustas
Jamaica,2016,,Other Milds
Madagascar,2016,,Other Milds
Madagascar,2016,,Robustas
Malawi,2016,,Other Milds
Mexico,2016,,Other Milds
Nicaragua,2016,,Other Milds
Panama,2016,,Other Milds
Papua New Guinea,2016,57.5014,Other Milds
Papua New Guinea,2016,57.5014,Robustas
Peru,2016,,Other Milds
Rwanda,2016,,Other Milds
Sri Lanka,2016,,Other Milds
Sri Lanka,2016,,Robustas
Uganda,2016,71.0947,Other Milds
Uganda,2016,71.0947,Robustas
"Venezuela, Bol. Rep. of",2016,,Other Milds
Zambia,2016,,Other Milds
Zimbabwe ,2016,,Other Milds
Angola,2016,100.4557,Brazilian Naturals
Angola,2016,100.4557,Robustas
Brazil,2016,107.8289,Brazilian Naturals
Brazil,2016,107.8289,Robustas
Ethiopia,2016,87.3074,Brazilian Naturals
Indonesia,2016,,Brazilian Naturals
Indonesia,2016,,Robustas
Philippines,2016,,Brazilian Naturals
Philippines,2016,,Robustas
Thailand,2016,,Brazilian Naturals
Thailand,2016,,Robustas
Vietnam,2016,,Brazilian Naturals
Vietnam,2016,,Robustas
Angola,2016,78.3331,Brazilian Naturals
Angola,2016,78.3331,Robustas
Benin,2016,,Robustas
Brazil,2016,92.7763,Brazilian Naturals
Brazil,2016,92.7763,Robustas
Burundi,2016,,Other Milds
Burundi,2016,,Robustas
Cameroon,2016,,Other Milds
Cameroon,2016,,Robustas
Central African Republic,2016,30.7434,Robustas
"Congo, Dem. Rep. of",2016,,Other Milds
"Congo, Dem. Rep. of",2016,,Robustas
"Congo, Rep. of",2016,,Robustas
Côte d'Ivoire,2016,52.7617,Robustas
Ecuador,2016,,Other Milds
Ecuador,2016,,Robustas
Gabon,2016,,Robustas
Ghana,2016,38.479,Robustas
Guinea,2016,,Robustas
India,2016,82.712,Other Milds
India,2016,82.712,Robustas
Indonesia,2016,,Brazilian Naturals
Indonesia,2016,,Robustas
Liberia,2016,,Robustas
Madagascar,2016,,Other Milds
Madagascar,2016,,Robustas
Nigeria,2016,,Robustas
Papua New Guinea,2016,21.5373,Other Milds
Papua New Guinea,2016,21.5373,Robustas
Philippines,2016,,Brazilian Naturals
Philippines,2016,,Robustas
Sierra Leone,2016,,Robustas
Sri Lanka,2016,,Other Milds
Sri Lanka,2016,,Robustas
Tanzania,2016,,Colombian Milds
Tanzania,2016,,Robustas
Thailand,2016,,Brazilian Naturals
Thailand,2016,,Robustas
Togo,2016,65.7322,Robustas
Trinidad & Tobago,2016,,Robustas
Uganda,2016,59.4124,Other Milds
Uganda,2016,59.4124,Robustas
Vietnam,2016,,Brazilian Naturals
Vietnam,2016,,Robustas
© International Coffee Organization,2016,,
Colombia,2017,125.7612,Colombian Milds
Kenya,2017,,Colombian Milds
Tanzania,2017,,Colombian Milds
Tanzania,2017,,Robustas
Bolivia,2017,471.6169,Other Milds
Burundi,2017,,Other Milds
Burundi,2017,,Robustas
Cameroon,2017,,Other Milds
Cameroon,2017,,Robustas
"Congo, Dem. Rep. of",2017,,Other Milds
"Congo, Dem. Rep. of",2017,,Robustas
Costa Rica,2017,138.0947,Other Milds
Cuba,2017,235.7138,Other Milds
Dominican Republic,2017,173.1937,Other Milds
Ecuador,2017,,Other Milds
Ecuador,2017,,Robustas
El Salvador,2017,87.6174,Other Milds
Guatemala,2017,134.1226,Other Milds
Haiti,2017,,Other Milds
Honduras,2017,90.7661,Other Milds
India,2017,135.7524,Other Milds
India,2017,135.7524,Robustas
Jamaica,2017,,Other Milds
Madagascar,2017,,Other Milds
Madagascar,2017,,Robustas
Malawi,2017,,Other Milds
Mexico,2017,,Other Milds
Nicaragua,2017,,Other Milds
Panama,2017,,Other Milds
Papua New Guinea,2017,,Other Milds
Papua New Guinea,2017,,Robustas
Peru,2017,,Other Milds
Rwanda,2017,,Other Milds
Sri Lanka,2017,,Other Milds
Sri Lanka,2017,,Robustas
Uganda,2017,76.9963,Other Milds
Uganda,2017,76.9963,Robustas
"Venezuela, Bol. Rep. of",2017,,Other Milds
Zambia,2017,,Other Milds
Zimbabwe ,2017,,Other Milds
Angola,2017,159.4754,Brazilian Naturals
Angola,2017,159.4754,Robustas
Brazil,2017,110.4742,Brazilian Naturals
Brazil,2017,110.4742,Robustas
Ethiopia,2017,84.3826,Brazilian Naturals
Indonesia,2017,,Brazilian Naturals
Indonesia,2017,,Robustas
Philippines,2017,,Brazilian Naturals
Philippines,2017,,Robustas
Thailand,2017,,Brazilian Naturals
Thailand,2017,,Robustas
Vietnam,2017,,Brazilian Naturals
Vietnam,2017,,Robustas
Angola,2017,132.1367,Brazilian Naturals
Angola,2017,132.1367,Robustas
Benin,2017,,Robustas
Brazil,2017,98.21,Brazilian Naturals
Brazil,2017,98.21,Robustas
Burundi,2017,,Other Milds
Burundi,2017,,Robustas
Cameroon,2017,,Other Milds
Cameroon,2017,,Robustas
Central African Republic,2017,,Robustas
"Congo, Dem. Rep. of",2017,,Other Milds
"Congo, Dem. Rep. of",2017,,Robustas
"Congo, Rep. of",2017,,Robustas
Côte d'Ivoire,2017,58.5604,Robustas
Ecuador,2017,,Other Milds
Ecuador,2017,,Robustas
Gabon,2017,,Robustas
Ghana,2017,40.8853,Robustas
Guinea,2017,,Robustas
India,2017,94.9679,Other Milds
India,2017,94.9679,Robustas
Indonesia,2017,,Brazilian Naturals
Indonesia,2017,,Robustas
Liberia,2017,,Robustas
Madagascar,2017,,Other Milds
Madagascar,2017,,Robustas
Nigeria,2017,,Robustas
Papua New Guinea,2017,,Other Milds
Papua New Guinea,2017,,Robustas
Philippines,2017,,Brazilian Naturals
Philippines,2017,,Robustas
Sierra Leone,2017,,Robustas
Sri Lanka,2017,,Other Milds
Sri Lanka,2017,,Robustas
Tanzania,2017,,Colombian Milds
Tanzania,2017,,Robustas
Thailand,2017,,Brazilian Naturals
Thailand,2017,,Robustas
Togo,2017,68.7301,Robustas
Trinidad & Tobago,2017,,Robustas
Uganda,2017,63.9549,Other Milds
Uganda,2017,63.9549,Robustas
Vietnam,2017,,Brazilian Naturals
Vietnam,2017,,Robustas
© International Coffee Organization,2017,,
