country_name,year,total_production,coffee_type,production_month
Angola,1990/91,50.345,(R/A),April
Bolivia,1990/91,122.777,(A),April
Brazil,1990/91,27285.6286,(A/R),April
Burundi,1990/91,487.393,(A),April
Ecuador,1990/91,1503.815,(A/R),April
Indonesia,1990/91,7441.383,(R/A),April
Madagascar,1990/91,982.447,(R),April
Malawi,1990/91,104.628,(A),April
Papua New Guinea,1990/91,962.841,(A/R),April
Paraguay,1990/91,130.627,(A),April
Peru,1990/91,936.632,(A),April
Rwanda,1990/91,534.875,(A),April
Timor-Leste,1990/91,,(A),April
Zimbabwe,1990/91,251.901,(A),April
"Congo, Rep. of",1990/91,2.924,(R),July
Cuba,1990/91,414.212,(A),July 
Dominican Republic,1990/91,880.062,(A),July
Haiti,1990/91,392.88,(A),July
Philippines,1990/91,973.632,(R/A),July 
Tanzania,1990/91,931.779,(A/R),July 
Zambia,1990/91,22.686,(A),July 
Benin,1990/91,0.0,(R),October
Cameroon,1990/91,1682.484,(R/A),October
Central African Republic,1990/91,175.274,(R),October
Colombia,1990/91,14268.387,(A),October
"Congo, Dem. Rep. of",1990/91,1580.296,(R/A),October
Costa Rica,1990/91,2561.885,(A),October
Côte d'Ivoire,1990/91,2940.363,(R),October
El Salvador,1990/91,2464.864,(A),October
Equatorial Guinea,1990/91,3.536,(R),October
Ethiopia,1990/91,2909.451,(A),October
Gabon,1990/91,3.408,(R),October
Ghana,1990/91,37.855,(R),October
Guatemala,1990/91,3270.529,(A/R),October
Guinea,1990/91,44.46,(R),October
Guyana,1990/91,,(R),October
Honduras,1990/91,1567.958,(A),October
India,1990/91,2828.687,(R/A),October
Jamaica,1990/91,22.574,(A),October
Kenya,1990/91,1485.135,(A),October
"Lao, People's Dem. Rep. of",1990/91,,(R),October
Liberia,1990/91,3.0,(R),October
Mexico,1990/91,4674.245,(A),October
Nepal,1990/91,,(A),October
Nicaragua,1990/91,461.078,(A),October
Nigeria,1990/91,29.19,(R),October
Panama,1990/91,214.987,(A),October
Sierra Leone,1990/91,42.783,(R),October
Sri Lanka,1990/91,95.87,(R),October
Thailand,1990/91,757.017,(R/A),October
Togo,1990/91,161.308,(R),October
Trinidad & Tobago,1990/91,14.581,(R),October
Uganda,1990/91,1955.009,(R/A),October
Venezuela,1990/91,1122.477,(A),October
Vietnam,1990/91,1310.288,(R/A),October
Yemen,1990/91,,(A),October
Angola,1991/92,79.331,(R/A),April
Bolivia,1991/92,106.536,(A),April
Brazil,1991/92,27293.4934,(A/R),April
Burundi,1991/92,667.199,(A),April
Ecuador,1991/92,2123.824,(A/R),April
Indonesia,1991/92,8493.196,(R/A),April
Madagascar,1991/92,932.513,(R),April
Malawi,1991/92,124.286,(A),April
Papua New Guinea,1991/92,746.816,(A/R),April
Paraguay,1991/92,79.653,(A),April
Peru,1991/92,1200.474,(A),April
Rwanda,1991/92,483.83,(A),April
Timor-Leste,1991/92,,(A),April
Zimbabwe,1991/92,201.394,(A),April
"Congo, Rep. of",1991/92,3.003,(R),July
Cuba,1991/92,302.097,(A),July 
Dominican Republic,1991/92,320.56,(A),July
Haiti,1991/92,463.352,(A),July
Philippines,1991/92,1018.482,(R/A),July 
Tanzania,1991/92,789.977,(A/R),July 
Zambia,1991/92,29.138,(A),July 
Benin,1991/92,0.0,(R),October
Cameroon,1991/92,1725.948,(R/A),October
Central African Republic,1991/92,124.781,(R),October
Colombia,1991/92,17814.866,(A),October
"Congo, Dem. Rep. of",1991/92,1229.902,(R/A),October
Costa Rica,1991/92,2759.619,(A),October
Côte d'Ivoire,1991/92,4129.295,(R),October
El Salvador,1991/92,2197.692,(A),October
Equatorial Guinea,1991/92,2.551,(R),October
Ethiopia,1991/92,2924.664,(A),October
Gabon,1991/92,1.752,(R),October
Ghana,1991/92,76.306,(R),October
Guatemala,1991/92,3496.531,(A/R),October
Guinea,1991/92,90.522,(R),October
Guyana,1991/92,,(R),October
Honduras,1991/92,2321.808,(A),October
India,1991/92,2999.749,(R/A),October
Jamaica,1991/92,38.987,(A),October
Kenya,1991/92,1514.047,(A),October
"Lao, People's Dem. Rep. of",1991/92,,(R),October
Liberia,1991/92,3.0,(R),October
Mexico,1991/92,4727.206,(A),October
Nepal,1991/92,,(A),October
Nicaragua,1991/92,707.067,(A),October
Nigeria,1991/92,44.313,(R),October
Panama,1991/92,192.532,(A),October
Sierra Leone,1991/92,54.379,(R),October
Sri Lanka,1991/92,81.549,(R),October
Thailand,1991/92,1468.936,(R/A),October
Togo,1991/92,432.652,(R),October
Trinidad & Tobago,1991/92,17.792,(R),October
Uganda,1991/92,2088.001,(R/A),October
Venezuela,1991/92,940.704,(A),October
Vietnam,1991/92,1437.848,(R/A),October
Yemen,1991/92,,(A),October
Angola,1992/93,77.52,(R/A),April
Bolivia,1992/93,122.735,(A),April
Brazil,1992/93,34603.3542,(A/R),April
Burundi,1992/93,620.238,(A),April
Ecuador,1992/93,1185.48,(A/R),April
Indonesia,1992/93,5569.478,(R/A),April
Madagascar,1992/93,1121.684,(R),April
Malawi,1992/93,137.161,(A),April
Papua New Guinea,1992/93,900.111,(A/R),April
Paraguay,1992/93,54.291,(A),April
Peru,1992/93,1761.953,(A),April
Rwanda,1992/93,638.875,(A),April
Timor-Leste,1992/93,,(A),April
Zimbabwe,1992/93,77.824,(A),April
"Congo, Rep. of",1992/93,3.171,(R),July
Cuba,1992/93,284.237,(A),July 
Dominican Republic,1992/93,637.815,(A),July
Haiti,1992/93,499.855,(A),July
Philippines,1992/93,919.851,(R/A),July 
Tanzania,1992/93,786.434,(A/R),July 
Zambia,1992/93,29.307,(A),July 
Benin,1992/93,1.805,(R),October
Cameroon,1992/93,260.376,(R/A),October
Central African Republic,1992/93,133.845,(R),October
Colombia,1992/93,15189.131,(A),October
"Congo, Dem. Rep. of",1992/93,1180.157,(R/A),October
Costa Rica,1992/93,2997.974,(A),October
Côte d'Ivoire,1992/93,2245.536,(R),October
El Salvador,1992/93,3001.301,(A),October
Equatorial Guinea,1992/93,1.686,(R),October
Ethiopia,1992/93,1825.171,(A),October
Gabon,1992/93,3.063,(R),October
Ghana,1992/93,36.602,(R),October
Guatemala,1992/93,4318.483,(A/R),October
Guinea,1992/93,76.341,(R),October
Guyana,1992/93,,(R),October
Honduras,1992/93,1918.209,(A),October
India,1992/93,2823.497,(R/A),October
Jamaica,1992/93,25.583,(A),October
Kenya,1992/93,1315.548,(A),October
"Lao, People's Dem. Rep. of",1992/93,,(R),October
Liberia,1992/93,3.0,(R),October
Mexico,1992/93,3400.811,(A),October
Nepal,1992/93,,(A),October
Nicaragua,1992/93,547.294,(A),October
Nigeria,1992/93,48.882,(R),October
Panama,1992/93,196.978,(A),October
Sierra Leone,1992/93,39.084,(R),October
Sri Lanka,1992/93,53.181,(R),October
Thailand,1992/93,1254.945,(R/A),October
Togo,1992/93,85.648,(R),October
Trinidad & Tobago,1992/93,14.328,(R),October
Uganda,1992/93,2185.074,(R/A),October
Venezuela,1992/93,1215.298,(A),October
Vietnam,1992/93,2340.447,(R/A),October
Yemen,1992/93,,(A),October
Angola,1993/94,32.608,(R/A),April
Bolivia,1993/94,57.323,(A),April
Brazil,1993/94,28166.9786,(A/R),April
Burundi,1993/94,393.354,(A),April
Ecuador,1993/94,2069.007,(A/R),April
Indonesia,1993/94,6743.288,(R/A),April
Madagascar,1993/94,441.859,(R),April
Malawi,1993/94,62.111,(A),April
Papua New Guinea,1993/94,1019.481,(A/R),April
Paraguay,1993/94,70.046,(A),April
Peru,1993/94,665.497,(A),April
Rwanda,1993/94,443.625,(A),April
Timor-Leste,1993/94,,(A),April
Zimbabwe,1993/94,11.6,(A),April
"Congo, Rep. of",1993/94,3.0,(R),July
Cuba,1993/94,285.404,(A),July 
Dominican Republic,1993/94,603.944,(A),July
Haiti,1993/94,450.697,(A),July
Philippines,1993/94,874.855,(R/A),July 
Tanzania,1993/94,734.375,(A/R),July 
Zambia,1993/94,26.606,(A),July 
Benin,1993/94,0.05,(R),October
Cameroon,1993/94,682.913,(R/A),October
Central African Republic,1993/94,165.574,(R),October
Colombia,1993/94,10297.602,(A),October
"Congo, Dem. Rep. of",1993/94,980.261,(R/A),October
Costa Rica,1993/94,2358.753,(A),October
Côte d'Ivoire,1993/94,2293.407,(R),October
El Salvador,1993/94,2378.482,(A),October
Equatorial Guinea,1993/94,0.0,(R),October
Ethiopia,1993/94,2967.004,(A),October
Gabon,1993/94,2.884,(R),October
Ghana,1993/94,45.381,(R),October
Guatemala,1993/94,3535.501,(A/R),October
Guinea,1993/94,63.806,(R),October
Guyana,1993/94,,(R),October
Honduras,1993/94,1829.179,(A),October
India,1993/94,3533.181,(R/A),October
Jamaica,1993/94,34.287,(A),October
Kenya,1993/94,1328.112,(A),October
"Lao, People's Dem. Rep. of",1993/94,,(R),October
Liberia,1993/94,5.0,(R),October
Mexico,1993/94,5023.488,(A),October
Nepal,1993/94,,(A),October
Nicaragua,1993/94,706.13,(A),October
Nigeria,1993/94,45.319,(R),October
Panama,1993/94,142.066,(A),October
Sierra Leone,1993/94,37.451,(R),October
Sri Lanka,1993/94,53.79,(R),October
Thailand,1993/94,1275.201,(R/A),October
Togo,1993/94,194.939,(R),October
Trinidad & Tobago,1993/94,16.079,(R),October
Uganda,1993/94,3141.706,(R/A),October
Venezuela,1993/94,1332.881,(A),October
Vietnam,1993/94,3020.216,(R/A),October
Yemen,1993/94,,(A),October
Angola,1994/95,76.802,(R/A),April
Bolivia,1994/95,122.444,(A),April
Brazil,1994/95,28192.047,(A/R),April
Burundi,1994/95,664.143,(A),April
Ecuador,1994/95,2375.766,(A/R),April
Indonesia,1994/95,5367.878,(R/A),April
Madagascar,1994/95,641.372,(R),April
Malawi,1994/95,84.112,(A),April
Papua New Guinea,1994/95,1138.659,(A/R),April
Paraguay,1994/95,24.689,(A),April
Peru,1994/95,1178.628,(A),April
Rwanda,1994/95,22.449,(A),April
Timor-Leste,1994/95,,(A),April
Zimbabwe,1994/95,106.302,(A),April
"Congo, Rep. of",1994/95,7.585,(R),July
Cuba,1994/95,284.315,(A),July 
Dominican Republic,1994/95,729.67,(A),July
Haiti,1994/95,450.246,(A),July
Philippines,1994/95,876.764,(R/A),July 
Tanzania,1994/95,679.024,(A/R),July 
Zambia,1994/95,21.455,(A),July 
Benin,1994/95,0.0,(R),October
Cameroon,1994/95,405.557,(R/A),October
Central African Republic,1994/95,249.512,(R),October
Colombia,1994/95,12862.47,(A),October
"Congo, Dem. Rep. of",1994/95,1297.805,(R/A),October
Costa Rica,1994/95,2481.942,(A),October
Côte d'Ivoire,1994/95,3006.444,(R),October
El Salvador,1994/95,2293.468,(A),October
Equatorial Guinea,1994/95,3.193,(R),October
Ethiopia,1994/95,2762.73,(A),October
Gabon,1994/95,7.701,(R),October
Ghana,1994/95,57.176,(R),October
Guatemala,1994/95,3787.336,(A/R),October
Guinea,1994/95,198.357,(R),October
Guyana,1994/95,,(R),October
Honduras,1994/95,2180.73,(A),October
India,1994/95,3001.897,(R/A),October
Jamaica,1994/95,44.598,(A),October
Kenya,1994/95,1663.131,(A),October
"Lao, People's Dem. Rep. of",1994/95,,(R),October
Liberia,1994/95,5.0,(R),October
Mexico,1994/95,4158.777,(A),October
Nepal,1994/95,,(A),October
Nicaragua,1994/95,682.969,(A),October
Nigeria,1994/95,51.631,(R),October
Panama,1994/95,248.313,(A),October
Sierra Leone,1994/95,72.738,(R),October
Sri Lanka,1994/95,42.448,(R),October
Thailand,1994/95,1399.135,(R/A),October
Togo,1994/95,176.296,(R),October
Trinidad & Tobago,1994/95,18.435,(R),October
Uganda,1994/95,2392.753,(R/A),October
Venezuela,1994/95,988.996,(A),October
Vietnam,1994/95,3631.609,(R/A),October
Yemen,1994/95,,(A),October
Angola,1995/96,62.109,(R/A),April
Bolivia,1995/96,151.985,(A),April
Brazil,1995/96,18060.2022,(A/R),April
Burundi,1995/96,433.98,(A),April
Ecuador,1995/96,1888.233,(A/R),April
Indonesia,1995/96,4573.429,(R/A),April
Madagascar,1995/96,785.009,(R),April
Malawi,1995/96,91.235,(A),April
Papua New Guinea,1995/96,1002.363,(A/R),April
Paraguay,1995/96,22.843,(A),April
Peru,1995/96,1870.939,(A),April
Rwanda,1995/96,329.078,(A),April
Timor-Leste,1995/96,,(A),April
Zimbabwe,1995/96,130.644,(A),April
"Congo, Rep. of",1995/96,11.755,(R),July
Cuba,1995/96,284.955,(A),July 
Dominican Republic,1995/96,885.625,(A),July
Haiti,1995/96,513.945,(A),July
Philippines,1995/96,849.59,(R/A),July 
Tanzania,1995/96,897.121,(A/R),July 
Zambia,1995/96,26.333,(A),July 
Benin,1995/96,0.0,(R),October
Cameroon,1995/96,660.04,(R/A),October
Central African Republic,1995/96,108.065,(R),October
Colombia,1995/96,12962.561,(A),October
"Congo, Dem. Rep. of",1995/96,1098.155,(R/A),October
Costa Rica,1995/96,2843.596,(A),October
Côte d'Ivoire,1995/96,2531.864,(R),October
El Salvador,1995/96,2585.179,(A),October
Equatorial Guinea,1995/96,1.807,(R),October
Ethiopia,1995/96,3165.322,(A),October
Gabon,1995/96,1.768,(R),October
Ghana,1995/96,56.528,(R),October
Guatemala,1995/96,4001.604,(A/R),October
Guinea,1995/96,104.164,(R),October
Guyana,1995/96,,(R),October
Honduras,1995/96,1909.238,(A),October
India,1995/96,3716.999,(R/A),October
Jamaica,1995/96,43.084,(A),October
Kenya,1995/96,1664.234,(A),October
"Lao, People's Dem. Rep. of",1995/96,,(R),October
Liberia,1995/96,5.0,(R),October
Mexico,1995/96,5299.888,(A),October
Nepal,1995/96,,(A),October
Nicaragua,1995/96,984.676,(A),October
Nigeria,1995/96,53.038,(R),October
Panama,1995/96,209.448,(A),October
Sierra Leone,1995/96,43.768,(R),October
Sri Lanka,1995/96,35.595,(R),October
Thailand,1995/96,1317.226,(R/A),October
Togo,1995/96,84.401,(R),October
Trinidad & Tobago,1995/96,17.629,(R),October
Uganda,1995/96,3243.584,(R/A),October
Venezuela,1995/96,1466.554,(A),October
Vietnam,1995/96,3970.086,(R/A),October
Yemen,1995/96,,(A),October
Angola,1996/97,70.925,(R/A),April
Bolivia,1996/97,133.079,(A),April
Brazil,1996/97,29196.743,(A/R),April
Burundi,1996/97,400.969,(A),April
Ecuador,1996/97,1992.914,(A/R),April
Indonesia,1996/97,8220.584,(R/A),April
Madagascar,1996/97,849.008,(R),April
Malawi,1996/97,48.65,(A),April
Papua New Guinea,1996/97,1089.348,(A/R),April
Paraguay,1996/97,25.563,(A),April
Peru,1996/97,1805.861,(A),April
Rwanda,1996/97,293.003,(A),April
Timor-Leste,1996/97,,(A),April
Zimbabwe,1996/97,174.393,(A),April
"Congo, Rep. of",1996/97,13.86,(R),July
Cuba,1996/97,365.865,(A),July 
Dominican Republic,1996/97,518.848,(A),July
Haiti,1996/97,428.387,(A),July
Philippines,1996/97,889.819,(R/A),July 
Tanzania,1996/97,763.94,(A/R),July 
Zambia,1996/97,33.025,(A),July 
Benin,1996/97,0.0,(R),October
Cameroon,1996/97,1432.189,(R/A),October
Central African Republic,1996/97,207.831,(R),October
Colombia,1996/97,10719.063,(A),October
"Congo, Dem. Rep. of",1996/97,794.577,(R/A),October
Costa Rica,1996/97,2221.915,(A),October
Côte d'Ivoire,1996/97,4858.592,(R),October
El Salvador,1996/97,2533.568,(A),October
Equatorial Guinea,1996/97,1.12,(R),October
Ethiopia,1996/97,3407.442,(A),October
Gabon,1996/97,1.279,(R),October
Ghana,1996/97,32.425,(R),October
Guatemala,1996/97,4524.556,(A/R),October
Guinea,1996/97,147.638,(R),October
Guyana,1996/97,,(R),October
Honduras,1996/97,2004.388,(A),October
India,1996/97,3417.454,(R/A),October
Jamaica,1996/97,53.864,(A),October
Kenya,1996/97,1246.753,(A),October
"Lao, People's Dem. Rep. of",1996/97,,(R),October
Liberia,1996/97,5.0,(R),October
Mexico,1996/97,5109.551,(A),October
Nepal,1996/97,,(A),October
Nicaragua,1996/97,793.305,(A),October
Nigeria,1996/97,45.975,(R),October
Panama,1996/97,210.742,(A),October
Sierra Leone,1996/97,40.91,(R),October
Sri Lanka,1996/97,36.999,(R),October
Thailand,1996/97,1403.581,(R/A),October
Togo,1996/97,290.586,(R),October
Trinidad & Tobago,1996/97,18.188,(R),October
Uganda,1996/97,3418.724,(R/A),October
Venezuela,1996/97,1206.162,(A),October
Vietnam,1996/97,5752.481,(R/A),October
Yemen,1996/97,,(A),October
Angola,1997/98,64.33,(R/A),April
Bolivia,1997/98,153.219,(A),April
Brazil,1997/98,26148.004,(A/R),April
Burundi,1997/98,249.785,(A),April
Ecuador,1997/98,1190.663,(A/R),April
Indonesia,1997/98,7620.778,(R/A),April
Madagascar,1997/98,623.804,(R),April
Malawi,1997/98,60.82,(A),April
Papua New Guinea,1997/98,1074.021,(A/R),April
Paraguay,1997/98,23.379,(A),April
Peru,1997/98,1929.959,(A),April
Rwanda,1997/98,193.422,(A),April
Timor-Leste,1997/98,,(A),April
Zimbabwe,1997/98,130.193,(A),April
"Congo, Rep. of",1997/98,3.27,(R),July
Cuba,1997/98,300.021,(A),July 
Dominican Republic,1997/98,941.242,(A),July
Haiti,1997/98,431.818,(A),July
Philippines,1997/98,935.472,(R/A),July 
Tanzania,1997/98,623.78,(A/R),July 
Zambia,1997/98,38.462,(A),July 
Benin,1997/98,0.0,(R),October
Cameroon,1997/98,888.942,(R/A),October
Central African Republic,1997/98,114.354,(R),October
Colombia,1997/98,12219.455,(A),October
"Congo, Dem. Rep. of",1997/98,811.217,(R/A),October
Costa Rica,1997/98,2616.6,(A),October
Côte d'Ivoire,1997/98,4164.004,(R),October
El Salvador,1997/98,2174.809,(A),October
Equatorial Guinea,1997/98,1.669,(R),October
Ethiopia,1997/98,3056.864,(A),October
Gabon,1997/98,2.668,(R),October
Ghana,1997/98,27.275,(R),October
Guatemala,1997/98,4219.373,(A/R),October
Guinea,1997/98,171.711,(R),October
Guyana,1997/98,,(R),October
Honduras,1997/98,2564.405,(A),October
India,1997/98,3805.089,(R/A),October
Jamaica,1997/98,47.025,(A),October
Kenya,1997/98,881.965,(A),October
"Lao, People's Dem. Rep. of",1997/98,,(R),October
Liberia,1997/98,5.0,(R),October
Mexico,1997/98,4801.561,(A),October
Nepal,1997/98,,(A),October
Nicaragua,1997/98,1083.523,(A),October
Nigeria,1997/98,44.667,(R),October
Panama,1997/98,217.469,(A),October
Sierra Leone,1997/98,49.679,(R),October
Sri Lanka,1997/98,57.584,(R),October
Thailand,1997/98,1293.076,(R/A),October
Togo,1997/98,221.078,(R),October
Trinidad & Tobago,1997/98,19.392,(R),October
Uganda,1997/98,3439.868,(R/A),October
Venezuela,1997/98,951.285,(A),October
Vietnam,1997/98,6978.942,(R/A),October
Yemen,1997/98,,(A),October
Angola,1998/99,85.344,(R/A),April
Bolivia,1998/99,149.985,(A),April
Brazil,1998/99,36760.8533,(A/R),April
Burundi,1998/99,491.992,(A),April
Ecuador,1998/99,1205.968,(A/R),April
Indonesia,1998/99,7295.955,(R/A),April
Madagascar,1998/99,991.799,(R),April
Malawi,1998/99,64.321,(A),April
Papua New Guinea,1998/99,1352.149,(A/R),April
Paraguay,1998/99,58.347,(A),April
Peru,1998/99,2102.298,(A),April
Rwanda,1998/99,222.637,(A),April
Timor-Leste,1998/99,,(A),April
Zimbabwe,1998/99,149.45,(A),April
"Congo, Rep. of",1998/99,3.0,(R),July
Cuba,1998/99,279.953,(A),July 
Dominican Republic,1998/99,486.592,(A),July
Haiti,1998/99,439.247,(A),July
Philippines,1998/99,676.729,(R/A),July 
Tanzania,1998/99,739.312,(A/R),July 
Zambia,1998/99,61.686,(A),July 
Benin,1998/99,0.0,(R),October
Cameroon,1998/99,1113.94,(R/A),October
Central African Republic,1998/99,214.582,(R),October
Colombia,1998/99,10979.094,(A),October
"Congo, Dem. Rep. of",1998/99,738.083,(R/A),October
Costa Rica,1998/99,2445.12,(A),October
Côte d'Ivoire,1998/99,1991.547,(R),October
El Salvador,1998/99,2054.628,(A),October
Equatorial Guinea,1998/99,1.036,(R),October
Ethiopia,1998/99,2927.725,(A),October
Gabon,1998/99,3.765,(R),October
Ghana,1998/99,54.436,(R),October
Guatemala,1998/99,4892.964,(A/R),October
Guinea,1998/99,421.266,(R),October
Guyana,1998/99,5.9811,(R),October
Honduras,1998/99,2195.145,(A),October
India,1998/99,4416.768,(R/A),October
Jamaica,1998/99,29.083,(A),October
Kenya,1998/99,1172.882,(A),October
"Lao, People's Dem. Rep. of",1998/99,171.424,(R),October
Liberia,1998/99,17.779,(R),October
Mexico,1998/99,4801.348,(A),October
Nepal,1998/99,,(A),October
Nicaragua,1998/99,1073.08,(A),October
Nigeria,1998/99,53.405,(R),October
Panama,1998/99,191.996,(A),October
Sierra Leone,1998/99,26.882,(R),October
Sri Lanka,1998/99,45.738,(R),October
Thailand,1998/99,915.986,(R/A),October
Togo,1998/99,321.486,(R),October
Trinidad & Tobago,1998/99,17.018,(R),October
Uganda,1998/99,3385.839,(R/A),October
Venezuela,1998/99,1597.279,(A),October
Vietnam,1998/99,7051.722,(R/A),October
Yemen,1998/99,68.7007,(A),October
Angola,1999/00,54.939,(R/A),April
Bolivia,1999/00,183.702,(A),April
Brazil,1999/00,47577.8065,(A/R),April
Burundi,1999/00,350.55,(A),April
Ecuador,1999/00,1197.6832,(A/R),April
Indonesia,1999/00,6557.0662,(R/A),April
Madagascar,1999/00,427.317,(R),April
Malawi,1999/00,59.0,(A),April
Papua New Guinea,1999/00,1387.0519,(A/R),April
Paraguay,1999/00,20.241,(A),April
Peru,1999/00,2743.533,(A),April
Rwanda,1999/00,307.275,(A),April
Timor-Leste,1999/00,,(A),April
Zimbabwe,1999/00,125.4843,(A),April
"Congo, Rep. of",1999/00,3.0,(R),July
Cuba,1999/00,327.9874,(A),July 
Dominican Republic,1999/00,606.879,(A),July
Haiti,1999/00,399.027,(A),July
Philippines,1999/00,621.7634,(R/A),July 
Tanzania,1999/00,842.2181,(A/R),July 
Zambia,1999/00,58.725,(A),July 
Benin,1999/00,0.0,(R),October
Cameroon,1999/00,1369.824,(R/A),October
Central African Republic,1999/00,240.682,(R),October
Colombia,1999/00,9678.7709,(A),October
"Congo, Dem. Rep. of",1999/00,477.154,(R/A),October
Costa Rica,1999/00,2485.33,(A),October
Côte d'Ivoire,1999/00,6320.4388,(R),October
El Salvador,1999/00,2598.1449,(A),October
Equatorial Guinea,1999/00,0.179,(R),October
Ethiopia,1999/00,3784.051,(A),October
Gabon,1999/00,2.057,(R),October
Ghana,1999/00,88.9011,(R),October
Guatemala,1999/00,5120.1288,(A/R),October
Guinea,1999/00,363.707,(R),October
Guyana,1999/00,5.0876,(R),October
Honduras,1999/00,2985.005,(A),October
India,1999/00,4866.5892,(R/A),October
Jamaica,1999/00,37.9705,(A),October
Kenya,1999/00,1501.891,(A),October
"Lao, People's Dem. Rep. of",1999/00,238.772,(R),October
Liberia,1999/00,12.163,(R),October
Mexico,1999/00,6218.6765,(A),October
Nepal,1999/00,,(A),October
Nicaragua,1999/00,1554.0548,(A),October
Nigeria,1999/00,45.067,(R),October
Panama,1999/00,166.381,(A),October
Sierra Leone,1999/00,59.02,(R),October
Sri Lanka,1999/00,31.716,(R),October
Thailand,1999/00,1272.8378,(R/A),October
Togo,1999/00,262.808,(R),October
Trinidad & Tobago,1999/00,16.89,(R),October
Uganda,1999/00,2862.447,(R/A),October
Venezuela,1999/00,1366.835,(A),October
Vietnam,1999/00,11630.9138,(R/A),October
Yemen,1999/00,60.579,(A),October
Angola,2000/01,49.785,(R/A),April
Bolivia,2000/01,172.604,(A),April
Brazil,2000/01,31310.353,(A/R),April
Burundi,2000/01,487.46,(A),April
Ecuador,2000/01,853.817,(A/R),April
Indonesia,2000/01,6987.2397,(R/A),April
Madagascar,2000/01,362.1618,(R),April
Malawi,2000/01,63.138,(A),April
Papua New Guinea,2000/01,1040.7392,(A/R),April
Paraguay,2000/01,42.402,(A),April
Peru,2000/01,2675.593,(A),April
Rwanda,2000/01,273.363,(A),April
Timor-Leste,2000/01,7.1279,(A),April
Zimbabwe,2000/01,108.523,(A),April
"Congo, Rep. of",2000/01,3.0,(R),July
Cuba,2000/01,312.4345,(A),July 
Dominican Republic,2000/01,467.038,(A),July
Haiti,2000/01,419.85,(A),July
Philippines,2000/01,340.9218,(R/A),July 
Tanzania,2000/01,808.8714,(A/R),July 
Zambia,2000/01,93.374,(A),July 
Benin,2000/01,0.0,(R),October
Cameroon,2000/01,1113.143,(R/A),October
Central African Republic,2000/01,113.313,(R),October
Colombia,2000/01,10399.887,(A),October
"Congo, Dem. Rep. of",2000/01,362.535,(R/A),October
Costa Rica,2000/01,2418.536,(A),October
Côte d'Ivoire,2000/01,4845.586,(R),October
El Salvador,2000/01,1704.4498,(A),October
Equatorial Guinea,2000/01,0.0,(R),October
Ethiopia,2000/01,3115.149,(A),October
Gabon,2000/01,0.0,(R),October
Ghana,2000/01,76.456,(R),October
Guatemala,2000/01,4939.753,(A/R),October
Guinea,2000/01,399.992,(R),October
Guyana,2000/01,2.8718,(R),October
Honduras,2000/01,2666.658,(A),October
India,2000/01,5019.7666,(R/A),October
Jamaica,2000/01,36.8774,(A),October
Kenya,2000/01,1001.8641,(A),October
"Lao, People's Dem. Rep. of",2000/01,212.185,(R),October
Liberia,2000/01,12.305,(R),October
Mexico,2000/01,4814.9789,(A),October
Nepal,2000/01,,(A),October
Nicaragua,2000/01,1572.4326,(A),October
Nigeria,2000/01,49.431,(R),October
Panama,2000/01,170.226,(A),October
Sierra Leone,2000/01,49.155,(R),October
Sri Lanka,2000/01,33.28,(R),October
Thailand,2000/01,1692.2342,(R/A),October
Togo,2000/01,197.401,(R),October
Trinidad & Tobago,2000/01,16.393,(R),October
Uganda,2000/01,3400.683,(R/A),October
Venezuela,2000/01,1449.924,(A),October
Vietnam,2000/01,14841.309,(R/A),October
Yemen,2000/01,63.936,(A),October
Angola,2001/02,20.69,(R/A),April
Bolivia,2001/02,117.516,(A),April
Brazil,2001/02,31365.0955,(A/R),April
Burundi,2001/02,143.982,(A),April
Ecuador,2001/02,792.847,(A/R),April
Indonesia,2001/02,6833.356,(R/A),April
Madagascar,2001/02,147.236,(R),April
Malawi,2001/02,60.39,(A),April
Papua New Guinea,2001/02,1062.593,(A/R),April
Paraguay,2001/02,19.6,(A),April
Peru,2001/02,2828.946,(A),April
Rwanda,2001/02,295.51,(A),April
Timor-Leste,2001/02,32.8539,(A),April
Zimbabwe,2001/02,121.042,(A),April
"Congo, Rep. of",2001/02,3.0,(R),July
Cuba,2001/02,284.974,(A),July 
Dominican Republic,2001/02,386.958,(A),July
Haiti,2001/02,402.64,(A),July
Philippines,2001/02,262.682,(R/A),July 
Tanzania,2001/02,624.089,(A/R),July 
Zambia,2001/02,99.672,(A),July 
Benin,2001/02,0.0,(R),October
Cameroon,2001/02,685.677,(R/A),October
Central African Republic,2001/02,68.172,(R),October
Colombia,2001/02,11962.441,(A),October
"Congo, Dem. Rep. of",2001/02,423.184,(R/A),October
Costa Rica,2001/02,2246.7,(A),October
Côte d'Ivoire,2001/02,3596.116,(R),October
El Salvador,2001/02,1693.966,(A),October
Equatorial Guinea,2001/02,0.0,(R),October
Ethiopia,2001/02,4044.24,(A),October
Gabon,2001/02,0.822,(R),October
Ghana,2001/02,7.285,(R),October
Guatemala,2001/02,3668.96,(A/R),October
Guinea,2001/02,235.979,(R),October
Guyana,2001/02,5.2563,(R),October
Honduras,2001/02,3036.252,(A),October
India,2001/02,5010.313,(R/A),October
Jamaica,2001/02,30.775,(A),October
Kenya,2001/02,990.531,(A),October
"Lao, People's Dem. Rep. of",2001/02,258.1452,(R),October
Liberia,2001/02,11.833,(R),October
Mexico,2001/02,4438.404,(A),October
Nepal,2001/02,,(A),October
Nicaragua,2001/02,1078.752,(A),October
Nigeria,2001/02,44.003,(R),October
Panama,2001/02,159.939,(A),October
Sierra Leone,2001/02,79.2,(R),October
Sri Lanka,2001/02,31.531,(R),October
Thailand,2001/02,714.5,(R/A),October
Togo,2001/02,112.018,(R),October
Trinidad & Tobago,2001/02,16.165,(R),October
Uganda,2001/02,3157.777,(R/A),October
Venezuela,2001/02,1264.613,(A),October
Vietnam,2001/02,13093.244,(R/A),October
Yemen,2001/02,62.2185,(A),October
Angola,2002/03,56.64,(R/A),April
Bolivia,2002/03,149.168,(A),April
Brazil,2002/03,48351.634,(A/R),April
Burundi,2002/03,453.732,(A),April
Ecuador,2002/03,582.224,(A/R),April
Indonesia,2002/03,6731.376,(R/A),April
Madagascar,2002/03,445.455,(R),April
Malawi,2002/03,42.464,(A),April
Papua New Guinea,2002/03,1085.147,(A/R),April
Paraguay,2002/03,26.0485,(A),April
Peru,2002/03,3000.32,(A),April
Rwanda,2002/03,319.68,(A),April
Timor-Leste,2002/03,36.8093,(A),April
Zimbabwe,2002/03,110.121,(A),April
"Congo, Rep. of",2002/03,3.0,(R),July
Cuba,2002/03,239.105,(A),July 
Dominican Republic,2002/03,455.198,(A),July
Haiti,2002/03,373.945,(A),July
Philippines,2002/03,255.21,(R/A),July 
Tanzania,2002/03,823.609,(A/R),July 
Zambia,2002/03,118.927,(A),July 
Benin,2002/03,0.0,(R),October
Cameroon,2002/03,800.795,(R/A),October
Central African Republic,2002/03,92.094,(R),October
Colombia,2002/03,11735.253,(A),October
"Congo, Dem. Rep. of",2002/03,337.873,(R/A),October
Costa Rica,2002/03,2043.413,(A),October
Côte d'Ivoire,2002/03,3009.64,(R),October
El Salvador,2002/03,1361.376,(A),October
Equatorial Guinea,2002/03,0.0,(R),October
Ethiopia,2002/03,4093.902,(A),October
Gabon,2002/03,1.25,(R),October
Ghana,2002/03,33.6323,(R),October
Guatemala,2002/03,4069.953,(A/R),October
Guinea,2002/03,328.229,(R),October
Guyana,2002/03,5.2013,(R),October
Honduras,2002/03,2495.886,(A),October
India,2002/03,4587.889,(R/A),October
Jamaica,2002/03,37.123,(A),October
Kenya,2002/03,945.402,(A),October
"Lao, People's Dem. Rep. of",2002/03,402.0043,(R),October
Liberia,2002/03,12.482,(R),October
Mexico,2002/03,4351.426,(A),October
Nepal,2002/03,,(A),October
Nicaragua,2002/03,1170.017,(A),October
Nigeria,2002/03,49.815,(R),October
Panama,2002/03,139.962,(A),October
Sierra Leone,2002/03,41.7289,(R),October
Sri Lanka,2002/03,34.3807,(R),October
Thailand,2002/03,731.9,(R/A),October
Togo,2002/03,68.205,(R),October
Trinidad & Tobago,2002/03,16.5524,(R),October
Uganda,2002/03,2890.058,(R/A),October
Venezuela,2002/03,1483.5896,(A),October
Vietnam,2002/03,11573.935,(R/A),October
Yemen,2002/03,56.7446,(A),October
Angola,2003/04,38.013,(R/A),April
Bolivia,2003/04,124.823,(A),April
Brazil,2003/04,28873.4093,(A/R),April
Burundi,2003/04,337.858,(A),April
Ecuador,2003/04,640.79,(A/R),April
Indonesia,2003/04,6404.076,(R/A),April
Madagascar,2003/04,434.658,(R),April
Malawi,2003/04,48.155,(A),April
Papua New Guinea,2003/04,1154.944,(A/R),April
Paraguay,2003/04,51.7261,(A),April
Peru,2003/04,2685.986,(A),April
Rwanda,2003/04,265.742,(A),April
Timor-Leste,2003/04,41.8233,(A),April
Zimbabwe,2003/04,91.649,(A),April
"Congo, Rep. of",2003/04,3.0,(R),July
Cuba,2003/04,223.507,(A),July 
Dominican Republic,2003/04,350.673,(A),July
Haiti,2003/04,373.842,(A),July
Philippines,2003/04,292.691,(R/A),July 
Tanzania,2003/04,611.734,(A/R),July 
Zambia,2003/04,100.333,(A),July 
Benin,2003/04,0.0,(R),October
Cameroon,2003/04,900.282,(R/A),October
Central African Republic,2003/04,42.73,(R),October
Colombia,2003/04,11230.157,(A),October
"Congo, Dem. Rep. of",2003/04,451.06,(R/A),October
Costa Rica,2003/04,1886.432,(A),October
Côte d'Ivoire,2003/04,2981.252,(R),October
El Salvador,2003/04,1380.097,(A),October
Equatorial Guinea,2003/04,0.0,(R),October
Ethiopia,2003/04,4393.717,(A),October
Gabon,2003/04,0.3,(R),October
Ghana,2003/04,18.1419,(R),October
Guatemala,2003/04,3609.931,(A/R),October
Guinea,2003/04,365.529,(R),October
Guyana,2003/04,5.4252,(R),October
Honduras,2003/04,2967.865,(A),October
India,2003/04,4508.272,(R/A),October
Jamaica,2003/04,37.4471,(A),October
Kenya,2003/04,673.422,(A),October
"Lao, People's Dem. Rep. of",2003/04,361.4625,(R),October
Liberia,2003/04,5.08,(R),October
Mexico,2003/04,4201.0193,(A),October
Nepal,2003/04,0.9,(A),October
Nicaragua,2003/04,1509.098,(A),October
Nigeria,2003/04,46.1504,(R),October
Panama,2003/04,172.062,(A),October
Sierra Leone,2003/04,35.5163,(R),October
Sri Lanka,2003/04,36.8942,(R),October
Thailand,2003/04,826.567,(R/A),October
Togo,2003/04,143.792,(R),October
Trinidad & Tobago,2003/04,16.0967,(R),October
Uganda,2003/04,2598.532,(R/A),October
Venezuela,2003/04,1420.5247,(A),October
Vietnam,2003/04,15337.352,(R/A),October
Yemen,2003/04,193.3027,(A),October
Angola,2004/05,14.77,(R/A),April
Bolivia,2004/05,169.8071,(A),April
Brazil,2004/05,39281.1457,(A/R),April
Burundi,2004/05,437.036,(A),April
Ecuador,2004/05,780.435,(A/R),April
Indonesia,2004/05,7536.371,(R/A),April
Madagascar,2004/05,521.66,(R),April
Malawi,2004/05,20.615,(A),April
Papua New Guinea,2004/05,997.514,(A/R),April
Paraguay,2004/05,26.2389,(A),April
Peru,2004/05,3425.1559,(A),April
Rwanda,2004/05,449.733,(A),April
Timor-Leste,2004/05,16.5932,(A),April
Zimbabwe,2004/05,120.3133,(A),April
"Congo, Rep. of",2004/05,3.0,(R),July
Cuba,2004/05,179.984,(A),July 
Dominican Republic,2004/05,490.679,(A),July
Haiti,2004/05,365.211,(A),July
Philippines,2004/05,354.813,(R/A),July 
Tanzania,2004/05,763.182,(A/R),July 
Zambia,2004/05,110.377,(A),July 
Benin,2004/05,0.0,(R),October
Cameroon,2004/05,727.382,(R/A),October
Central African Republic,2004/05,28.715,(R),October
Colombia,2004/05,11572.523,(A),October
"Congo, Dem. Rep. of",2004/05,359.754,(R/A),October
Costa Rica,2004/05,1875.8399,(A),October
Côte d'Ivoire,2004/05,2135.5998,(R),October
El Salvador,2004/05,1196.873,(A),October
Equatorial Guinea,2004/05,0.0,(R),October
Ethiopia,2004/05,5212.951,(A),October
Gabon,2004/05,0.3,(R),October
Ghana,2004/05,18.1139,(R),October
Guatemala,2004/05,3703.026,(A/R),October
Guinea,2004/05,316.116,(R),October
Guyana,2004/05,6.0561,(R),October
Honduras,2004/05,2575.144,(A),October
India,2004/05,4592.0102,(R/A),October
Jamaica,2004/05,21.3066,(A),October
Kenya,2004/05,735.583,(A),October
"Lao, People's Dem. Rep. of",2004/05,379.4417,(R),October
Liberia,2004/05,5.78,(R),October
Mexico,2004/05,3867.3474,(A),October
Nepal,2004/05,0.95,(A),October
Nicaragua,2004/05,1068.077,(A),October
Nigeria,2004/05,45.1379,(R),October
Panama,2004/05,90.3892,(A),October
Sierra Leone,2004/05,14.5255,(R),October
Sri Lanka,2004/05,31.6437,(R),October
Thailand,2004/05,884.383,(R/A),October
Togo,2004/05,165.522,(R),October
Trinidad & Tobago,2004/05,15.1235,(R),October
Uganda,2004/05,2612.619,(R/A),October
Venezuela,2004/05,1326.5336,(A),October
Vietnam,2004/05,14370.453,(R/A),October
Yemen,2004/05,205.5589,(A),October
Angola,2005/06,24.965,(R/A),April
Bolivia,2005/06,128.9692,(A),April
Brazil,2005/06,32932.9797,(A/R),April
Burundi,2005/06,103.315,(A),April
Ecuador,2005/06,935.3007,(A/R),April
Indonesia,2005/06,9158.9594,(R/A),April
Madagascar,2005/06,599.149,(R),April
Malawi,2005/06,24.416,(A),April
Papua New Guinea,2005/06,1268.1328,(A/R),April
Paraguay,2005/06,45.2369,(A),April
Peru,2005/06,2488.8349,(A),April
Rwanda,2005/06,337.0107,(A),April
Timor-Leste,2005/06,23.5228,(A),April
Zimbabwe,2005/06,65.9299,(A),April
"Congo, Rep. of",2005/06,3.0,(R),July
Cuba,2005/06,99.5833,(A),July 
Dominican Republic,2005/06,310.0469,(A),July
Haiti,2005/06,356.0064,(A),July
Philippines,2005/06,432.3372,(R/A),July 
Tanzania,2005/06,804.4066,(A/R),July 
Zambia,2005/06,102.936,(A),July 
Benin,2005/06,0.0,(R),October
Cameroon,2005/06,869.7157,(R/A),October
Central African Republic,2005/06,23.1639,(R),October
Colombia,2005/06,12564.2337,(A),October
"Congo, Dem. Rep. of",2005/06,336.198,(R/A),October
Costa Rica,2005/06,1652.5288,(A),October
Côte d'Ivoire,2005/06,2099.0447,(R),October
El Salvador,2005/06,1318.587,(A),October
Equatorial Guinea,2005/06,0.0,(R),October
Ethiopia,2005/06,4779.486,(A),October
Gabon,2005/06,0.691,(R),October
Ghana,2005/06,12.3749,(R),October
Guatemala,2005/06,3675.5298,(A/R),October
Guinea,2005/06,524.884,(R),October
Guyana,2005/06,7.0144,(R),October
Honduras,2005/06,3204.361,(A),October
India,2005/06,4567.2898,(R/A),October
Jamaica,2005/06,34.2777,(A),October
Kenya,2005/06,660.135,(A),October
"Lao, People's Dem. Rep. of",2005/06,279.646,(R),October
Liberia,2005/06,5.361,(R),October
Mexico,2005/06,4224.6637,(A),October
Nepal,2005/06,1.3,(A),October
Nicaragua,2005/06,1431.8115,(A),October
Nigeria,2005/06,68.5718,(R),October
Panama,2005/06,176.3307,(A),October
Sierra Leone,2005/06,59.9662,(R),October
Sri Lanka,2005/06,34.9432,(R),October
Thailand,2005/06,1063.9651,(R/A),October
Togo,2005/06,140.0759,(R),October
Trinidad & Tobago,2005/06,14.8624,(R),October
Uganda,2005/06,2175.201,(R/A),October
Venezuela,2005/06,1506.3009,(A),October
Vietnam,2005/06,13841.8363,(R/A),October
Yemen,2005/06,203.1808,(A),October
Angola,2006/07,35.095,(R/A),April
Bolivia,2006/07,164.4297,(A),April
Brazil,2006/07,42986.9148,(A/R),April
Burundi,2006/07,498.5,(A),April
Ecuador,2006/07,1034.5199,(A/R),April
Indonesia,2006/07,7482.6737,(R/A),April
Madagascar,2006/07,586.51,(R),April
Malawi,2006/07,16.663,(A),April
Papua New Guinea,2006/07,807.2202,(A/R),April
Paraguay,2006/07,25.7472,(A),April
Peru,2006/07,4319.0586,(A),April
Rwanda,2006/07,351.013,(A),April
Timor-Leste,2006/07,46.2077,(A),April
Zimbabwe,2006/07,45.149,(A),April
"Congo, Rep. of",2006/07,3.0,(R),July
Cuba,2006/07,104.85,(A),July 
Dominican Republic,2006/07,386.6671,(A),July
Haiti,2006/07,362.112,(A),July
Philippines,2006/07,441.1089,(R/A),July 
Tanzania,2006/07,821.807,(A/R),July 
Zambia,2006/07,56.0696,(A),July 
Benin,2006/07,0.0,(R),October
Cameroon,2006/07,818.1664,(R/A),October
Central African Republic,2006/07,113.5037,(R),October
Colombia,2006/07,11758.6936,(A),October
"Congo, Dem. Rep. of",2006/07,377.5227,(R/A),October
Costa Rica,2006/07,1706.0731,(A),October
Côte d'Ivoire,2006/07,2847.9404,(R),October
El Salvador,2006/07,1233.661,(A),October
Equatorial Guinea,2006/07,0.0,(R),October
Ethiopia,2006/07,5550.74,(A),October
Gabon,2006/07,1.403,(R),October
Ghana,2006/07,20.2111,(R),October
Guatemala,2006/07,3950.3303,(A/R),October
Guinea,2006/07,472.9477,(R),October
Guyana,2006/07,7.5796,(R),October
Honduras,2006/07,3461.2816,(A),October
India,2006/07,4799.7424,(R/A),October
Jamaica,2006/07,40.1196,(A),October
Kenya,2006/07,826.08,(A),October
"Lao, People's Dem. Rep. of",2006/07,391.0986,(R),October
Liberia,2006/07,6.7276,(R),October
Mexico,2006/07,4200.3381,(A),October
Nepal,2006/07,2.25,(A),October
Nicaragua,2006/07,1427.9262,(A),October
Nigeria,2006/07,50.7351,(R),October
Panama,2006/07,173.1015,(A),October
Sierra Leone,2006/07,31.472,(R),October
Sri Lanka,2006/07,32.875,(R),October
Thailand,2006/07,822.4689,(R/A),October
Togo,2006/07,133.95,(R),October
Trinidad & Tobago,2006/07,11.6981,(R),October
Uganda,2006/07,2894.16,(R/A),October
Venezuela,2006/07,1570.8961,(A),October
Vietnam,2006/07,19339.7501,(R/A),October
Yemen,2006/07,207.234,(A),October
Angola,2007/08,35.631,(R/A),April
Bolivia,2007/08,132.5292,(A),April
Brazil,2007/08,38971.7101,(A/R),April
Burundi,2007/08,132.856,(A),April
Ecuador,2007/08,950.4028,(A/R),April
Indonesia,2007/08,7776.5557,(R/A),April
Madagascar,2007/08,614.1661,(R),April
Malawi,2007/08,18.812,(A),April
Papua New Guinea,2007/08,967.7113,(A/R),April
Paraguay,2007/08,38.6339,(A),April
Peru,2007/08,3062.9307,(A),April
Rwanda,2007/08,224.0446,(A),April
Timor-Leste,2007/08,36.3032,(A),April
Zimbabwe,2007/08,31.2441,(A),April
"Congo, Rep. of",2007/08,3.0,(R),July
Cuba,2007/08,109.8567,(A),July 
Dominican Republic,2007/08,464.9084,(A),July
Haiti,2007/08,359.4114,(A),July
Philippines,2007/08,445.6113,(R/A),July 
Tanzania,2007/08,809.7958,(A/R),July 
Zambia,2007/08,61.4737,(A),July 
Benin,2007/08,0.0,(R),October
Cameroon,2007/08,795.3046,(R/A),October
Central African Republic,2007/08,43.467,(R),October
Colombia,2007/08,12515.4534,(A),October
"Congo, Dem. Rep. of",2007/08,415.9287,(R/A),October
Costa Rica,2007/08,1797.1373,(A),October
Côte d'Ivoire,2007/08,1338.1445,(R),October
El Salvador,2007/08,1504.9911,(A),October
Equatorial Guinea,2007/08,0.0,(R),October
Ethiopia,2007/08,5966.6796,(A),October
Gabon,2007/08,0.721,(R),October
Ghana,2007/08,34.6644,(R),October
Guatemala,2007/08,4099.6768,(A/R),October
Guinea,2007/08,322.6894,(R),October
Guyana,2007/08,8.6174,(R),October
Honduras,2007/08,3639.7929,(A),October
India,2007/08,4366.6594,(R/A),October
Jamaica,2007/08,20.1766,(A),October
Kenya,2007/08,652.105,(A),October
"Lao, People's Dem. Rep. of",2007/08,393.123,(R),October
Liberia,2007/08,6.8511,(R),October
Mexico,2007/08,4150.3183,(A),October
Nepal,2007/08,1.2574,(A),October
Nicaragua,2007/08,1905.6714,(A),October
Nigeria,2007/08,42.1658,(R),October
Panama,2007/08,176.0553,(A),October
Sierra Leone,2007/08,40.0011,(R),October
Sri Lanka,2007/08,33.4906,(R),October
Thailand,2007/08,650.4208,(R/A),October
Togo,2007/08,125.131,(R),October
Trinidad & Tobago,2007/08,12.1349,(R),October
Uganda,2007/08,3489.648,(R/A),October
Venezuela,2007/08,1520.4505,(A),October
Vietnam,2007/08,16405.0988,(R/A),October
Yemen,2007/08,197.9537,(A),October
Angola,2008/09,37.61,(R/A),April
Bolivia,2008/09,135.4186,(A),April
Brazil,2008/09,50490.0837,(A/R),April
Burundi,2008/09,411.7822,(A),April
Ecuador,2008/09,770.6473,(A/R),April
Indonesia,2008/09,9612.3466,(R/A),April
Madagascar,2008/09,727.6884,(R),April
Malawi,2008/09,20.753,(A),April
Papua New Guinea,2008/09,1027.6529,(A/R),April
Paraguay,2008/09,20.0154,(A),April
Peru,2008/09,3872.262,(A),April
Rwanda,2008/09,368.7282,(A),April
Timor-Leste,2008/09,47.6918,(A),April
Zimbabwe,2008/09,24.2492,(A),April
"Congo, Rep. of",2008/09,3.0,(R),July
Cuba,2008/09,133.4523,(A),July 
Dominican Republic,2008/09,645.0295,(A),July
Haiti,2008/09,358.6822,(A),July
Philippines,2008/09,586.8337,(R/A),July 
Tanzania,2008/09,1186.2823,(A/R),July 
Zambia,2008/09,34.6967,(A),July 
Benin,2008/09,0.0,(R),October
Cameroon,2008/09,724.9004,(R/A),October
Central African Republic,2008/09,59.616,(R),October
Colombia,2008/09,8663.2373,(A),October
"Congo, Dem. Rep. of",2008/09,421.9583,(R/A),October
Costa Rica,2008/09,1499.918,(A),October
Côte d'Ivoire,2008/09,2526.3263,(R),October
El Salvador,2008/09,1450.2264,(A),October
Equatorial Guinea,2008/09,0.0,(R),October
Ethiopia,2008/09,4948.9869,(A),October
Gabon,2008/09,2.067,(R),October
Ghana,2008/09,26.4006,(R),October
Guatemala,2008/09,3784.9658,(A/R),October
Guinea,2008/09,504.7819,(R),October
Guyana,2008/09,9.8722,(R),October
Honduras,2008/09,3449.9872,(A),October
India,2008/09,4378.002,(R/A),October
Jamaica,2008/09,31.8915,(A),October
Kenya,2008/09,541.075,(A),October
"Lao, People's Dem. Rep. of",2008/09,405.6104,(R),October
Liberia,2008/09,12.4117,(R),October
Mexico,2008/09,4650.6492,(A),October
Nepal,2008/09,1.4624,(A),October
Nicaragua,2008/09,1444.7342,(A),October
Nigeria,2008/09,50.0048,(R),October
Panama,2008/09,149.1609,(A),October
Sierra Leone,2008/09,86.2856,(R),October
Sri Lanka,2008/09,30.8644,(R),October
Thailand,2008/09,674.5626,(R/A),October
Togo,2008/09,137.7531,(R),October
Trinidad & Tobago,2008/09,11.4194,(R),October
Uganda,2008/09,3335.167,(R/A),October
Venezuela,2008/09,932.4219,(A),October
Vietnam,2008/09,18438.1201,(R/A),October
Yemen,2008/09,219.7968,(A),October
Angola,2009/10,13.42,(R/A),April
Bolivia,2009/10,142.4751,(A),April
Brazil,2009/10,43976.812,(A/R),April
Burundi,2009/10,111.613,(A),April
Ecuador,2009/10,813.2849,(A/R),April
Indonesia,2009/10,11379.6699,(R/A),April
Madagascar,2009/10,456.9613,(R),April
Malawi,2009/10,16.922,(A),April
Papua New Guinea,2009/10,1037.9942,(A/R),April
Paraguay,2009/10,20.0167,(A),April
Peru,2009/10,3286.0867,(A),April
Rwanda,2009/10,258.9411,(A),April
Timor-Leste,2009/10,46.9126,(A),April
Zimbabwe,2009/10,21.3683,(A),April
"Congo, Rep. of",2009/10,3.0,(R),July
Cuba,2009/10,92.103,(A),July 
Dominican Republic,2009/10,352.4645,(A),July
Haiti,2009/10,350.5835,(A),July
Philippines,2009/10,730.4181,(R/A),July 
Tanzania,2009/10,674.9343,(A/R),July 
Zambia,2009/10,28.217,(A),July 
Benin,2009/10,0.0,(R),October
Cameroon,2009/10,902.2813,(R/A),October
Central African Republic,2009/10,112.109,(R),October
Colombia,2009/10,8097.7801,(A),October
"Congo, Dem. Rep. of",2009/10,345.8372,(R/A),October
Costa Rica,2009/10,1476.7476,(A),October
Côte d'Ivoire,2009/10,1988.6994,(R),October
El Salvador,2009/10,1074.6297,(A),October
Equatorial Guinea,2009/10,0.0,(R),October
Ethiopia,2009/10,6931.199,(A),October
Gabon,2009/10,0.493,(R),October
Ghana,2009/10,36.9277,(R),October
Guatemala,2009/10,3834.7868,(A/R),October
Guinea,2009/10,499.2465,(R),October
Guyana,2009/10,9.1767,(R),October
Honduras,2009/10,3602.9169,(A),October
India,2009/10,4826.6521,(R/A),October
Jamaica,2009/10,25.0842,(A),October
Kenya,2009/10,629.74,(A),October
"Lao, People's Dem. Rep. of",2009/10,433.8689,(R),October
Liberia,2009/10,12.692,(R),October
Mexico,2009/10,4108.6243,(A),October
Nepal,2009/10,1.1083,(A),October
Nicaragua,2009/10,1871.1206,(A),October
Nigeria,2009/10,34.2687,(R),October
Panama,2009/10,137.7393,(A),October
Sierra Leone,2009/10,90.7017,(R),October
Sri Lanka,2009/10,31.5032,(R),October
Thailand,2009/10,794.7965,(R/A),October
Togo,2009/10,201.8831,(R),October
Trinidad & Tobago,2009/10,11.4069,(R),October
Uganda,2009/10,2893.876,(R/A),October
Venezuela,2009/10,1213.7061,(A),October
Vietnam,2009/10,17825.3453,(R/A),October
Yemen,2009/10,135.1816,(A),October
Angola,2010/11,34.97,(R/A),April
Bolivia,2010/11,129.7249,(A),April
Brazil,2010/11,53428.4102,(A/R),April
Burundi,2010/11,352.9776,(A),April
Ecuador,2010/11,853.9798,(A/R),April
Indonesia,2010/11,9128.5118,(R/A),April
Madagascar,2010/11,529.7233,(R),April
Malawi,2010/11,16.9285,(A),April
Papua New Guinea,2010/11,866.5184,(A/R),April
Paraguay,2010/11,20.1965,(A),April
Peru,2010/11,4068.823,(A),April
Rwanda,2010/11,322.9191,(A),April
Timor-Leste,2010/11,60.1017,(A),April
Zimbabwe,2010/11,10.0859,(A),April
"Congo, Rep. of",2010/11,3.0,(R),July
Cuba,2010/11,108.497,(A),July 
Dominican Republic,2010/11,378.1562,(A),July
Haiti,2010/11,349.5281,(A),July
Philippines,2010/11,189.0533,(R/A),July 
Tanzania,2010/11,845.9077,(A/R),July 
Zambia,2010/11,13.1783,(A),July 
Benin,2010/11,0.0,(R),October
Cameroon,2010/11,527.1347,(R/A),October
Central African Republic,2010/11,78.462,(R),October
Colombia,2010/11,8522.6874,(A),October
"Congo, Dem. Rep. of",2010/11,305.1575,(R/A),October
Costa Rica,2010/11,1613.6996,(A),October
Côte d'Ivoire,2010/11,836.724,(R),October
El Salvador,2010/11,1873.269,(A),October
Equatorial Guinea,2010/11,0.0,(R),October
Ethiopia,2010/11,7500.3848,(A),October
Gabon,2010/11,1.8323,(R),October
Ghana,2010/11,92.3075,(R),October
Guatemala,2010/11,3949.9335,(A/R),October
Guinea,2010/11,386.4609,(R),October
Guyana,2010/11,9.1433,(R),October
Honduras,2010/11,4330.6854,(A),October
India,2010/11,5032.9734,(R/A),October
Jamaica,2010/11,20.5548,(A),October
Kenya,2010/11,640.8736,(A),October
"Lao, People's Dem. Rep. of",2010/11,544.3616,(R),October
Liberia,2010/11,10.4386,(R),October
Mexico,2010/11,4001.4319,(A),October
Nepal,2010/11,3.0825,(A),October
Nicaragua,2010/11,1637.8216,(A),October
Nigeria,2010/11,42.0553,(R),October
Panama,2010/11,113.8499,(A),October
Sierra Leone,2010/11,32.9146,(R),October
Sri Lanka,2010/11,37.0877,(R),October
Thailand,2010/11,828.1734,(R/A),October
Togo,2010/11,160.2912,(R),October
Trinidad & Tobago,2010/11,10.3587,(R),October
Uganda,2010/11,3267.232,(R/A),October
Venezuela,2010/11,1202.1338,(A),October
Vietnam,2010/11,19999.9999,(R/A),October
Yemen,2010/11,161.1675,(A),October
Angola,2011/12,28.715,(R/A),April
Bolivia,2011/12,142.8354,(A),April
Brazil,2011/12,50591.8289,(A/R),April
Burundi,2011/12,204.1328,(A),April
Ecuador,2011/12,825.4144,(A/R),April
Indonesia,2011/12,6888.9233,(R/A),April
Madagascar,2011/12,584.8528,(R),April
Malawi,2011/12,25.8264,(A),April
Papua New Guinea,2011/12,1413.8545,(A/R),April
Paraguay,2011/12,20.0195,(A),April
Peru,2011/12,5372.5296,(A),April
Rwanda,2011/12,251.071,(A),April
Timor-Leste,2011/12,47.3531,(A),April
Zimbabwe,2011/12,8.8564,(A),April
"Congo, Rep. of",2011/12,3.0,(R),July
Cuba,2011/12,100.158,(A),July 
Dominican Republic,2011/12,490.5415,(A),July
Haiti,2011/12,349.1949,(A),July
Philippines,2011/12,179.6611,(R/A),July 
Tanzania,2011/12,641.0391,(A/R),July 
Zambia,2011/12,11.1889,(A),July 
Benin,2011/12,0.0,(R),October
Cameroon,2011/12,669.3245,(R/A),October
Central African Republic,2011/12,91.325,(R),October
Colombia,2011/12,7652.1286,(A),October
"Congo, Dem. Rep. of",2011/12,356.5382,(R/A),October
Costa Rica,2011/12,1830.8955,(A),October
Côte d'Ivoire,2011/12,2216.3419,(R),October
El Salvador,2011/12,1163.7647,(A),October
Equatorial Guinea,2011/12,0.0,(R),October
Ethiopia,2011/12,6798.4099,(A),October
Gabon,2011/12,0.782,(R),October
Ghana,2011/12,93.7062,(R),October
Guatemala,2011/12,3850.3876,(A/R),October
Guinea,2011/12,385.5106,(R),October
Guyana,2011/12,10.0809,(R),October
Honduras,2011/12,5882.1354,(A),October
India,2011/12,5232.5414,(R/A),October
Jamaica,2011/12,24.0073,(A),October
Kenya,2011/12,757.3153,(A),October
"Lao, People's Dem. Rep. of",2011/12,514.0001,(R),October
Liberia,2011/12,10.2354,(R),October
Mexico,2011/12,4561.0578,(A),October
Nepal,2011/12,2.0111,(A),October
Nicaragua,2011/12,2193.421,(A),October
Nigeria,2011/12,46.8796,(R),October
Panama,2011/12,105.6314,(A),October
Sierra Leone,2011/12,78.2979,(R),October
Sri Lanka,2011/12,35.6993,(R),October
Thailand,2011/12,831.2755,(R/A),October
Togo,2011/12,160.047,(R),October
Trinidad & Tobago,2011/12,11.1577,(R),October
Uganda,2011/12,3115.063,(R/A),October
Venezuela,2011/12,902.0717,(A),October
Vietnam,2011/12,26499.6111,(R/A),October
Yemen,2011/12,185.0677,(A),October
Angola,2012/13,32.79,(R/A),April
Bolivia,2012/13,114.7812,(A),April
Brazil,2012/13,55420.225,(A/R),April
Burundi,2012/13,405.9615,(A),April
Ecuador,2012/13,828.1024,(A/R),April
Indonesia,2012/13,13070.0386,(R/A),April
Madagascar,2012/13,499.7094,(R),April
Malawi,2012/13,22.8262,(A),April
Papua New Guinea,2012/13,716.488,(A/R),April
Paraguay,2012/13,20.0065,(A),April
Peru,2012/13,4450.0478,(A),April
Rwanda,2012/13,258.5591,(A),April
Timor-Leste,2012/13,60.7483,(A),April
Zimbabwe,2012/13,7.3208,(A),April
"Congo, Rep. of",2012/13,3.0,(R),July
Cuba,2012/13,88.142,(A),July 
Dominican Republic,2012/13,488.4307,(A),July
Haiti,2012/13,349.7319,(A),July
Philippines,2012/13,177.4616,(R/A),July 
Tanzania,2012/13,1151.1215,(A/R),July 
Zambia,2012/13,5.3695,(A),July 
Benin,2012/13,0.0,(R),October
Cameroon,2012/13,371.0197,(R/A),October
Central African Republic,2012/13,22.89,(R),October
Colombia,2012/13,9926.7855,(A),October
"Congo, Dem. Rep. of",2012/13,334.0453,(R/A),October
Costa Rica,2012/13,1822.6906,(A),October
Côte d'Ivoire,2012/13,1993.8367,(R),October
El Salvador,2012/13,1239.5852,(A),October
Equatorial Guinea,2012/13,0.0,(R),October
Ethiopia,2012/13,6233.0066,(A),October
Gabon,2012/13,0.751,(R),October
Ghana,2012/13,82.0067,(R),October
Guatemala,2012/13,3762.9331,(A/R),October
Guinea,2012/13,233.5545,(R),October
Guyana,2012/13,9.9779,(R),October
Honduras,2012/13,4685.9958,(A),October
India,2012/13,5303.4408,(R/A),October
Jamaica,2012/13,23.7159,(A),October
Kenya,2012/13,875.4455,(A),October
"Lao, People's Dem. Rep. of",2012/13,541.4914,(R),October
Liberia,2012/13,10.1213,(R),October
Mexico,2012/13,4326.9422,(A),October
Nepal,2012/13,1.2073,(A),October
Nicaragua,2012/13,1873.4749,(A),October
Nigeria,2012/13,40.7637,(R),October
Panama,2012/13,115.5198,(A),October
Sierra Leone,2012/13,61.1833,(R),October
Sri Lanka,2012/13,35.2484,(R),October
Thailand,2012/13,608.0946,(R/A),October
Togo,2012/13,84.0589,(R),October
Trinidad & Tobago,2012/13,12.2272,(R),October
Uganda,2012/13,3913.502,(R/A),October
Venezuela,2012/13,952.4201,(A),October
Vietnam,2012/13,23402.1057,(R/A),October
Yemen,2012/13,187.5251,(A),October
Angola,2013/14,34.935,(R/A),April
Bolivia,2013/14,127.9122,(A),April
Brazil,2013/14,54698.0833,(A/R),April
Burundi,2013/14,163.2177,(A),April
Ecuador,2013/14,665.545,(A/R),April
Indonesia,2013/14,12817.9493,(R/A),April
Madagascar,2013/14,584.4758,(R),April
Malawi,2013/14,27.7944,(A),April
Papua New Guinea,2013/14,835.3594,(A/R),April
Paraguay,2013/14,20.0069,(A),April
Peru,2013/14,4106.2383,(A),April
Rwanda,2013/14,257.7282,(A),April
Timor-Leste,2013/14,80.2182,(A),April
Zimbabwe,2013/14,8.6415,(A),April
"Congo, Rep. of",2013/14,3.0,(R),July
Cuba,2013/14,106.685,(A),July 
Dominican Republic,2013/14,425.3936,(A),July
Haiti,2013/14,345.2098,(A),July
Philippines,2013/14,185.682,(R/A),July 
Tanzania,2013/14,810.9352,(A/R),July 
Zambia,2013/14,10.7527,(A),July 
Benin,2013/14,0.0,(R),October
Cameroon,2013/14,403.8311,(R/A),October
Central African Republic,2013/14,90.104,(R),October
Colombia,2013/14,12163.1252,(A),October
"Congo, Dem. Rep. of",2013/14,347.087,(R/A),October
Costa Rica,2013/14,1552.0761,(A),October
Côte d'Ivoire,2013/14,2597.7673,(R),October
El Salvador,2013/14,514.9996,(A),October
Equatorial Guinea,2013/14,0.0,(R),October
Ethiopia,2013/14,6427.4439,(A),October
Gabon,2013/14,0.383,(R),October
Ghana,2013/14,44.7367,(R),October
Guatemala,2013/14,3189.3714,(A/R),October
Guinea,2013/14,101.1902,(R),October
Guyana,2013/14,1.6819,(R),October
Honduras,2013/14,4583.0246,(A),October
India,2013/14,5075.3312,(R/A),October
Jamaica,2013/14,19.8292,(A),October
Kenya,2013/14,837.9501,(A),October
"Lao, People's Dem. Rep. of",2013/14,538.0728,(R),October
Liberia,2013/14,5.939,(R),October
Mexico,2013/14,3916.4766,(A),October
Nepal,2013/14,0.9054,(A),October
Nicaragua,2013/14,2059.8628,(A),October
Nigeria,2013/14,40.8582,(R),October
Panama,2013/14,113.4685,(A),October
Sierra Leone,2013/14,31.7346,(R),October
Sri Lanka,2013/14,37.0825,(R),October
Thailand,2013/14,638.0038,(R/A),October
Togo,2013/14,171.5059,(R),October
Trinidad & Tobago,2013/14,12.2242,(R),October
Uganda,2013/14,3632.867,(R/A),October
Venezuela,2013/14,803.7688,(A),October
Vietnam,2013/14,27609.7814,(R/A),October
Yemen,2013/14,187.2981,(A),October
Angola,2014/15,39.405,(R/A),April
Bolivia,2014/15,106.3766,(A),April
Brazil,2014/15,52298.9787,(A/R),April
Burundi,2014/15,247.55,(A),April
Ecuador,2014/15,644.0112,(A/R),April
Indonesia,2014/15,10862.2773,(R/A),April
Madagascar,2014/15,501.4544,(R),April
Malawi,2014/15,24.7098,(A),April
Papua New Guinea,2014/15,797.5642,(A/R),April
Paraguay,2014/15,20.0725,(A),April
Peru,2014/15,2883.229,(A),April
Rwanda,2014/15,238.3438,(A),April
Timor-Leste,2014/15,110.9242,(A),April
Zimbabwe,2014/15,15.0124,(A),April
"Congo, Rep. of",2014/15,3.0,(R),July
Cuba,2014/15,101.421,(A),July 
Dominican Republic,2014/15,396.9541,(A),July
Haiti,2014/15,343.2067,(A),July
Philippines,2014/15,193.2142,(R/A),July 
Tanzania,2014/15,752.6685,(A/R),July 
Zambia,2014/15,2.6111,(A),July 
Benin,2014/15,0.0,(R),October
Cameroon,2014/15,483.1051,(R/A),October
Central African Republic,2014/15,62.614,(R),October
Colombia,2014/15,13339.4695,(A),October
"Congo, Dem. Rep. of",2014/15,334.871,(R/A),October
Costa Rica,2014/15,1475.0612,(A),October
Côte d'Ivoire,2014/15,1728.0433,(R),October
El Salvador,2014/15,664.9995,(A),October
Equatorial Guinea,2014/15,0.0,(R),October
Ethiopia,2014/15,6575.2618,(A),October
Gabon,2014/15,0.517,(R),October
Ghana,2014/15,18.6847,(R),October
Guatemala,2014/15,3310.0759,(A/R),October
Guinea,2014/15,165.1077,(R),October
Guyana,2014/15,8.5834,(R),October
Honduras,2014/15,5268.2161,(A),October
India,2014/15,5449.867,(R/A),October
Jamaica,2014/15,21.0512,(A),October
Kenya,2014/15,764.7629,(A),October
"Lao, People's Dem. Rep. of",2014/15,498.5298,(R),October
Liberia,2014/15,7.0733,(R),October
Mexico,2014/15,3591.2,(A),October
Nepal,2014/15,2.1378,(A),October
Nicaragua,2014/15,1897.6828,(A),October
Nigeria,2014/15,42.7982,(R),October
Panama,2014/15,106.2169,(A),October
Sierra Leone,2014/15,46.4478,(R),October
Sri Lanka,2014/15,35.7018,(R),October
Thailand,2014/15,844.8871,(R/A),October
Togo,2014/15,143.2417,(R),October
Trinidad & Tobago,2014/15,12.0013,(R),October
Uganda,2014/15,3744.477,(R/A),October
Venezuela,2014/15,650.3983,(A),October
Vietnam,2014/15,26499.8404,(R/A),October
Yemen,2014/15,183.3814,(A),October
Angola,2015/16,40.515,(R/A),April
Bolivia,2015/16,89.2191,(A),April
Brazil,2015/16,52425.6396,(A/R),April
Burundi,2015/16,274.1017,(A),April
Ecuador,2015/16,644.4926,(A/R),April
Indonesia,2015/16,12535.4751,(R/A),April
Madagascar,2015/16,425.2061,(R),April
Malawi,2015/16,21.2015,(A),April
Papua New Guinea,2015/16,711.9818,(A/R),April
Paraguay,2015/16,20.0,(A),April
Peru,2015/16,3303.5542,(A),April
Rwanda,2015/16,292.6292,(A),April
Timor-Leste,2015/16,59.1588,(A),April
Zimbabwe,2015/16,14.2836,(A),April
"Congo, Rep. of",2015/16,3.0,(R),July
Cuba,2015/16,99.8181,(A),July 
Dominican Republic,2015/16,399.9543,(A),July
Haiti,2015/16,340.8647,(A),July
Philippines,2015/16,208.0726,(R/A),July 
Tanzania,2015/16,930.172,(A/R),July 
Zambia,2015/16,3.689,(A),July 
Benin,2015/16,0.0,(R),October
Cameroon,2015/16,390.8379,(R/A),October
Central African Republic,2015/16,100.068,(R),October
Colombia,2015/16,14009.1524,(A),October
"Congo, Dem. Rep. of",2015/16,370.6123,(R/A),October
Costa Rica,2015/16,1440.1724,(A),October
Côte d'Ivoire,2015/16,1289.0845,(R),October
El Salvador,2015/16,565.0,(A),October
Equatorial Guinea,2015/16,0.0,(R),October
Ethiopia,2015/16,6713.9754,(A),October
Gabon,2015/16,0.741,(R),October
Ghana,2015/16,9.3777,(R),October
Guatemala,2015/16,3409.781,(A/R),October
Guinea,2015/16,286.4455,(R),October
Guyana,2015/16,10.9693,(R),October
Honduras,2015/16,5785.776,(A),October
India,2015/16,5800.3381,(R/A),October
Jamaica,2015/16,20.0121,(A),October
Kenya,2015/16,789.1671,(A),October
"Lao, People's Dem. Rep. of",2015/16,515.6519,(R),October
Liberia,2015/16,10.0467,(R),October
Mexico,2015/16,2903.395,(A),October
Nepal,2015/16,1.6763,(A),October
Nicaragua,2015/16,2133.4314,(A),October
Nigeria,2015/16,41.2782,(R),October
Panama,2015/16,127.0784,(A),October
Sierra Leone,2015/16,45.9276,(R),October
Sri Lanka,2015/16,36.1933,(R),October
Thailand,2015/16,761.9808,(R/A),October
Togo,2015/16,80.9232,(R),October
Trinidad & Tobago,2015/16,11.7897,(R),October
Uganda,2015/16,3649.567,(R/A),October
Venezuela,2015/16,500.1259,(A),October
Vietnam,2015/16,28736.5941,(R/A),October
Yemen,2015/16,171.246,(A),October
Angola,2016/17,44.83,(R/A),April
Bolivia,2016/17,80.9835,(A),April
Brazil,2016/17,56763.7634,(A/R),April
Burundi,2016/17,248.7933,(A),April
Ecuador,2016/17,644.8845,(A/R),April
Indonesia,2016/17,11491.0266,(R/A),April
Madagascar,2016/17,420.8227,(R),April
Malawi,2016/17,19.516,(A),April
Papua New Guinea,2016/17,1171.1449,(A/R),April
Paraguay,2016/17,20.0101,(A),April
Peru,2016/17,4222.8784,(A),April
Rwanda,2016/17,231.0905,(A),April
Timor-Leste,2016/17,82.0206,(A),April
Zimbabwe,2016/17,15.1183,(A),April
"Congo, Rep. of",2016/17,3.0,(R),July
Cuba,2016/17,102.6,(A),July 
Dominican Republic,2016/17,412.2085,(A),July
Haiti,2016/17,341.5781,(A),July
Philippines,2016/17,214.6417,(R/A),July 
Tanzania,2016/17,846.0919,(A/R),July 
Zambia,2016/17,13.3181,(A),July 
Benin,2016/17,0.0,(R),October
Cameroon,2016/17,291.8761,(R/A),October
Central African Republic,2016/17,36.5467,(R),October
Colombia,2016/17,14634.0003,(A),October
"Congo, Dem. Rep. of",2016/17,323.927,(R/A),October
Costa Rica,2016/17,1371.8963,(A),October
Côte d'Ivoire,2016/17,817.4045,(R),October
El Salvador,2016/17,609.9996,(A),October
Equatorial Guinea,2016/17,0.0,(R),October
Ethiopia,2016/17,7296.9796,(A),October
Gabon,2016/17,0.5,(R),October
Ghana,2016/17,7.8839,(R),October
Guatemala,2016/17,3684.209,(A/R),October
Guinea,2016/17,269.9426,(R),October
Guyana,2016/17,10.0482,(R),October
Honduras,2016/17,7456.8976,(A),October
India,2016/17,5199.9436,(R/A),October
Jamaica,2016/17,18.0447,(A),October
Kenya,2016/17,782.7675,(A),October
"Lao, People's Dem. Rep. of",2016/17,464.5497,(R),October
Liberia,2016/17,12.0867,(R),October
Mexico,2016/17,3780.715,(A),October
Nepal,2016/17,1.4328,(A),October
Nicaragua,2016/17,2574.74,(A),October
Nigeria,2016/17,43.3182,(R),October
Panama,2016/17,120.1902,(A),October
Sierra Leone,2016/17,37.9217,(R),October
Sri Lanka,2016/17,36.7161,(R),October
Thailand,2016/17,537.5435,(R/A),October
Togo,2016/17,21.9932,(R),October
Trinidad & Tobago,2016/17,11.7911,(R),October
Uganda,2016/17,4962.158,(R/A),October
Venezuela,2016/17,525.0,(A),October
Vietnam,2016/17,25540.2932,(R/A),October
Yemen,2016/17,173.4533,(A),October
Angola,2017/18,35.006,(R/A),April
Bolivia,2017/18,85.3112,(A),April
Brazil,2017/18,51000.1728,(A/R),April
Burundi,2017/18,175.8033,(A),April
Ecuador,2017/18,623.5744,(A/R),April
Indonesia,2017/18,10902.3153,(R/A),April
Madagascar,2017/18,406.6854,(R),April
Malawi,2017/18,11.7396,(A),April
Papua New Guinea,2017/18,733.9382,(A/R),April
Paraguay,2017/18,20.0024,(A),April
Peru,2017/18,4279.6122,(A),April
Rwanda,2017/18,244.5804,(A),April
Timor-Leste,2017/18,73.2951,(A),April
Zimbabwe,2017/18,6.3854,(A),April
"Congo, Rep. of",2017/18,3.0,(R),July
Cuba,2017/18,100.0,(A),July 
Dominican Republic,2017/18,400.0,(A),July
Haiti,2017/18,340.0,(A),July
Philippines,2017/18,200.0,(R/A),July 
Tanzania,2017/18,750.0,(A/R),July 
Zambia,2017/18,12.0,(A),July 
Benin,2017/18,0.0,(R),October
Cameroon,2017/18,375.0,(R/A),October
Central African Republic,2017/18,50.0,(R),October
Colombia,2017/18,14000.0,(A),October
"Congo, Dem. Rep. of",2017/18,335.0,(R/A),October
Costa Rica,2017/18,1560.439,(A),October
Côte d'Ivoire,2017/18,1300.0,(R),October
El Salvador,2017/18,740.0,(A),October
Equatorial Guinea,2017/18,0.0,(R),October
Ethiopia,2017/18,7650.0,(A),October
Gabon,2017/18,0.5,(R),October
Ghana,2017/18,16.0,(R),October
Guatemala,2017/18,3800.0,(A/R),October
Guinea,2017/18,215.0,(R),October
Guyana,2017/18,10.0,(R),October
Honduras,2017/18,8349.0,(A),October
India,2017/18,5840.0,(R/A),October
Jamaica,2017/18,17.0,(A),October
Kenya,2017/18,790.0,(A),October
"Lao, People's Dem. Rep. of",2017/18,475.0,(R),October
Liberia,2017/18,12.0,(R),October
Mexico,2017/18,4000.0,(A),October
Nepal,2017/18,2.0,(A),October
Nicaragua,2017/18,2500.0,(A),October
Nigeria,2017/18,42.0,(R),October
Panama,2017/18,106.0,(A),October
Sierra Leone,2017/18,43.0,(R),October
Sri Lanka,2017/18,37.0,(R),October
Thailand,2017/18,500.0,(R/A),October
Togo,2017/18,55.0,(R),October
Trinidad & Tobago,2017/18,12.0,(R),October
Uganda,2017/18,5100.0,(R/A),October
Venezuela,2017/18,550.0,(A),October
Vietnam,2017/18,29500.0,(R/A),October
Yemen,2017/18,175.0,(A),October
Angola,2018/19,40.0,(R/A),April
Bolivia,2018/19,90.0,(A),April
Brazil,2018/19,60000.0,(A/R),April
Burundi,2018/19,200.0,(A),April
Ecuador,2018/19,640.0,(A/R),April
Indonesia,2018/19,11500.0,(R/A),April
Madagascar,2018/19,400.0,(R),April
Malawi,2018/19,12.0,(A),April
Papua New Guinea,2018/19,800.0,(A/R),April
Paraguay,2018/19,20.0,(A),April
Peru,2018/19,4300.0,(A),April
Rwanda,2018/19,270.0,(A),April
Timor-Leste,2018/19,80.0,(A),April
Zimbabwe,2018/19,8.0,(A),April
"Congo, Rep. of",2018/19,,(R),July
Cuba,2018/19,,(A),July 
Dominican Republic,2018/19,,(A),July
Haiti,2018/19,,(A),July
Philippines,2018/19,,(R/A),July 
Tanzania,2018/19,,(A/R),July 
Zambia,2018/19,,(A),July 
Benin,2018/19,,(R),October
Cameroon,2018/19,,(R/A),October
Central African Republic,2018/19,,(R),October
Colombia,2018/19,,(A),October
"Congo, Dem. Rep. of",2018/19,,(R/A),October
Costa Rica,2018/19,,(A),October
Côte d'Ivoire,2018/19,,(R),October
El Salvador,2018/19,,(A),October
Equatorial Guinea,2018/19,,(R),October
Ethiopia,2018/19,,(A),October
Gabon,2018/19,,(R),October
Ghana,2018/19,,(R),October
Guatemala,2018/19,,(A/R),October
Guinea,2018/19,,(R),October
Guyana,2018/19,,(R),October
Honduras,2018/19,,(A),October
India,2018/19,,(R/A),October
Jamaica,2018/19,,(A),October
Kenya,2018/19,,(A),October
"Lao, People's Dem. Rep. of",2018/19,,(R),October
Liberia,2018/19,,(R),October
Mexico,2018/19,,(A),October
Nepal,2018/19,,(A),October
Nicaragua,2018/19,,(A),October
Nigeria,2018/19,,(R),October
Panama,2018/19,,(A),October
Sierra Leone,2018/19,,(R),October
Sri Lanka,2018/19,,(R),October
Thailand,2018/19,,(R/A),October
Togo,2018/19,,(R),October
Trinidad & Tobago,2018/19,,(R),October
Uganda,2018/19,,(R/A),October
Venezuela,2018/19,,(A),October
Vietnam,2018/19,,(R/A),October
Yemen,2018/19,,(A),October
